DATE,AWHMAN,3m growth rate,12m growth rate
1939-01-01,37.1,,
1939-02-01,37.2,,
1939-03-01,37.3,,
1939-04-01,37.3,2.173833646670431,
1939-05-01,37.0,-2.133256666872707,
1939-06-01,37.4,1.0767063164747626,
1939-07-01,37.3,0.0,
1939-08-01,38.1,12.432794839931097,
1939-09-01,38.1,7.699452096429238,
1939-10-01,39.1,20.745707995989918,
1939-11-01,38.5,4.266072622515416,
1939-12-01,38.4,3.187002033995378,
1940-01-01,37.9,-11.722543752627912,2.156334231805923
1940-02-01,37.3,-11.89665262359525,0.2688172043010528
1940-03-01,37.4,-10.016783887957336,0.2680965147453085
1940-04-01,37.4,-5.173533260063856,0.2680965147453085
1940-05-01,37.5,2.162084041347168,1.3513513513513598
1940-06-01,37.6,2.1562567387431564,0.5347593582887722
1940-07-01,38.0,6.573192989345666,1.8766756032171594
1940-08-01,38.4,9.95116277760002,0.7874015748031482
1940-09-01,39.0,15.746281701739283,2.3622047244094446
1940-10-01,39.3,14.402579021224504,0.5115089514066362
1940-11-01,38.6,2.0996659626196124,0.25974025974027093
1940-12-01,39.6,6.297320121844452,3.125
1941-01-01,39.4,1.0217030764793966,3.95778364116095
1941-02-01,40.1,16.47380726159515,7.506702412868638
1941-03-01,40.4,8.328995661766236,8.02139037433156
1941-04-01,40.5,11.643953080998282,8.288770053475947
1941-05-01,40.8,7.167515362393995,8.799999999999986
1941-06-01,41.4,10.274704844256766,10.106382978723394
1941-07-01,41.1,6.058918600559626,8.15789473684212
1941-08-01,41.2,3.979616607104575,7.291666666666674
1941-09-01,41.3,-0.9626885434906972,5.897435897435899
1941-10-01,41.2,0.9767937309630436,4.834605597964381
1941-11-01,40.4,-7.543681510587241,4.663212435233155
1941-12-01,40.9,-3.8181723254886,3.282828282828265
1942-01-01,42.1,9.028369970205908,6.852791878172604
1942-02-01,42.4,21.32155439224188,5.735660847880286
1942-03-01,42.7,18.80049988802892,5.693069306930698
1942-04-01,42.8,6.818553525363957,5.679012345679002
1942-05-01,43.1,6.769117793568524,5.6372549019607865
1942-06-01,43.0,2.840060205262107,3.864734299516903
1942-07-01,43.5,6.704307534782861,5.8394160583941535
1942-08-01,43.3,1.8691083338654435,5.097087378640763
1942-09-01,43.2,1.873485400290953,4.600484261501214
1942-10-01,43.7,1.851802694027671,6.067961165048552
1942-11-01,44.2,8.576913528334185,9.405940594059414
1942-12-01,44.2,9.585751480482418,8.068459657701732
1943-01-01,44.6,8.495989990647823,5.938242280285033
1943-02-01,44.5,2.742698121712328,4.952830188679247
1943-03-01,44.7,4.602247302919604,4.683840749414525
1943-04-01,45.1,4.560278820337693,5.3738317757009435
1943-05-01,45.4,8.338637011068805,5.336426914153125
1943-06-01,45.3,5.47820136835695,5.348837209302326
1943-07-01,45.4,2.687420349987124,4.367816091954024
1943-08-01,45.4,0.0,4.849884526558901
1943-09-01,45.6,2.67543762959499,5.555555555555558
1943-10-01,45.6,1.773792700327825,4.347826086956519
1943-11-01,45.7,2.6694862497066207,3.393665158371051
1943-12-01,44.6,-8.48757494522545,0.9049773755656076
1944-01-01,45.4,-1.7428776635560197,1.7937219730941534
1944-02-01,45.4,-2.600077537364931,2.0224719101123556
1944-03-01,45.2,5.49073163297269,1.118568232662187
1944-04-01,45.2,-1.750504767681904,0.22172949002217113
1944-05-01,45.3,-0.8781505587732497,-0.22026431718061845
1944-06-01,45.5,2.681415603473769,0.44150110375276164
1944-07-01,45.4,1.781693395515882,0.0
1944-08-01,45.4,0.885930361190379,0.0
1944-09-01,45.2,-2.611393296162423,-0.877192982456132
1944-10-01,45.6,1.773792700327825,0.0
1944-11-01,45.4,0.0,-0.6564551422319598
1944-12-01,45.4,1.781693395515882,1.7937219730941534
1945-01-01,45.5,-0.874311695483565,0.22026431718062955
1945-02-01,45.5,0.8839725278117383,0.22026431718062955
1945-03-01,45.3,-0.8781505587732497,0.22123893805308104
1945-04-01,45.0,-4.323678725825286,-0.4424778761062065
1945-05-01,44.3,-10.13939912907862,-2.207505518763797
1945-06-01,44.8,-4.342451211732401,-1.538461538461544
1945-07-01,44.7,-2.640118320987628,-1.541850220264307
1945-08-01,40.9,-27.342855250425547,-9.911894273127754
1945-09-01,41.5,-26.36567146914144,-8.185840707964608
1945-10-01,41.5,-25.704536862226647,-8.991228070175438
1945-11-01,41.2,2.9664244850849952,-9.251101321585898
1945-12-01,41.1,-3.8000379625734992,-9.471365638766516
1946-01-01,40.9,-5.658919670588436,-10.109890109890118
1946-02-01,40.4,-7.543681510587241,-11.208791208791213
1946-03-01,40.6,-4.778099138092795,-10.375275938189832
1946-04-01,40.4,-4.801034640909174,-10.222222222222221
1946-05-01,39.8,-5.809559524472718,-10.158013544018063
1946-06-01,40.0,-5.781576971327596,-10.71428571428571
1946-07-01,40.2,-1.965542048506963,-10.067114093959727
1946-08-01,40.6,8.285883933850258,-0.7334963325183352
1946-09-01,40.4,4.060401000000002,-2.6506024096385583
1946-10-01,40.4,2.004950187493759,-2.6506024096385583
1946-11-01,40.3,-2.92306627099348,-2.184466019417486
1946-12-01,40.5,0.9937811900285308,-1.4598540145985384
1947-01-01,40.5,0.9937811900285308,-0.9779951100244433
1947-02-01,40.4,0.9962563230582644,0.0
1947-03-01,40.3,-1.9607248375550057,-0.7389162561576512
1947-04-01,40.5,0.0,0.24752475247524774
1947-05-01,40.4,0.0,1.5075376884422065
1947-06-01,40.4,0.9962563230582644,1.0000000000000009
1947-07-01,40.4,-0.9840023596687232,0.4975124378109319
1947-08-01,40.0,-3.901965551718378,-1.4778325123152691
1947-09-01,40.5,0.9937811900285308,0.24752475247524774
1947-10-01,40.5,0.9937811900285308,0.24752475247524774
1947-11-01,40.5,5.094533691406222,0.496277915632759
1947-12-01,40.8,2.996047651573708,0.7407407407407307
1948-01-01,40.5,0.0,0.0
1948-02-01,40.2,-2.930203428038069,-0.4950495049504844
1948-03-01,40.4,-3.864274505665077,0.24813895781639062
1948-04-01,40.1,-3.89247403629186,-0.987654320987652
1948-05-01,40.2,0.0,-0.4950495049504844
1948-06-01,40.3,-0.9864289621503096,-0.24752475247524774
1948-07-01,40.2,1.0012437617186398,-0.4950495049504844
1948-08-01,40.2,0.0,0.5000000000000115
1948-09-01,40.1,-1.9703829873650824,-0.987654320987652
1948-10-01,39.8,-3.921088111557447,-1.728395061728405
1948-11-01,39.8,-3.921088111557447,-1.728395061728405
1948-12-01,39.6,-4.895021172754688,-2.941176470588225
1949-01-01,39.4,-3.959901012575162,-2.716049382716057
1949-02-01,39.4,-3.959901012575162,-1.9900497512437942
1949-03-01,39.1,-4.95565416838839,-3.2178217821782096
1949-04-01,38.8,-5.953634817195819,-3.2418952618453956
1949-05-01,38.9,-4.980329955297114,-3.2338308457711573
1949-06-01,39.0,-1.019099969020365,-3.2258064516129004
1949-07-01,39.2,4.187919474913704,-2.487562189054726
1949-08-01,39.2,3.1207024604962053,-2.487562189054726
1949-09-01,39.4,4.166113144878114,-1.7456359102244412
1949-10-01,39.6,4.144532699394099,-0.5025125628140614
1949-11-01,39.1,-1.0165101764720297,-1.7587939698492372
1949-12-01,39.4,0.0,-0.5050505050505083
1950-01-01,39.6,0.0,0.5076142131979822
1950-02-01,39.7,6.2808447065702655,0.7614213197969733
1950-03-01,39.7,3.080647938275538,1.534526854219953
1950-04-01,40.3,7.260407074152009,3.8659793814433074
1950-05-01,40.3,6.183774115246399,3.5989717223650297
1950-06-01,40.6,9.381054836014858,4.10256410256411
1950-07-01,40.9,6.089657531570891,4.336734693877542
1950-08-01,41.3,10.30114533754598,5.357142857142838
1950-09-01,40.8,1.9850511507195636,3.5532994923857864
1950-10-01,41.1,1.970384165121164,3.7878787878787845
1950-11-01,41.0,-2.8740632977443115,4.859335038363177
1950-12-01,40.9,0.9840024329157426,3.8071065989847774
1951-01-01,41.0,-0.969689811474106,3.535353535353525
1951-02-01,40.9,-0.972046252319292,3.0226700251889005
1951-03-01,41.0,0.9815877391509576,3.2745591939546514
1951-04-01,41.0,0.0,1.7369727047146455
1951-05-01,41.0,0.9815877391509576,1.7369727047146455
1951-06-01,40.9,-0.972046252319292,0.738916256157629
1951-07-01,40.6,-3.845700694432408,-0.7334963325183352
1951-08-01,40.4,-5.726412615928956,-2.1791767554479424
1951-09-01,40.4,-4.801034640909174,-0.9803921568627416
1951-10-01,40.3,-2.92306627099348,-1.946472019464729
1951-11-01,40.4,0.0,-1.4634146341463428
1951-12-01,40.7,3.003546112518096,-0.4889975550122161
1952-01-01,40.8,5.055904871711525,-0.487804878048792
1952-02-01,40.8,4.019602999607885,-0.24449877750611915
1952-03-01,40.6,-0.9791847955454068,-0.9756097560975618
1952-04-01,40.3,-4.812585144914516,-1.7073170731707332
1952-05-01,40.5,-2.9088957488049294,-1.2195121951219523
1952-06-01,40.6,0.0,-0.7334963325183352
1952-07-01,40.2,-0.9888675623893728,-0.9852216748768461
1952-08-01,40.7,1.9899887882285583,0.7425742574257432
1952-09-01,41.1,5.017857336225751,1.7326732673267342
1952-10-01,41.2,10.327722165548291,2.2332506203474045
1952-11-01,41.2,5.005301736965895,1.980198019801982
1952-12-01,41.2,0.9767937309630436,1.228501228501222
1953-01-01,41.1,-0.9673447679132364,0.7352941176470784
1953-02-01,41.0,-1.9276543357310996,0.4901960784313708
1953-03-01,41.2,0.0,1.4778325123152802
1953-04-01,40.9,-1.9323102303218764,1.488833746898277
1953-05-01,41.0,0.0,1.2345679012345734
1953-06-01,40.9,-2.8809628963222367,0.738916256157629
1953-07-01,40.7,-1.9416898177087027,1.243781094527363
1953-08-01,40.7,-2.8948619469232884,0.0
1953-09-01,40.1,-7.597385745672113,-2.4330900243308973
1953-10-01,40.1,-5.767686509638392,-2.669902912621358
1953-11-01,40.0,-6.704149444227026,-2.912621359223311
1953-12-01,39.7,-3.930719841269692,-3.6407766990291246
1954-01-01,39.5,-5.852044796870048,-3.8929440389294467
1954-02-01,39.7,-2.966418433593732,-3.170731707317065
1954-03-01,39.6,-1.0037561745978918,-3.8834951456310662
1954-04-01,39.7,2.040750594587992,-2.933985330073341
1954-05-01,39.7,0.0,-3.170731707317065
1954-06-01,39.7,1.0139335956707465,-2.933985330073341
1954-07-01,39.7,0.0,-2.457002457002455
1954-08-01,39.8,1.0113699610501126,-2.211302211302224
1954-09-01,39.9,2.0303921134269043,-0.4987531172069848
1954-10-01,39.7,0.0,-0.9975062344139585
1954-11-01,40.1,3.0493370547048704,0.24999999999999467
1954-12-01,40.1,2.020138253530579,1.0075566750629594
1955-01-01,40.4,7.241636678931407,2.278481012658218
1955-02-01,40.6,5.081592010985481,2.267002518891692
1955-03-01,40.7,6.120709866927232,2.77777777777779
1955-04-01,40.8,4.019602999607885,2.7707808564231495
1955-05-01,41.1,5.017857336225751,3.5264483627204024
1955-06-01,40.8,0.986429036122516,2.7707808564231495
1955-07-01,40.7,-0.9767936598388705,2.5188916876574208
1955-08-01,40.7,-3.836480577041868,2.261306532663321
1955-09-01,40.7,-0.9767936598388705,2.0050125313283207
1955-10-01,41.0,2.9811624852858154,3.2745591939546514
1955-11-01,41.1,3.989538444581808,2.493765586034913
1955-12-01,40.9,1.9801379547527365,1.995012468827917
1956-01-01,40.8,-1.936988669600903,0.990099009900991
1956-02-01,40.7,-3.836480577041868,0.24630541871921707
1956-03-01,40.6,-2.9018618817824526,-0.24570024570025328
1956-04-01,40.5,-2.9088957488049294,-0.7352941176470562
1956-05-01,40.4,-2.9159637953019235,-1.7031630170316392
1956-06-01,40.3,-2.92306627099348,-1.225490196078427
1956-07-01,40.3,-1.9607248375550057,-0.982800982801002
1956-08-01,40.3,-0.9864289621503096,-0.982800982801002
1956-09-01,40.5,1.999938121029765,-0.49140049140049546
1956-10-01,40.6,3.011082199148696,-0.9756097560975618
1956-11-01,40.4,0.9962563230582644,-1.7031630170316392
1956-12-01,40.6,0.9913183250357172,-0.7334963325183352
1957-01-01,40.4,-1.9559311804872024,-0.9803921568627416
1957-02-01,40.5,0.9937811900285308,-0.49140049140049546
1957-03-01,40.4,-1.9559311804872024,-0.49261083743843415
1957-04-01,40.0,-3.901965551718378,-1.2345679012345734
1957-05-01,40.0,-4.847572478284723,-0.990099009900991
1957-06-01,40.0,-3.901965551718378,-0.7444168734491274
1957-07-01,40.0,0.0,-0.7444168734491274
1957-08-01,40.0,0.0,-0.7444168734491274
1957-09-01,39.7,-2.966418433593732,-1.975308641975304
1957-10-01,39.4,-5.866344937500001,-2.9556650246305494
1957-11-01,39.2,-7.763183999999967,-2.970297029702962
1957-12-01,39.1,-5.909667658279338,-3.6945812807881784
1958-01-01,38.9,-4.980329955297114,-3.712871287128716
1958-02-01,38.7,-5.005252657023362,-4.444444444444439
1958-03-01,38.8,-3.0339124449800803,-3.960396039603964
1958-04-01,38.9,0.0,-2.750000000000008
1958-05-01,38.9,2.083263421782644,-2.750000000000008
1958-06-01,39.1,3.128838670796741,-2.2499999999999964
1958-07-01,39.3,4.176987853274916,-1.750000000000007
1958-08-01,39.5,6.313882173833196,-1.2499999999999956
1958-09-01,39.5,4.155294906471552,-0.5037783375314908
1958-10-01,39.6,3.08857638029727,0.5076142131979822
1958-11-01,39.9,4.112577947142171,1.7857142857142794
1958-12-01,39.9,4.112577947142171,2.0460358056265893
1959-01-01,40.2,6.199743701308935,3.3419023136247006
1959-02-01,40.3,4.0707302165439385,4.134366925064592
1959-03-01,40.4,5.107541446779096,4.123711340206193
1959-04-01,40.5,3.0186561953550406,4.113110539845755
1959-05-01,40.7,4.029725453638289,4.6272493573264795
1959-06-01,40.6,1.9949510501117595,3.8363171355498826
1959-07-01,40.3,-1.9607248375550057,2.5445292620865034
1959-08-01,40.4,-2.9159637953019235,2.278481012658218
1959-09-01,40.4,-1.9559311804872024,2.278481012658218
1959-10-01,40.1,-1.9703829873650824,1.262626262626254
1959-11-01,39.9,-4.8593482222827,0.0
1959-12-01,40.3,-0.9864289621503096,1.0025062656641603
1960-01-01,40.6,5.081592010985481,0.995024875621886
1960-02-01,40.3,4.0707302165439385,0.0
1960-03-01,40.0,-2.944582807192697,-0.990099009900991
1960-04-01,40.0,-5.781576971327596,-1.2345679012345734
1960-05-01,40.1,-1.9703829873650824,-1.4742014742014753
1960-06-01,39.9,-0.996256246093774,-1.7241379310344862
1960-07-01,39.9,-0.996256246093774,-0.992555831265507
1960-08-01,39.7,-3.930719841269692,-1.732673267326723
1960-09-01,39.4,-4.919095487451319,-2.4752475247524774
1960-10-01,39.7,-1.98998756289176,-0.9975062344139585
1960-11-01,39.3,-3.969724579179723,-1.5037593984962405
1960-12-01,38.4,-9.772274386235525,-4.714640198511166
1961-01-01,39.3,-3.969724579179723,-3.2019704433497664
1961-02-01,39.4,1.0217030764793966,-2.2332506203473934
1961-03-01,39.5,11.960153451856325,-1.2499999999999956
1961-04-01,39.5,2.051215306366849,-1.2499999999999956
1961-05-01,39.7,3.080647938275538,-0.9975062344139585
1961-06-01,40.0,5.160243440828816,0.25062656641603454
1961-07-01,40.0,5.160243440828816,0.25062656641603454
1961-08-01,40.1,4.091547094737402,1.0075566750629594
1961-09-01,39.5,-4.907028808593728,0.2538071065989911
1961-10-01,40.3,3.0339190664061766,1.5113350125944391
1961-11-01,40.7,6.120709866927232,3.5623409669211403
1961-12-01,40.4,9.430171017102596,5.208333333333326
1962-01-01,40.0,-2.944582807192697,1.781170483460559
1962-02-01,40.4,-2.9159637953019235,2.538071065989844
1962-03-01,40.6,1.9949510501117595,2.784810126582271
1962-04-01,40.6,6.136355062500054,2.784810126582271
1962-05-01,40.6,1.9949510501117595,2.267002518891692
1962-06-01,40.5,-0.9815876666202428,1.2499999999999956
1962-07-01,40.5,-0.9815876666202428,1.2499999999999956
1962-08-01,40.5,-0.9815876666202428,0.9975062344139696
1962-09-01,40.5,0.0,2.5316455696202445
1962-10-01,40.3,-1.9607248375550057,0.0
1962-11-01,40.5,0.0,-0.49140049140049546
1962-12-01,40.3,-1.9607248375550057,-0.24752475247524774
1963-01-01,40.5,1.999938121029765,1.2499999999999956
1963-02-01,40.5,0.0,0.24752475247524774
1963-03-01,40.5,1.999938121029765,-0.24630541871921707
1963-04-01,40.5,0.0,-0.24630541871921707
1963-05-01,40.5,0.0,-0.24630541871921707
1963-06-01,40.7,1.9899887882285583,0.4938271604938427
1963-07-01,40.6,0.9913183250357172,0.24691358024691024
1963-08-01,40.6,0.9913183250357172,0.24691358024691024
1963-09-01,40.6,-0.9791847955454068,0.24691358024691024
1963-10-01,40.7,0.9888676370959136,0.992555831265518
1963-11-01,40.7,0.9888676370959136,0.4938271604938427
1963-12-01,40.6,0.0,0.7444168734491496
1964-01-01,40.1,-5.767686509638392,-0.987654320987652
1964-02-01,40.7,0.0,0.4938271604938427
1964-03-01,40.6,0.0,0.24691358024691024
1964-04-01,40.7,6.120709866927232,0.4938271604938427
1964-05-01,40.8,0.986429036122516,0.7407407407407307
1964-06-01,40.8,1.9850511507195636,0.24570024570023108
1964-07-01,40.8,0.986429036122516,0.49261083743841194
1964-08-01,40.9,0.9840024329157426,0.738916256157629
1964-09-01,40.9,0.9840024329157426,0.738916256157629
1964-10-01,40.7,-0.9767936598388705,0.0
1964-11-01,41.0,0.9815877391509576,0.7371007371007376
1964-12-01,41.2,2.9664244850849952,1.4778325123152802
1965-01-01,41.3,6.028488354227712,2.9925187032418865
1965-02-01,41.3,2.959109991963227,1.474201474201453
1965-03-01,41.3,0.9744142441729942,1.724137931034475
1965-04-01,41.2,-0.965011039149688,1.228501228501222
1965-05-01,41.3,0.0,1.225490196078427
1965-06-01,41.2,-0.965011039149688,0.9803921568627638
1965-07-01,41.2,0.0,0.9803921568627638
1965-08-01,41.1,-1.9230208232659307,0.4889975550122383
1965-09-01,41.1,-0.9673447679132364,0.4889975550122383
1965-10-01,41.2,0.0,1.228501228501222
1965-11-01,41.3,1.960725992386747,0.7317073170731714
1965-12-01,41.3,1.960725992386747,0.24271844660193054
1966-01-01,41.5,2.9445886824343903,0.4842615012106588
1966-02-01,41.7,3.9307385020610486,0.9685230024213176
1966-03-01,41.6,2.9373813389841352,0.7263922518159882
1966-04-01,41.8,2.92307197635584,1.4563106796116276
1966-05-01,41.5,-1.904707397590677,0.4842615012106588
1966-06-01,41.4,-1.909252976274367,0.4854368932038833
1966-07-01,41.2,-5.619182006039947,0.0
1966-08-01,41.4,-0.9603772000278176,0.7299270072992581
1966-09-01,41.2,-1.918409531923071,0.24330900243310083
1966-10-01,41.3,0.9744142441729942,0.24271844660193054
1966-11-01,41.2,-1.918409531923071,-0.2421307506053183
1966-12-01,40.9,-2.8809628963222367,-0.9685230024213065
1967-01-01,41.1,-1.9230208232659307,-0.9638554216867434
1967-02-01,40.4,-7.543681510587241,-3.117505995203851
1967-03-01,40.5,-3.85496523006873,-2.644230769230771
1967-04-01,40.4,-6.6405739877034575,-3.349282296650713
1967-05-01,40.4,0.0,-2.6506024096385583
1967-06-01,40.4,-0.9840023596687232,-2.4154589371980673
1967-07-01,40.5,0.9937811900285308,-1.6990291262136026
1967-08-01,40.6,1.9949510501117595,-1.9323671497584516
1967-09-01,40.6,1.9949510501117595,-1.4563106796116498
1967-10-01,40.6,0.9913183250357172,-1.6949152542372725
1967-11-01,40.6,0.0,-1.4563106796116498
1967-12-01,40.7,0.9888676370959136,-0.4889975550122161
1968-01-01,40.4,-1.9559311804872024,-1.7031630170316392
1968-02-01,40.8,1.9850511507195636,0.990099009900991
1968-03-01,40.8,0.986429036122516,0.7407407407407307
1968-04-01,40.3,-0.9864289621503096,-0.24752475247524774
1968-05-01,40.9,0.9840024329157426,1.2376237623762387
1968-06-01,40.9,0.9840024329157426,1.2376237623762387
1968-07-01,40.8,5.055904871711525,0.7407407407407307
1968-08-01,40.7,-1.9416898177087027,0.24630541871921707
1968-09-01,40.9,0.0,0.738916256157629
1968-10-01,41.0,1.9752490193011285,0.9852216748768461
1968-11-01,40.9,1.9801379547527365,0.738916256157629
1968-12-01,40.7,-1.9416898177087027,0.0
1969-01-01,40.8,-1.936988669600903,0.990099009900991
1969-02-01,40.4,-4.801034640909174,-0.9803921568627416
1969-03-01,40.8,0.986429036122516,0.0
1969-04-01,41.0,1.9752490193011285,1.7369727047146455
1969-05-01,40.7,3.003546112518096,-0.4889975550122161
1969-06-01,40.7,-0.9767936598388705,-0.4889975550122161
1969-07-01,40.6,-3.845700694432408,-0.4901960784313597
1969-08-01,40.6,-0.9791847955454068,-0.24570024570025328
1969-09-01,40.6,-0.9791847955454068,-0.7334963325183352
1969-10-01,40.5,-0.9815876666202428,-1.2195121951219523
1969-11-01,40.5,-0.9815876666202428,-0.9779951100244433
1969-12-01,40.6,0.0,-0.24570024570025328
1970-01-01,40.4,-0.9840023596687232,-0.9803921568627416
1970-02-01,40.2,-2.930203428038069,-0.4950495049504844
1970-03-01,40.1,-4.83585365784548,-1.7156862745097978
1970-04-01,39.8,-5.809559524472718,-2.9268292682926855
1970-05-01,39.8,-3.921088111557447,-2.211302211302224
1970-06-01,39.8,-2.9591039999472213,-2.211302211302224
1970-07-01,40.0,2.0252522051322552,-1.4778325123152691
1970-08-01,39.8,0.0,-1.9704433497537033
1970-09-01,39.6,-1.9949498125062748,-2.463054187192115
1970-10-01,39.5,-4.907028808593728,-2.4691358024691357
1970-11-01,39.5,-2.981156312614064,-2.4691358024691357
1970-12-01,39.5,-1.00628130715823,-2.7093596059113323
1971-01-01,39.9,4.112577947142171,-1.2376237623762387
1971-02-01,39.7,2.040750594587992,-1.243781094527363
1971-03-01,39.8,3.072760094131688,-0.7481296758104827
1971-04-01,39.9,0.0,0.2512562814070307
1971-05-01,40.0,3.0571049586205934,0.5025125628140836
1971-06-01,39.9,1.0088192574456478,0.2512562814070307
1971-07-01,40.0,1.00628138726766,0.0
1971-08-01,39.8,-1.9850499375000497,0.0
1971-09-01,39.7,-1.98998756289176,0.2525252525252597
1971-10-01,39.9,-0.996256246093774,1.0126582278481067
1971-11-01,40.0,2.0252522051322552,1.2658227848101333
1971-12-01,40.2,5.133757216499935,1.7721518987341867
1972-01-01,40.2,3.04160852349078,0.7518796992481258
1972-02-01,40.4,4.060401000000002,1.76322418136019
1972-03-01,40.4,2.004950187493759,1.5075376884422065
1972-04-01,40.5,3.0186561953550406,1.5037593984962516
1972-05-01,40.5,0.9937811900285308,1.2499999999999956
1972-06-01,40.6,1.9949510501117595,1.7543859649122862
1972-07-01,40.5,0.0,1.2499999999999956
1972-08-01,40.6,0.9913183250357172,2.01005025125629
1972-09-01,40.6,0.0,2.267002518891692
1972-10-01,40.7,1.9899887882285583,2.0050125313283207
1972-11-01,40.7,0.9888676370959136,1.750000000000007
1972-12-01,40.6,0.0,0.995024875621886
1973-01-01,40.4,-2.9159637953019235,0.4975124378109319
1973-02-01,40.9,1.9801379547527365,1.2376237623762387
1973-03-01,40.9,2.988586535253024,1.2376237623762387
1973-04-01,40.8,4.019602999607885,0.7407407407407307
1973-05-01,40.7,-1.9416898177087027,0.4938271604938427
1973-06-01,40.7,-1.9416898177087027,0.24630541871921707
1973-07-01,40.7,-0.9767936598388705,0.4938271604938427
1973-08-01,40.6,-0.9791847955454068,0.0
1973-09-01,40.7,0.0,0.24630541871921707
1973-10-01,40.6,-0.9791847955454068,-0.24570024570025328
1973-11-01,40.6,0.0,-0.24570024570025328
1973-12-01,40.6,-0.9791847955454068,0.0
1974-01-01,40.5,-0.9815876666202428,0.24752475247524774
1974-02-01,40.4,-1.9559311804872024,-1.2224938875305624
1974-03-01,40.4,-1.9559311804872024,-1.2224938875305624
1974-04-01,39.5,-9.516729508851553,-3.1862745098039102
1974-05-01,40.3,-0.9864289621503096,-0.982800982801002
1974-06-01,40.2,-1.965542048506963,-1.2285012285012331
1974-07-01,40.1,6.215795960989179,-1.4742014742014753
1974-08-01,40.2,-0.9888675623893728,-0.9852216748768461
1974-09-01,40.0,-1.97524782986972,-1.7199017199017286
1974-10-01,40.0,-0.9937811138261088,-1.4778325123152691
1974-11-01,39.5,-6.785350658410638,-2.7093596059113323
1974-12-01,39.3,-6.818384371093778,-3.2019704433497664
1975-01-01,39.2,-7.763183999999967,-3.2098765432098664
1975-02-01,38.9,-5.93890660817884,-3.712871287128716
1975-03-01,38.8,-4.992760210806013,-3.960396039603964
1975-04-01,39.0,-2.025250890598851,-1.2658227848101222
1975-05-01,39.0,1.0322495155232314,-3.2258064516129004
1975-06-01,39.2,4.187919474913704,-2.487562189054726
1975-07-01,39.4,4.166113144878114,-1.7456359102244412
1975-08-01,39.7,7.375104361857576,-1.243781094527363
1975-09-01,39.8,6.264455250168166,-0.5000000000000115
1975-10-01,39.9,5.173589284483637,-0.2500000000000058
1975-11-01,39.9,2.0303921134269043,1.0126582278481067
1975-12-01,40.2,4.081112113457519,2.2900763358778775
1976-01-01,40.3,4.0707302165439385,2.8061224489795755
1976-02-01,40.4,5.107541446779096,3.8560411311054033
1976-03-01,40.2,0.0,3.6082474226804218
1976-04-01,39.6,-6.7689534957039,1.538461538461533
1976-05-01,40.3,-0.9864289621503096,3.3333333333333215
1976-06-01,40.2,0.0,2.5510204081632626
1976-07-01,40.3,7.260407074152009,2.284263959390853
1976-08-01,40.2,-0.9888675623893728,1.2594458438287104
1976-09-01,40.2,0.0,1.005025125628145
1976-10-01,40.0,-2.944582807192697,0.25062656641603454
1976-11-01,40.1,-0.9913182495859152,0.5012531328320913
1976-12-01,39.9,-2.951825546082576,-0.7462686567164312
1977-01-01,39.4,-5.866344937500001,-2.2332506203473934
1977-02-01,40.2,1.0012437617186398,-0.4950495049504844
1977-03-01,40.3,4.0707302165439385,0.24875621890545485
1977-04-01,40.4,10.545373948253811,2.020202020202011
1977-05-01,40.5,3.0186561953550406,0.496277915632759
1977-06-01,40.5,1.999938121029765,0.746268656716409
1977-07-01,40.4,0.0,0.24813895781639062
1977-08-01,40.4,-0.9840023596687232,0.4975124378109319
1977-09-01,40.4,-0.9840023596687232,0.4975124378109319
1977-10-01,40.6,1.9949510501117595,1.5000000000000124
1977-11-01,40.5,0.9937811900285308,0.9975062344139696
1977-12-01,40.4,0.0,1.2531328320801949
1978-01-01,39.5,-10.404902132347294,0.2538071065989911
1978-02-01,39.9,-5.795534480779629,-0.7462686567164312
1978-03-01,40.5,0.9937811900285308,0.496277915632759
1978-04-01,40.4,9.430171017102596,0.0
1978-05-01,40.4,5.107541446779096,-0.24691358024692134
1978-06-01,40.6,0.9913183250357172,0.24691358024691024
1978-07-01,40.6,1.9949510501117595,0.4950495049504955
1978-08-01,40.5,0.9937811900285308,0.24752475247524774
1978-09-01,40.5,-0.9815876666202428,0.24752475247524774
1978-10-01,40.5,-0.9815876666202428,-0.24630541871921707
1978-11-01,40.6,0.9913183250357172,0.24691358024691024
1978-12-01,40.5,0.0,0.24752475247524774
1979-01-01,40.4,-0.9840023596687232,2.278481012658218
1979-02-01,40.5,-0.9815876666202428,1.5037593984962516
1979-03-01,40.6,0.9913183250357172,0.24691358024691024
1979-04-01,39.3,-10.454298913468309,-2.722772277227725
1979-05-01,40.2,-2.930203428038069,-0.4950495049504844
1979-06-01,40.2,-3.8830285792018193,-0.9852216748768461
1979-07-01,40.2,9.47980390120382,-0.9852216748768461
1979-08-01,40.1,-0.9913182495859152,-0.987654320987652
1979-09-01,40.1,-0.9913182495859152,-0.987654320987652
1979-10-01,40.2,0.0,-0.7407407407407307
1979-11-01,40.1,0.0,-1.2315270935960632
1979-12-01,40.1,0.0,-0.987654320987652
1980-01-01,40.0,-1.97524782986972,-0.990099009900991
1980-02-01,40.1,0.0,-0.987654320987652
1980-03-01,39.9,-1.9801367535008496,-1.7241379310344862
1980-04-01,39.8,-1.9850499375000497,1.2722646310432628
1980-05-01,39.3,-7.74440566877187,-2.2388059701492713
1980-06-01,39.2,-6.835022088383635,-2.487562189054726
1980-07-01,39.1,-6.851741167353942,-2.736318407960203
1980-08-01,39.5,2.051215306366849,-1.4962593516209544
1980-09-01,39.6,4.144532699394099,-1.2468827930174564
1980-10-01,39.8,7.355737244282889,-0.9950248756219082
1980-11-01,39.9,4.112577947142171,-0.4987531172069848
1980-12-01,40.1,5.146966260984387,0.0
1981-01-01,40.1,3.0493370547048704,0.24999999999999467
1981-02-01,39.8,-0.9987437382813712,-0.7481296758104827
1981-03-01,40.0,-0.9937811138261088,0.25062656641603454
1981-04-01,40.1,0.0,0.7537688442211143
1981-05-01,40.2,4.081112113457519,2.2900763358778775
1981-06-01,40.0,0.0,2.0408163265306145
1981-07-01,39.9,-1.9801367535008496,2.0460358056265893
1981-08-01,40.0,-1.97524782986972,1.2658227848101333
1981-09-01,39.6,-3.9403990000000055,0.0
1981-10-01,39.6,-2.973769114453373,-0.5025125628140614
1981-11-01,39.4,-5.866344937500001,-1.253132832080206
1981-12-01,39.2,-3.979597000408097,-2.244389027431415
1982-01-01,37.3,-21.285528563244583,-6.982543640897765
1982-02-01,39.6,2.0459695697796043,-0.5025125628140614
1982-03-01,39.1,-1.0165101764720297,-2.2499999999999964
1982-04-01,39.1,20.745707995989918,-2.493765586034913
1982-05-01,39.1,-4.95565416838839,-2.736318407960203
1982-06-01,39.2,1.0269492197984231,-1.9999999999999907
1982-07-01,39.2,1.0269492197984231,-1.754385964912275
1982-08-01,39.0,-1.019099969020365,-2.500000000000002
1982-09-01,39.0,-2.025250890598851,-1.5151515151515138
1982-10-01,38.9,-3.0262618330123225,-1.7676767676767735
1982-11-01,39.0,0.0,-1.015228426395931
1982-12-01,39.0,0.0,-0.5102040816326592
1983-01-01,39.3,4.176987853274916,5.36193029490617
1983-02-01,39.3,3.1126084520850084,-0.757575757575768
1983-03-01,39.6,6.297320121844452,1.278772378516635
1983-04-01,39.7,4.13382608951578,1.534526854219953
1983-05-01,40.0,7.317306450499661,2.3017902813299296
1983-06-01,40.1,5.146966260984387,2.2959183673469274
1983-07-01,40.3,6.183774115246399,2.8061224489795755
1983-08-01,40.3,3.0339190664061766,3.3333333333333215
1983-09-01,40.6,5.081592010985481,4.10256410256411
1983-10-01,40.6,3.011082199148696,4.370179948586128
1983-11-01,40.6,3.011082199148696,4.10256410256411
1983-12-01,40.5,-0.9815876666202428,3.8461538461538547
1984-01-01,40.6,0.0,3.30788804071247
1984-02-01,41.1,5.017857336225751,4.580152671755733
1984-03-01,40.7,1.9899887882285583,2.77777777777779
1984-04-01,40.8,1.9850511507195636,2.7707808564231495
1984-05-01,40.7,-3.836480577041868,1.750000000000007
1984-06-01,40.6,-0.9791847955454068,1.2468827930174564
1984-07-01,40.6,-1.9464138403832545,0.7444168734491496
1984-08-01,40.5,-1.9511609049791208,0.496277915632759
1984-09-01,40.5,-0.9815876666202428,-0.24630541871921707
1984-10-01,40.5,-0.9815876666202428,-0.24630541871921707
1984-11-01,40.4,-0.9840023596687232,-0.49261083743843415
1984-12-01,40.5,0.0,0.0
1985-01-01,40.3,-1.9607248375550057,-0.7389162561576512
1985-02-01,40.1,-2.937375521062724,-2.4330900243308973
1985-03-01,40.4,-0.9840023596687232,-0.7371007371007487
1985-04-01,40.5,1.999938121029765,-0.7352941176470562
1985-05-01,40.4,3.026268387890263,-0.7371007371007487
1985-06-01,40.5,0.9937811900285308,-0.24630541871921707
1985-07-01,40.4,-0.9840023596687232,-0.49261083743843415
1985-08-01,40.6,1.9949510501117595,0.24691358024691024
1985-09-01,40.6,0.9913183250357172,0.24691358024691024
1985-10-01,40.7,3.003546112518096,0.4938271604938427
1985-11-01,40.7,0.9888676370959136,0.7425742574257432
1985-12-01,40.9,2.988586535253024,0.9876543209876409
1986-01-01,40.7,0.0,0.992555831265518
1986-02-01,40.7,0.0,1.4962593516209433
1986-03-01,40.7,-1.9416898177087027,0.7425742574257432
1986-04-01,40.5,-1.9511609049791208,0.0
1986-05-01,40.7,0.0,0.7425742574257432
1986-06-01,40.7,0.0,0.4938271604938427
1986-07-01,40.6,0.9913183250357172,0.4950495049504955
1986-08-01,40.7,0.0,0.24630541871921707
1986-09-01,40.7,0.0,0.24630541871921707
1986-10-01,40.6,0.0,-0.24570024570025328
1986-11-01,40.7,0.0,0.0
1986-12-01,40.8,0.986429036122516,-0.24449877750611915
1987-01-01,40.8,1.9850511507195636,0.24570024570023108
1987-02-01,41.2,5.005301736965895,1.228501228501222
1987-03-01,41.0,1.9752490193011285,0.7371007371007376
1987-04-01,40.8,0.0,0.7407407407407307
1987-05-01,41.0,-1.9276543357310996,0.7371007371007376
1987-06-01,40.9,-0.972046252319292,0.49140049140048436
1987-07-01,41.0,1.9752490193011285,0.9852216748768461
1987-08-01,40.9,-0.972046252319292,0.49140049140048436
1987-09-01,40.8,-0.9744141737395018,0.24570024570023108
1987-10-01,41.1,0.9791848673684768,1.2315270935960632
1987-11-01,41.0,0.9815877391509576,0.7371007371007376
1987-12-01,41.0,1.9752490193011285,0.4901960784313708
1988-01-01,41.1,0.0,0.7352941176470784
1988-02-01,41.1,0.9791848673684768,-0.24271844660194164
1988-03-01,40.9,-0.972046252319292,-0.24390243902439046
1988-04-01,41.0,-0.969689811474106,0.4901960784313708
1988-05-01,41.0,-0.969689811474106,0.0
1988-06-01,41.1,1.970384165121164,0.4889975550122383
1988-07-01,41.1,0.9791848673684768,0.24390243902439046
1988-08-01,40.9,-0.972046252319292,0.0
1988-09-01,41.0,-0.969689811474106,0.4901960784313708
1988-10-01,41.1,0.0,0.0
1988-11-01,41.1,1.970384165121164,0.24390243902439046
1988-12-01,40.9,-0.972046252319292,-0.24390243902439046
1989-01-01,41.1,0.0,0.0
1989-02-01,41.2,0.9767937309630436,0.24330900243310083
1989-03-01,41.1,1.970384165121164,0.4889975550122383
1989-04-01,41.1,0.0,0.24390243902439046
1989-05-01,41.0,-1.9276543357310996,0.0
1989-06-01,40.9,-1.9323102303218764,-0.48661800486619056
1989-07-01,40.9,-1.9323102303218764,-0.48661800486619056
1989-08-01,40.9,-0.972046252319292,0.0
1989-09-01,40.8,-0.9744141737395018,-0.487804878048792
1989-10-01,40.8,-0.9744141737395018,-0.7299270072992803
1989-11-01,40.7,-1.9416898177087027,-0.9732360097323589
1989-12-01,40.5,-2.9088957488049294,-0.9779951100244433
1990-01-01,40.5,-2.9088957488049294,-1.4598540145985384
1990-02-01,40.6,-0.9791847955454068,-1.4563106796116498
1990-03-01,40.6,0.9913183250357172,-1.2165450121654486
1990-04-01,40.4,-0.9840023596687232,-1.7031630170316392
1990-05-01,40.6,0.0,-0.9756097560975618
1990-06-01,40.7,0.9888676370959136,-0.4889975550122161
1990-07-01,40.6,1.9949510501117595,-0.7334963325183352
1990-08-01,40.5,-0.9815876666202428,-0.9779951100244433
1990-09-01,40.5,-1.9511609049791208,-0.7352941176470562
1990-10-01,40.4,-1.9559311804872024,-0.9803921568627416
1990-11-01,40.2,-2.930203428038069,-1.2285012285012331
1990-12-01,40.3,-1.9607248375550057,-0.4938271604938316
1991-01-01,40.2,-1.965542048506963,-0.7407407407407307
1991-02-01,40.1,-0.9913182495859152,-1.2315270935960632
1991-03-01,40.0,-2.944582807192697,-1.4778325123152691
1991-04-01,40.1,-0.9913182495859152,-0.7425742574257321
1991-05-01,40.2,1.0012437617186398,-0.9852216748768461
1991-06-01,40.5,5.094533691406222,-0.49140049140049546
1991-07-01,40.5,4.050124063917493,-0.24630541871921707
1991-08-01,40.6,4.039899012425163,0.24691358024691024
1991-09-01,40.6,0.9913183250357172,0.24691358024691024
1991-10-01,40.6,0.9913183250357172,0.4950495049504955
1991-11-01,40.7,0.9888676370959136,1.243781094527363
1991-12-01,40.7,0.9888676370959136,0.992555831265518
1992-01-01,40.6,0.0,0.995024875621886
1992-02-01,40.7,0.0,1.4962593516209433
1992-03-01,40.7,0.0,1.750000000000007
1992-04-01,40.8,1.9850511507195636,1.74563591022443
1992-05-01,40.9,1.9801379547527365,1.741293532338295
1992-06-01,40.8,0.986429036122516,0.7407407407407307
1992-07-01,40.8,0.0,0.7407407407407307
1992-08-01,40.8,-0.9744141737395018,0.49261083743841194
1992-09-01,40.7,-0.9767936598388705,0.24630541871921707
1992-10-01,40.8,0.0,0.49261083743841194
1992-11-01,40.9,0.9840024329157426,0.49140049140048436
1992-12-01,40.9,1.9801379547527365,0.49140049140048436
1993-01-01,41.1,2.973775226159514,1.2315270935960632
1993-02-01,41.1,1.970384165121164,0.9828009828009687
1993-03-01,40.8,-0.9744141737395018,0.24570024570023108
1993-04-01,41.3,1.960725992386747,1.225490196078427
1993-05-01,41.1,0.0,0.4889975550122383
1993-06-01,41.0,1.9752490193011285,0.4901960784313708
1993-07-01,41.1,-1.9230208232659307,0.7352941176470784
1993-08-01,41.1,0.0,0.7352941176470784
1993-09-01,41.3,2.959109991963227,1.474201474201453
1993-10-01,41.3,1.960725992386747,1.225490196078427
1993-11-01,41.3,1.960725992386747,0.9779951100244544
1993-12-01,41.4,0.9720463220707076,1.2224938875305513
1994-01-01,41.4,0.9720463220707076,0.7299270072992581
1994-02-01,40.9,-3.8181723254886,-0.48661800486619056
1994-03-01,41.7,2.930209189336419,2.205882352941191
1994-04-01,41.7,2.930209189336419,0.9685230024213176
1994-05-01,41.8,9.096770587085112,1.703163017031617
1994-06-01,41.8,0.9626886105945642,1.9512195121951237
1994-07-01,41.8,0.9626886105945642,1.703163017031617
1994-08-01,41.7,-0.9535092853040106,1.4598540145985384
1994-09-01,41.6,-1.900183411237644,0.7263922518159882
1994-10-01,41.8,0.0,1.2106537530266248
1994-11-01,41.8,0.9626886105945642,1.2106537530266248
1994-12-01,41.8,1.9369897695153735,0.9661835748792313
1995-01-01,41.8,0.0,0.9661835748792313
1995-02-01,41.7,-0.9535092853040106,1.9559902200489088
1995-03-01,41.5,-2.8400551210008063,-0.47961630695444457
1995-04-01,40.9,-8.338258353691351,-1.918465227817756
1995-05-01,41.1,-5.632365755979773,-1.674641148325351
1995-06-01,41.2,-2.860362764203095,-1.4354066985645786
1995-07-01,41.1,1.970384165121164,-1.674641148325351
1995-08-01,41.2,0.9767937309630436,-1.1990407673860948
1995-09-01,41.2,0.0,-0.9615384615384581
1995-10-01,41.2,0.9767937309630436,-1.4354066985645786
1995-11-01,41.3,0.9744142441729942,-1.1961722488038284
1995-12-01,40.9,-2.8809628963222367,-2.1531100478468845
1996-01-01,39.7,-13.7869195653775,-5.023923444976064
1996-02-01,41.3,0.0,-0.9592326139088891
1996-03-01,41.1,1.970384165121164,-0.9638554216867434
1996-04-01,41.1,14.869640120544902,0.4889975550122383
1996-05-01,41.4,0.9720463220707076,0.7299270072992581
1996-06-01,41.5,3.950144971050107,0.7281553398058138
1996-07-01,41.4,2.9518314793522737,0.7299270072992581
1996-08-01,41.5,0.969689880551594,0.7281553398058138
1996-09-01,41.6,0.967344836324946,0.9708737864077666
1996-10-01,41.4,0.0,0.4854368932038833
1996-11-01,41.5,0.0,0.4842615012106588
1996-12-01,41.7,0.9650111069036348,1.9559902200489088
1997-01-01,41.4,0.0,4.282115869017611
1997-02-01,41.6,0.967344836324946,0.7263922518159882
1997-03-01,41.8,0.9626886105945642,1.703163017031617
1997-04-01,41.8,3.9211065900633946,1.703163017031617
1997-05-01,41.7,0.9650111069036348,0.7246376811594235
1997-06-01,41.6,-1.900183411237644,0.24096385542169418
1997-07-01,41.6,-1.900183411237644,0.48309178743961567
1997-08-01,41.7,0.0,0.48192771084338837
1997-09-01,41.7,0.9650111069036348,0.24038461538462563
1997-10-01,41.8,1.9369897695153735,0.9661835748792313
1997-11-01,41.8,0.9626886105945642,0.7228915662650603
1997-12-01,42.0,2.908901344317427,0.7194244604316502
1998-01-01,41.9,0.9603772664896316,1.2077294685990392
1998-02-01,41.7,-0.9535092853040106,0.24038461538462563
1998-03-01,41.6,-3.7554467531532474,-0.4784688995215225
1998-04-01,41.2,-6.516971757308832,-1.4354066985645786
1998-05-01,41.5,-1.904707397590677,-0.47961630695444457
1998-06-01,41.4,-1.909252976274367,-0.48076923076924016
1998-07-01,41.4,1.9559323240659452,-0.48076923076924016
1998-08-01,41.4,-0.9603772000278176,-0.7194244604316613
1998-09-01,41.3,-0.9626885434906972,-0.9592326139088891
1998-10-01,41.4,0.0,-0.9569377990430561
1998-11-01,41.4,0.0,-0.9569377990430561
1998-12-01,41.5,1.9511620374416785,-1.1904761904761862
1999-01-01,41.3,-0.9626885434906972,-1.4319809069212486
1999-02-01,41.4,0.0,-0.7194244604316613
1999-03-01,41.3,-1.9138203022395328,-0.7211538461538547
1999-04-01,41.3,0.0,0.24271844660193054
1999-05-01,41.4,0.0,-0.24096385542169418
1999-06-01,41.3,0.0,-0.24154589371980784
1999-07-01,41.4,0.9720463220707076,0.0
1999-08-01,41.5,0.969689880551594,0.24154589371980784
1999-09-01,41.4,0.9720463220707076,0.2421307506053294
1999-10-01,41.4,0.0,0.0
1999-11-01,41.4,-0.9603772000278176,0.0
1999-12-01,41.4,0.0,-0.24096385542169418
2000-01-01,41.5,0.969689880551594,0.4842615012106588
2000-02-01,41.5,0.969689880551594,0.24154589371980784
2000-03-01,41.4,0.0,0.2421307506053294
2000-04-01,41.6,0.967344836324946,0.7263922518159882
2000-05-01,41.2,-2.860362764203095,-0.48309178743960457
2000-06-01,41.3,-0.9626885434906972,0.0
2000-07-01,41.5,-0.9580769286278046,0.24154589371980784
2000-08-01,41.1,-0.9673447679132364,-0.9638554216867434
2000-09-01,41.1,-1.9230208232659307,-0.7246376811594124
2000-10-01,41.1,-3.8000379625734992,-0.7246376811594124
2000-11-01,41.1,0.0,-0.7246376811594124
2000-12-01,40.3,-7.561498404786038,-2.657004830917875
2001-01-01,40.7,-3.836480577041868,-1.9277108433734869
2001-02-01,40.5,-5.712785572874612,-2.409638554216864
2001-03-01,40.5,1.999938121029765,-2.1739130434782594
2001-04-01,40.4,-2.9159637953019235,-2.8846153846153966
2001-05-01,40.4,-0.9840023596687232,-1.9417475728155442
2001-06-01,40.3,-1.9607248375550057,-2.421307506053272
2001-07-01,40.6,1.9949510501117595,-2.168674698795181
2001-08-01,40.3,-0.9864289621503096,-1.946472019464729
2001-09-01,40.2,-0.9888675623893728,-2.1897810218978075
2001-10-01,40.1,-4.83585365784548,-2.4330900243308973
2001-11-01,40.1,-1.9703829873650824,-2.4330900243308973
2001-12-01,40.2,0.0,-0.2481389578163684
2002-01-01,40.2,1.0012437617186398,-1.2285012285012331
2002-02-01,40.2,1.0012437617186398,-0.7407407407407307
2002-03-01,40.5,3.0186561953550406,0.0
2002-04-01,40.6,4.039899012425163,0.4950495049504955
2002-05-01,40.6,4.039899012425163,0.4950495049504955
2002-06-01,40.7,1.9899887882285583,0.992555831265518
2002-07-01,40.4,-1.9559311804872024,-0.49261083743843415
2002-08-01,40.5,-0.9815876666202428,0.496277915632759
2002-09-01,40.5,-1.9511609049791208,0.746268656716409
2002-10-01,40.3,-0.9864289621503096,0.4987531172069737
2002-11-01,40.4,-0.9840023596687232,0.7481296758104605
2002-12-01,40.5,0.0,0.746268656716409
2003-01-01,40.3,0.0,0.24875621890545485
2003-02-01,40.3,-0.9864289621503096,0.24875621890545485
2003-03-01,40.4,-0.9840023596687232,-0.24691358024692134
2003-04-01,40.1,-1.9703829873650824,-1.2315270935960632
2003-05-01,40.2,-0.9888675623893728,-0.9852216748768461
2003-06-01,40.3,-0.9864289621503096,-0.982800982801002
2003-07-01,40.1,0.0,-0.7425742574257321
2003-08-01,40.2,0.0,-0.7407407407407307
2003-09-01,40.5,1.999938121029765,0.0
2003-10-01,40.6,5.081592010985481,0.7444168734491496
2003-11-01,40.9,7.149221425601349,1.2376237623762387
2003-12-01,40.7,1.9899887882285583,0.4938271604938427
2004-01-01,40.9,2.988586535253024,1.488833746898277
2004-02-01,41.0,0.9815877391509576,1.7369727047146455
2004-03-01,40.9,1.9801379547527365,1.2376237623762387
2004-04-01,40.7,-1.9416898177087027,1.4962593516209433
2004-05-01,41.1,0.9791848673684768,2.238805970149249
2004-06-01,40.8,-0.9744141737395018,1.2406947890818865
2004-07-01,40.8,0.986429036122516,1.74563591022443
2004-08-01,40.8,-2.887895699296472,1.492537313432818
2004-09-01,40.7,-0.9767936598388705,0.4938271604938427
2004-10-01,40.6,-1.9464138403832545,0.0
2004-11-01,40.5,-2.9088957488049294,-0.9779951100244433
2004-12-01,40.6,-0.9791847955454068,-0.24570024570025328
2005-01-01,40.7,0.9888676370959136,-0.4889975550122161
2005-02-01,40.7,1.9899887882285583,-0.7317073170731603
2005-03-01,40.4,-1.9559311804872024,-1.2224938875305624
2005-04-01,40.4,-2.9159637953019235,-0.7371007371007487
2005-05-01,40.4,-2.9159637953019235,-1.7031630170316392
2005-06-01,40.4,0.0,-0.9803921568627416
2005-07-01,40.4,0.0,-0.9803921568627416
2005-08-01,40.5,0.9937811900285308,-0.7352941176470562
2005-09-01,40.7,3.003546112518096,0.0
2005-10-01,41.0,6.0742491877385785,0.9852216748768461
2005-11-01,40.9,4.009531266272237,0.9876543209876409
2005-12-01,40.8,0.986429036122516,0.49261083743841194
2006-01-01,41.0,0.0,0.7371007371007376
2006-02-01,41.0,0.9815877391509576,0.7371007371007376
2006-03-01,41.1,2.973775226159514,1.7326732673267342
2006-04-01,41.2,1.9655432147304808,1.980198019801982
2006-05-01,41.1,0.9791848673684768,1.7326732673267342
2006-06-01,41.2,0.9767937309630436,1.980198019801982
2006-07-01,41.3,0.9744142441729942,2.2277227722772297
2006-08-01,41.2,0.9767937309630436,1.7283950617283939
2006-09-01,41.1,-0.9673447679132364,0.9828009828009687
2006-10-01,41.1,-1.9230208232659307,0.24390243902439046
2006-11-01,41.0,-1.9276543357310996,0.24449877750611915
2006-12-01,41.1,0.0,0.7352941176470784
2007-01-01,41.0,-0.969689811474106,0.0
2007-02-01,40.9,-0.972046252319292,-0.24390243902439046
2007-03-01,41.3,1.960725992386747,0.48661800486617945
2007-04-01,41.3,2.959109991963227,0.24271844660193054
2007-05-01,41.1,1.970384165121164,0.0
2007-06-01,41.4,0.9720463220707076,0.4854368932038833
2007-07-01,41.3,0.0,0.0
2007-08-01,41.3,1.960725992386747,0.24271844660193054
2007-09-01,41.3,-0.9626885434906972,0.48661800486617945
2007-10-01,41.2,-0.965011039149688,0.24330900243310083
2007-11-01,41.3,0.0,0.7317073170731714
2007-12-01,41.1,-1.9230208232659307,0.0
2008-01-01,41.1,-0.9673447679132364,0.24390243902439046
2008-02-01,41.2,-0.965011039149688,0.7334963325183574
2008-03-01,41.3,1.960725992386747,0.0
2008-04-01,41.2,0.9767937309630436,-0.2421307506053183
2008-05-01,41.0,-1.9276543357310996,-0.24330900243308973
2008-06-01,41.1,-1.9230208232659307,-0.7246376811594124
2008-07-01,41.0,-1.9276543357310996,-0.7263922518159771
2008-08-01,40.9,-0.972046252319292,-0.9685230024213065
2008-09-01,40.5,-5.712785572874612,-1.937046004842613
2008-10-01,40.5,-4.789539437340951,-1.6990291262136026
2008-11-01,40.1,-7.597385745672113,-2.9055690072639084
2008-12-01,39.8,-6.736395681334284,-3.1630170316301776
2009-01-01,39.7,-7.670191628300782,-3.406326034063256
2009-02-01,39.6,-4.895021172754688,-3.8834951456310662
2009-03-01,39.3,-4.931221645791517,-4.842615012106533
2009-04-01,39.4,-2.988580300853572,-4.368932038834961
2009-05-01,39.3,-2.996041354672907,-4.146341463414638
2009-06-01,39.6,3.08857638029727,-3.649635036496346
2009-07-01,39.9,5.173589284483637,-2.682926829268295
2009-08-01,40.0,7.317306450499661,-2.2004889975550057
2009-09-01,40.1,5.146966260984387,-0.987654320987652
2009-10-01,40.2,3.04160852349078,-0.7407407407407307
2009-11-01,40.5,5.094533691406222,0.9975062344139696
2009-12-01,40.6,5.081592010985481,2.01005025125629
2010-01-01,40.9,7.149221425601349,3.0226700251889005
2010-02-01,40.5,0.0,2.2727272727272707
2010-03-01,41.0,3.999509873407936,4.325699745547085
2010-04-01,41.1,1.970384165121164,4.314720812182737
2010-05-01,41.4,9.18959914647155,5.343511450381677
2010-06-01,41.0,0.0,3.535353535353525
2010-07-01,41.1,0.0,3.007518796992481
2010-08-01,41.2,-1.918409531923071,3.0000000000000027
2010-09-01,41.4,3.9599202338768342,3.2418952618453734
2010-10-01,41.2,0.9767937309630436,2.487562189054726
2010-11-01,41.3,0.9744142441729942,1.975308641975304
2010-12-01,41.3,-0.9626885434906972,1.724137931034475
2011-01-01,41.0,-1.9276543357310996,0.24449877750611915
2011-02-01,41.4,0.9720463220707076,2.2222222222222143
2011-03-01,41.4,0.9720463220707076,0.9756097560975618
2011-04-01,41.4,3.9599202338768342,0.7299270072992581
2011-05-01,41.5,0.969689880551594,0.24154589371980784
2011-06-01,41.4,0.0,0.9756097560975618
2011-07-01,41.5,0.969689880551594,0.9732360097323589
2011-08-01,41.4,-0.9603772000278176,0.4854368932038833
2011-09-01,41.4,0.0,0.0
2011-10-01,41.5,0.0,0.7281553398058138
2011-11-01,41.5,0.969689880551594,0.4842615012106588
2011-12-01,41.6,1.9464149618643845,0.7263922518159882
2012-01-01,41.8,2.92307197635584,1.9512195121951237
2012-02-01,41.8,2.92307197635584,0.9661835748792313
2012-03-01,41.6,0.0,0.48309178743961567
2012-04-01,41.7,-0.9535092853040106,0.7246376811594235
2012-05-01,41.6,-1.900183411237644,0.24096385542169418
2012-06-01,41.7,0.9650111069036348,0.7246376811594235
2012-07-01,41.7,0.0,0.48192771084338837
2012-08-01,41.5,-0.9580769286278046,0.24154589371980784
2012-09-01,41.5,-1.904707397590677,0.24154589371980784
2012-10-01,41.5,-1.904707397590677,0.0
2012-11-01,41.5,0.0,0.0
2012-12-01,41.7,1.9416909283411556,0.24038461538462563
2013-01-01,41.6,0.967344836324946,-0.4784688995215225
2013-02-01,41.9,3.911521761589532,0.23923444976077235
2013-03-01,41.9,1.932311319647484,0.7211538461538325
2013-04-01,41.8,1.9369897695153735,0.23980815347719453
2013-05-01,41.7,-1.89568086373314,0.24038461538462563
2013-06-01,41.8,-0.9512417569069398,0.23980815347719453
2013-07-01,41.7,-0.9535092853040106,0.0
2013-08-01,41.9,1.932311319647484,0.9638554216867545
2013-09-01,41.8,0.0,0.7228915662650603
2013-10-01,41.9,1.932311319647484,0.9638554216867545
2013-11-01,42.0,0.9580769944551148,1.2048192771084265
2013-12-01,41.9,0.9603772664896316,0.47961630695443347
2014-01-01,41.6,-2.833349830079057,0.0
2014-02-01,41.6,-3.7554467531532474,-0.7159904534606132
2014-03-01,42.0,0.9580769944551148,0.23866348448686736
2014-04-01,41.9,2.9159694454055973,0.23923444976077235
2014-05-01,42.1,4.89506606799226,0.9592326139088669
2014-06-01,42.1,0.9557877151238348,0.717703349282317
2014-07-01,42.0,0.9580769944551148,0.7194244604316502
2014-08-01,42.0,-0.9467389010136552,0.23866348448686736
2014-09-01,42.1,0.0,0.717703349282317
2014-10-01,42.1,0.9557877151238348,0.4773269689737569
2014-11-01,42.2,1.918410590237607,0.4761904761904745
2014-12-01,42.1,0.0,0.4773269689737569
2015-01-01,42.0,-0.9467389010136552,0.9615384615384581
2015-02-01,42.0,-1.882300341152876,0.9615384615384581
2015-03-01,41.8,-2.820033781721909,-0.4761904761904856
2015-04-01,41.8,-1.8911996030460896,-0.23866348448687846
2015-05-01,41.8,-1.8911996030460896,-0.7125890736342178
2015-06-01,41.8,0.0,-0.7125890736342178
2015-07-01,41.8,0.0,-0.4761904761904856
2015-08-01,41.8,0.0,-0.4761904761904856
2015-09-01,41.8,0.0,-0.7125890736342178
2015-10-01,41.8,0.0,-0.7125890736342178
2015-11-01,41.8,0.0,-0.9478672985782088
2015-12-01,41.8,0.0,-0.7125890736342178
2016-01-01,41.9,0.9603772664896316,-0.23809523809523725
2016-02-01,41.8,0.0,-0.4761904761904856
2016-03-01,41.8,0.0,0.0
2016-04-01,41.8,-0.9512417569069398,0.0
2016-05-01,41.9,0.9603772664896316,0.23923444976077235
2016-06-01,41.8,0.0,0.0
2016-07-01,42.0,1.9276554145950309,0.4784688995215447
2016-08-01,41.8,-0.9512417569069398,0.0
2016-09-01,41.9,0.9603772664896316,0.23923444976077235
2016-10-01,41.9,-0.948984987608037,0.23923444976077235
2016-11-01,41.8,0.0,0.0
2016-12-01,41.9,0.0,0.23923444976077235
2017-01-01,41.9,0.0,0.0
2017-02-01,41.9,0.9603772664896316,0.23923444976077235
2017-03-01,41.8,-0.9512417569069398,0.0
2017-04-01,42.0,0.9580769944551148,0.4784688995215447
2017-05-01,41.9,0.0,0.0
2017-06-01,42.0,1.9276554145950309,0.4784688995215447
2017-07-01,41.9,-0.948984987608037,-0.23809523809523725
2017-08-01,42.0,0.9580769944551148,0.4784688995215447
2017-09-01,41.9,-0.948984987608037,0.0
2017-10-01,42.0,0.9580769944551148,0.23866348448686736
2017-11-01,42.0,0.0,0.4784688995215447
2017-12-01,41.8,-0.9512417569069398,-0.23866348448687846
2018-01-01,41.9,-0.948984987608037,0.0
2018-02-01,42.2,1.918410590237607,0.7159904534606243
2018-03-01,42.2,3.883046350449471,0.9569377990430672
2018-04-01,42.3,3.87364644579542,0.7142857142857117
2018-05-01,42.1,-0.9445034214515148,0.4773269689737569
2018-06-01,42.2,0.0,0.4761904761904745
2018-07-01,42.2,-0.9422784739622324,0.7159904534606243
2018-08-01,42.1,0.0,0.23809523809523725
2018-09-01,42.0,-1.882300341152876,0.23866348448686736
2018-10-01,42.1,-0.9445034214515148,0.23809523809523725
2018-11-01,41.9,-1.886739478579236,-0.23809523809523725
2018-12-01,42.1,0.9557877151238348,0.717703349282317
2019-01-01,42.0,-0.9467389010136552,0.23866348448686736
2019-02-01,41.7,-1.89568086373314,-1.1848341232227444
2019-03-01,41.7,-3.7466537830684654,-1.1848341232227444
2019-04-01,41.6,-3.7554467531532474,-1.6548463356973908
2019-05-01,41.6,-0.955787649923423,-1.187648456057011
2019-06-01,41.7,0.0,-1.1848341232227444
2019-07-01,41.5,-0.9580769286278046,-1.65876777251186
2019-08-01,41.5,-0.9580769286278046,-1.4251781472684133
2019-09-01,41.4,-2.8467922220447583,-1.4285714285714346
2019-10-01,41.4,-0.9603772000278176,-1.6627078384798155
2019-11-01,41.4,-0.9603772000278176,-1.1933174224343701
2019-12-01,41.4,0.0,-1.6627078384798155
2020-01-01,41.3,-0.9626885434906972,-1.6666666666666718
2020-02-01,41.5,0.969689880551594,-0.47961630695444457
2020-03-01,41.2,-1.918409531923071,-1.1990407673860948
2020-04-01,38.4,-25.26488780346715,-7.692307692307699
2020-05-01,39.4,-18.75577495967462,-5.288461538461542
2020-06-01,39.9,-12.036455979490546,-4.316546762589935
2020-07-01,40.7,26.19807764795834,-1.9277108433734869
2020-08-01,41.1,18.40836932062291,-0.9638554216867434
2020-09-01,41.2,13.683459566708866,-0.48309178743960457
2020-10-01,41.3,6.028488354227712,-0.24154589371980784
2020-11-01,41.3,1.960725992386747,-0.24154589371980784
2020-12-01,41.4,1.9559323240659452,0.0
2021-01-01,41.6,2.9373813389841352,0.7263922518159882
2021-02-01,41.4,0.9720463220707076,-0.24096385542169418
2021-03-01,41.6,1.9464149618643845,0.9708737864077666
2021-04-01,41.6,0.0,8.333333333333348
2021-05-01,41.6,1.9464149618643845,5.583756345177671
2021-06-01,41.4,-1.909252976274367,3.759398496240607
2021-07-01,41.5,-0.9580769286278046,1.9656019656019597
2021-08-01,41.4,-1.909252976274367,0.7299270072992581
2021-09-01,41.4,0.0,0.4854368932038833
2021-10-01,41.3,-1.9138203022395328,0.0
2021-11-01,41.4,0.0,0.2421307506053294
2021-12-01,41.4,0.0,0.0
2022-01-01,41.1,-1.9230208232659307,-1.2019230769230727
2022-02-01,41.5,0.969689880551594,0.24154589371980784
2022-03-01,41.5,0.969689880551594,-0.24038461538461453
2022-04-01,41.3,1.960725992386747,-0.7211538461538547
2022-05-01,41.2,-2.860362764203095,-0.9615384615384581
2022-06-01,41.0,-4.73287919309241,-0.9661835748792202
2022-07-01,41.1,-1.9230208232659307,-0.9638554216867434
2022-08-01,41.0,-1.9276543357310996,-0.9661835748792202
2022-09-01,41.1,0.9791848673684768,-0.7246376811594124
2022-10-01,41.0,-0.969689811474106,-0.7263922518159771
2022-11-01,40.8,-1.936988669600903,-1.449275362318847
2022-12-01,40.6,-4.778099138092795,-1.9323671497584516
2023-01-01,40.9,-0.972046252319292,-0.48661800486619056
2023-02-01,40.7,-0.9767936598388705,-1.9277108433734869
2023-03-01,40.6,0.0,-2.168674698795181
2023-04-01,40.6,-2.9018618817824526,-1.6949152542372725
