DATE,BOGNONBR,3m growth rate,12m growth rate
1959-01-01,10.56,,
1959-02-01,10.624,,
1959-03-01,10.482,,
1959-04-01,10.424,-5.052848940790289,
1959-05-01,10.317,-11.067300745610565,
1959-06-01,10.043,-15.729178167249769,
1959-07-01,10.148,-10.177689262172818,
1959-08-01,10.177,-5.318446316048597,
1959-09-01,10.202,6.484752549035111,
1959-10-01,10.15,0.0788565757664505,
1959-11-01,10.194,0.6698494057437498,
1959-12-01,10.168,-1.326422687388451,
1960-01-01,10.194,1.7452979751322315,-3.4659090909090917
1960-02-01,10.074,-4.626159943133168,-5.176957831325312
1960-03-01,10.155,-0.5104284062407594,-3.119633657698917
1960-04-01,10.161,-1.288605227532269,-2.5230237912509557
1960-05-01,10.344,11.159417267256975,0.2617039837161883
1960-06-01,10.451,12.17902989712889,4.062531116200341
1960-07-01,10.615,19.1061505105246,4.601891998423335
1960-08-01,10.782,18.043821979058293,5.944777439323978
1960-09-01,10.932,19.7201083247897,7.15545971378162
1960-10-01,11.049,17.384809716004757,8.857142857142852
1960-11-01,11.166,15.025249533357645,9.535020600353139
1960-12-01,11.172,9.07499858713554,9.874114870180971
1961-01-01,11.259,7.821999726367967,10.447321954090638
1961-02-01,11.096,-2.4841303416525684,10.144927536231885
1961-03-01,11.038,-4.712079170286976,8.695224027572635
1961-04-01,11.066,-6.682437350830228,8.9066036807401
1961-05-01,10.94,-5.506160498601975,5.761794276875487
1961-06-01,11.024,-0.5063738813067875,5.482728925461666
1961-07-01,11.07,0.1446654374853251,4.286387187941587
1961-08-01,11.169,8.639529420028303,3.5893155258764686
1961-09-01,11.251,8.49448945511513,2.9180387852177025
1961-10-01,11.342,10.196572916429458,2.6518236944520046
1961-11-01,11.384,7.925081317416627,1.9523553644993807
1961-12-01,11.366,4.151638857417139,1.7364840673111281
1962-01-01,11.403,2.168713659016386,1.2789768185451633
1962-02-01,11.233,-5.201058700140527,1.2346791636625776
1962-03-01,11.17,-6.721385737739515,1.195868816814638
1962-04-01,11.258,-4.990183346711518,1.7350442797758658
1962-05-01,11.323,3.243565333919185,3.5009140767824576
1962-06-01,11.226,2.0205026791716207,1.8323657474601074
1962-07-01,11.302,1.5725216792161767,2.0957542908762283
1962-08-01,11.231,-3.21062628511386,0.555107887904005
1962-09-01,11.303,2.771988321261709,0.4621811394542874
1962-10-01,11.387,3.042424983776693,0.3967554223241132
1962-11-01,11.372,5.117178457622229,-0.10541110330288816
1962-12-01,11.344,1.4588559611701912,-0.19355973957416728
1963-01-01,11.421,1.1997043036190649,0.1578531965272134
1963-02-01,11.29,-2.853230411518537,0.5074334549986625
1963-03-01,11.255,-3.1014839765679314,0.7609668755595322
1963-04-01,11.319,-3.5247942290574708,0.5418369159708725
1963-05-01,11.216,-2.5961249747349813,-0.9449792457829287
1963-06-01,11.139,-4.059314224991184,-0.7749866381614234
1963-07-01,11.232,-3.0392113047820746,-0.6193594054149765
1963-08-01,11.155,-2.157780476556048,-0.6766984240049956
1963-09-01,11.184,1.6257626612639076,-1.0528178359727636
1963-10-01,11.137,-3.3405099689673867,-2.1954860806182475
1963-11-01,11.198,1.5508479592946989,-1.5300738656348845
1963-12-01,11.397,7.838430761769444,0.4672073342736338
1964-01-01,11.369,8.596589734691594,-0.4553016373347263
1964-02-01,11.261,2.269464344167549,-0.2568644818423338
1964-03-01,11.285,-3.873293982787729,0.26654820079963226
1964-04-01,11.326,-1.5043244501895314,0.061842918985766104
1964-05-01,11.263,0.071060576341364,0.41904422253924434
1964-06-01,11.326,1.4611955648099473,1.6787862465212466
1964-07-01,11.387,2.171802083423091,1.3799857549857686
1964-08-01,11.48,7.932246311565971,2.91349170775439
1964-09-01,11.518,6.955240253905881,2.9864091559370642
1964-10-01,11.567,6.474512358180751,3.8610038610038533
1964-11-01,11.598,4.175325331833313,3.572066440435795
1964-12-01,11.747,8.19310340083932,3.070983592173371
1965-01-01,11.653,3.0073094349461598,2.498020934119105
1965-02-01,11.479,-4.0414214897608325,1.9358849125299615
1965-03-01,11.472,-9.040371424589534,1.6570669029685403
1965-04-01,11.571,-2.7851548971442157,2.1631644004944217
1965-05-01,11.417,-2.143026315741847,1.3673088875077788
1965-06-01,11.467,-0.1742235746597931,1.244923185590685
1965-07-01,11.544,-0.9301060729409616,1.3787652586282562
1965-08-01,11.531,4.054264631540749,0.44425087108013184
1965-09-01,11.517,1.7555760718920066,-0.008682062858145212
1965-10-01,11.63,3.013368000847682,0.544652891847508
1965-11-01,11.655,4.371331242735765,0.4914640455250696
1965-12-01,11.872,12.911475940789764,1.0641014727164277
1966-01-01,11.875,8.696513549225626,1.9050888183300474
1966-02-01,11.711,1.935818034522585,2.02108197578188
1966-03-01,11.604,-8.72847041188698,1.1506276150627492
1966-04-01,11.621,-8.285177147176759,0.43211476968283424
1966-05-01,11.575,-4.564912757537076,1.3839011999649653
1966-06-01,11.549,-1.88246139832402,0.7150954914101337
1966-07-01,11.629,0.2756480405777139,0.7363132363132241
1966-08-01,11.43,-4.917427591605894,-0.8758997485040387
1966-09-01,11.46,-3.0470684868676545,-0.4949205522271294
1966-10-01,11.465,-5.522856456179248,-1.4187446259673386
1966-11-01,11.598,6.010161484435539,-0.4890604890604777
1966-12-01,11.69,8.272851377239165,-1.5330188679245293
1967-01-01,11.924,17.0015548483885,0.41263157894735336
1967-02-01,11.916,11.42677487428212,1.7504909913756306
1967-03-01,12.237,20.072014073915437,5.455015511892469
1967-04-01,12.342,14.776849290932129,6.20428534549522
1967-05-01,12.329,14.601270445334148,6.5140388768898605
1967-06-01,12.351,3.778800502943125,6.944324183912043
1967-07-01,12.607,8.869152722089924,8.410009459110835
1967-08-01,12.598,9.017195562555004,10.218722659667545
1967-09-01,12.758,13.84708216821384,11.326352530540994
1967-10-01,12.959,11.644915186082038,13.030963802878315
1967-11-01,12.999,13.353088822685578,12.079668908432485
1967-12-01,12.952,6.222605950182314,10.795551753635579
1968-01-01,12.993,1.0536010746625024,8.965112378396523
1968-02-01,12.815,-5.542887118151773,7.544478012755951
1968-03-01,12.527,-12.493368423712958,2.369861894255121
1968-04-01,12.432,-16.18413101803492,0.7292173067574126
1968-05-01,12.389,-12.64845924786252,0.4866574742476981
1968-06-01,12.557,0.961377484848014,1.6678811432272678
1968-07-01,12.928,16.939536433727564,2.5462044895693037
1968-08-01,12.875,16.639040685730322,2.1987617082076527
1968-09-01,12.931,12.456579508197851,1.3560119140931137
1968-10-01,13.086,4.978965830229676,0.9800138899606514
1968-11-01,13.104,7.306637632548729,0.8077544426494221
1968-12-01,13.021,2.813207636188242,0.5327362569487404
1969-01-01,12.893,-5.770200550057103,-0.76964519356576
1969-02-01,12.879,-6.693255907798024,0.49941474834178656
1969-03-01,12.751,-8.039859235583224,1.7881376227348866
1969-04-01,12.468,-12.547698423093612,0.28957528957529455
1969-05-01,12.47,-12.110449948435043,0.6538057954637244
1969-06-01,12.41,-10.275686733243228,-1.1706617822728416
1969-07-01,12.239,-7.146866429556376,-5.3295173267326685
1969-08-01,12.565,3.0823136996912748,-2.4077669902912713
1969-09-01,12.743,11.17307198049411,-1.4538705436547783
1969-10-01,12.754,17.923921084261373,-2.5370625095522015
1969-11-01,12.969,13.494806642435586,-1.0302197802197766
1969-12-01,13.049,9.956825246724677,0.21503724752323095
1970-01-01,13.128,12.255756658135608,1.8226944853796612
1970-02-01,13.019,1.5510801126990437,1.0870409193260322
1970-03-01,13.173,3.8555817485629302,3.3095443494628007
1970-04-01,13.364,7.386971746164339,7.186397176772541
1970-05-01,13.04,0.6467736389927481,4.570970328789081
1970-06-01,13.197,0.7307574100011482,6.341659951651879
1970-07-01,12.799,-15.86856658573279,4.575537217092895
1970-08-01,13.445,13.014159805743454,7.003581376840429
1970-09-01,13.847,21.20538126667544,8.66358000470846
1970-10-01,14.017,43.852077096735,9.90277559981183
1970-11-01,14.055,19.42085426446152,8.373814480684704
1970-12-01,14.225,11.374644664909672,9.012184841750326
1971-01-01,14.24,6.517180906040587,8.470444850700787
1971-02-01,14.488,12.90426541129277,11.283508718027502
1971-03-01,14.479,7.335942022204844,9.914218477188186
1971-04-01,14.606,10.684097441221583,9.293624663274457
1971-05-01,14.698,5.925182993829892,12.714723926380378
1971-06-01,14.564,2.368987679543056,10.358414791240445
1971-07-01,14.302,-8.069015808186798,11.743104930072668
1971-08-01,14.38,-8.377408374887786,6.954258088508736
1971-09-01,14.928,10.378331414040057,7.806745143352356
1971-10-01,14.854,16.35541071767235,5.971320539345082
1971-11-01,14.864,14.158234179224015,5.755958733546795
1971-12-01,15.104,4.800028850791716,6.179261862917396
1972-01-01,15.347,13.951565009141431,7.773876404494384
1972-02-01,15.331,13.17204093043587,5.818608503589173
1972-03-01,15.382,7.568056063195461,6.236618551004902
1972-04-01,15.534,4.963724047945672,6.353553334246209
1972-05-01,15.628,7.9771040860660225,6.327391481834255
1972-06-01,15.809,11.574864926216556,8.548475693490797
1972-07-01,15.597,1.632143513876816,9.054677667459089
1972-08-01,15.623,-0.1279140254024646,8.64394993045896
1972-09-01,15.459,-8.565942848895503,3.5570739549839248
1972-10-01,15.637,1.02979134449106,5.271307391948299
1972-11-01,15.833,5.4860708504877564,6.519106566200206
1972-12-01,15.595,3.5656958827984697,3.2507944915254328
1973-01-01,15.548,-2.257288394749657,1.3097022219326293
1973-02-01,15.12,-16.832371555755422,-1.376296392929366
1973-03-01,15.099,-12.12785576213683,-1.83981276817059
1973-04-01,15.02,-12.907330418273531,-3.3088708639114284
1973-05-01,14.829,-7.47900470232411,-5.112618377271561
1973-06-01,14.895,-5.295789108032656,-5.781516857486235
1973-07-01,15.035,0.4000661785289683,-3.6032570366095973
1973-08-01,14.631,-5.234866113809533,-6.349612750432055
1973-09-01,14.883,-0.3218665666738562,-3.7259848631864934
1973-10-01,15.448,11.448778614897016,-1.2086717401036062
1973-11-01,15.585,28.745241196632044,-1.5663487652371577
1973-12-01,15.723,24.56032441280933,0.8207758897082362
1974-01-01,16.171,20.076622982561236,4.006946231026487
1974-02-01,15.933,9.235298077195765,5.37698412698413
1974-03-01,15.817,2.4129322321524205,4.755281806742162
1974-04-01,15.561,-14.256244284148444,3.601864181091874
1974-05-01,14.833,-24.88515726013979,0.026974172230076476
1974-06-01,14.361,-32.0417369285104,-3.58509566968781
1974-07-01,14.185,-30.94941700655508,-5.653475224476223
1974-08-01,14.055,-19.386567653031083,-3.936846421980733
1974-09-01,14.102,-7.021162372988044,-5.2475979305247495
1974-10-01,15.536,43.89294119423437,0.5696530295183688
1974-11-01,16.201,76.54031139479329,3.952518447224884
1974-12-01,16.823,102.53073478562102,6.996120333269729
1975-01-01,16.874,39.16029119012947,4.347288355698464
1975-02-01,17.123,24.78205644371101,7.468775497395352
1975-03-01,17.333,12.688907465878142,9.584624138585053
1975-04-01,17.387,12.726607570267024,11.734464366043307
1975-05-01,17.288,3.910536895476735,16.550933728847838
1975-06-01,17.488,3.6252593149099783,21.77424970405959
1975-07-01,17.331,-1.2821080920180197,22.178357419809647
1975-08-01,17.449,3.777488232110749,24.147990039131994
1975-09-01,17.438,-1.1387460127533222,23.656218976031763
1975-10-01,17.397,1.5320055475489758,11.97863027806385
1975-11-01,17.789,8.024924110115016,9.80186408246404
1975-12-01,17.692,5.954895985870179,5.165547167568207
1976-01-01,17.537,3.2580107189335017,3.929121725731899
1976-02-01,17.725,-1.4313439917052584,3.51573906441629
1976-03-01,17.821,2.94862678523935,2.8154387584376828
1976-04-01,17.675,3.1849794377005525,1.6564099614654548
1976-05-01,17.826,2.2988221442068912,3.1119851920407227
1976-06-01,17.82,-0.0224435403802014,1.8984446477584571
1976-07-01,17.714,0.8855280476431471,2.2099128728867212
1976-08-01,17.953,2.880369362439761,2.8884176743652734
1976-09-01,17.948,2.9042814938624595,2.924647321940599
1976-10-01,17.983,6.214061424563111,3.3683968500316297
1976-11-01,18.268,7.205209091150944,2.6926752487492323
1976-12-01,18.335,8.907907482032783,3.634411033235363
1977-01-01,18.353,8.487494986882682,4.653019330558261
1977-02-01,18.227,-0.8947269139818359,2.8321579689703835
1977-03-01,18.301,-0.7396900712614451,2.6934515459289488
1977-04-01,18.406,1.1601378151818276,4.135785007072124
1977-05-01,18.379,3.377669343024703,3.102210254684179
1977-06-01,18.208,-2.017234093264131,2.1773288439955074
1977-07-01,18.425,0.4135486255738563,4.013774415716398
1977-08-01,17.858,-10.865924678928984,-0.5291594719545434
1977-09-01,18.247,0.8595228709389335,1.6659237798083426
1977-10-01,17.658,-15.640098532972535,-1.8072624145025862
1977-11-01,18.15,6.70265922587201,-0.6459382526822988
1977-12-01,18.42,3.84667967333705,0.46359421870738604
1978-01-01,18.806,28.6529287200076,2.468261319675258
1978-02-01,19.155,24.057237984975345,5.091348000219464
1978-03-01,18.958,12.20483521892195,3.5899677613245196
1978-04-01,18.851,0.9605822697760004,2.4176898837335647
1978-05-01,18.443,-14.059546765556574,0.3482235159693037
1978-06-01,18.774,-3.826110922017578,3.108523725834811
1978-07-01,18.801,-1.0567380634175505,2.0407055630936144
1978-08-01,18.772,7.328711878219973,5.118154328592217
1978-09-01,18.934,3.452797011751163,3.765002466158829
1978-10-01,18.832,0.6611724007899333,6.648544569033854
1978-11-01,19.169,8.731567101319836,5.61432506887054
1978-12-01,18.885,-1.0311632954134842,2.5244299674267
1979-01-01,18.818,-0.2970347496000114,0.06380942252472988
1979-02-01,18.423,-14.68142781634706,-3.8214565387627353
1979-03-01,18.439,-9.117241454803947,-2.737630551745951
1979-04-01,18.587,-4.820517543488823,-1.4004562092196693
1979-05-01,17.788,-13.0905353577774,-3.55148294745975
1979-06-01,18.39,-1.05873477080356,-2.045381911153721
1979-07-01,18.822,5.15402007500243,0.1116961863730781
1979-08-01,18.923,28.07119869521217,0.804389516300863
1979-09-01,18.667,6.1625136545031545,-1.4101616140276718
1979-10-01,18.353,-9.600676157929213,-2.543542905692431
1979-11-01,18.492,-8.80404374351389,-3.531743961604672
1979-12-01,19.248,13.043170628736569,1.9221604447974494
1980-01-01,19.452,26.19111716300735,3.369114677436502
1980-02-01,19.027,12.084545125400291,3.278510557455361
1980-03-01,17.879,-25.55587022495106,-3.037041054287104
1980-04-01,18.174,-23.80174052360872,-2.2219831064722695
1980-05-01,19.421,8.54381465030556,9.180346300876984
1980-06-01,20.196,62.8128020090583,9.820554649265901
1980-07-01,20.401,58.78289960727281,8.389119115928168
1980-08-01,20.352,20.598532421812557,7.551656714051691
1980-09-01,19.921,-5.336383131152189,6.717737183264583
1980-10-01,19.837,-10.608103763597466,8.085871519642552
1980-11-01,20.091,-5.03188043615258,8.646982478909804
1980-12-01,20.325,8.362165456247261,5.595386533665825
1981-01-01,20.278,9.193428303144312,4.246349989718268
1981-02-01,20.536,9.158411737835802,7.9308351290271695
1981-03-01,21.072,15.531606774844152,17.858940656636268
1981-04-01,20.849,11.748175833427844,14.718829096511499
1981-05-01,20.219,-6.033020630405128,4.1089542248082145
1981-06-01,20.289,-14.055213293917769,0.460487225193118
1981-07-01,20.65,-3.763613735090132,1.2205284054703114
1981-08-01,20.936,14.957192663719976,2.869496855345921
1981-09-01,21.031,15.450847400349032,5.572009437277248
1981-10-01,21.115,9.31609743789108,6.442506427383177
1981-11-01,21.675,14.88453904938658,7.8841272211438
1981-12-01,21.807,15.596317924216809,7.29151291512915
1982-01-01,21.152,0.7027680189256147,4.310089752441071
1982-02-01,20.762,-15.813913308077431,1.1005064277366472
1982-03-01,20.898,-15.6596876517203,-0.8257403189065982
1982-04-01,20.769,-7.048459006400254,-0.3837114489903648
1982-05-01,21.285,10.46326387073584,5.272268658192791
1982-06-01,21.164,5.189432496933844,4.312681748730829
1982-07-01,21.49,14.626047284481205,4.067796610169494
1982-08-01,21.833,10.7029109918523,4.284486052732128
1982-09-01,21.752,11.584986925565577,3.428272550045164
1982-10-01,22.412,18.297834088577854,6.1425526876627945
1982-11-01,22.733,17.536660894533405,4.881199538638992
1982-12-01,22.966,24.26380955286591,5.314807172009006
1983-01-01,22.697,5.184410044578525,7.304273827534025
1983-02-01,23.319,10.716585061968154,12.315769193719284
1983-03-01,23.621,11.905562995727625,13.029955019619099
1983-04-01,23.89,22.741314027681423,15.02720400597044
1983-05-01,23.907,10.4741417939173,12.318534178999286
1983-06-01,23.641,0.3391120692149085,11.703836703836679
1983-07-01,23.903,0.2178420256898849,11.228478362028849
1983-08-01,23.83,-1.2821147632368968,9.146704529840143
1983-09-01,23.994,6.107784357507073,10.30709819786686
1983-10-01,24.61,12.366488423766286,9.807246118151003
1983-11-01,24.491,11.565496839432065,7.733251220692372
1983-12-01,24.593,10.36603008811987,7.084385613515631
1984-01-01,24.736,2.0637295814513346,8.983566110058593
1984-02-01,25.262,13.199588986508948,8.332261246194106
1984-03-01,24.812,3.609851399342712,5.04212353414335
1984-04-01,24.457,-4.435884336587826,2.3733779824194334
1984-05-01,22.894,-32.54474463678828,-4.237252687497395
1984-06-01,22.794,-28.774569023713337,-3.582758766549632
1984-07-01,20.057,-54.76744043158437,-16.090030540099576
1984-08-01,18.023,-61.592006728428586,-24.368443138900542
1984-09-01,18.848,-53.25029048508798,-21.44702842377262
1984-10-01,20.242,3.740845703964735,-17.748882568061763
1984-11-01,21.901,118.04566154120292,-10.575313380425467
1984-12-01,23.727,151.13672625375406,-3.5213272069288037
1985-01-01,25.683,159.1608078168,3.8284282018111293
1985-02-01,26.307,108.17545303213576,4.136647929696768
1985-03-01,25.998,44.141300669525,4.779945187812351
1985-04-01,26.548,14.167956800079384,8.549699472543647
1985-05-01,26.822,8.063575642000664,17.157333799248708
1985-06-01,27.644,27.833235006805435,21.27752917434411
1985-07-01,28.035,24.35836566731244,39.77663658573067
1985-08-01,28.58,28.90930445314286,58.57515396992732
1985-09-01,28.742,16.85960204019141,52.49363327674026
1985-10-01,29.303,19.35650646396516,44.76336330402133
1985-11-01,29.176,8.606071181943564,33.21766129400483
1985-12-01,30.251,22.713121109417635,27.49610148775656
1986-01-01,30.794,21.95962529780402,19.900323170969124
1986-02-01,30.775,23.791049582837044,16.98407268027522
1986-03-01,31.33,15.04894410313764,20.50926994384181
1986-04-01,31.625,11.23916365434303,19.123851137562163
1986-05-01,32.39,22.70197287506337,20.75907836850348
1986-06-01,33.144,25.250105869751337,19.895818260743738
1986-07-01,33.917,32.29626669762362,20.980916711253794
1986-08-01,34.319,26.03602766376727,20.080475857242842
1986-09-01,34.613,18.942561849274632,20.426553475749778
1986-10-01,35.421,18.95249240294041,20.878408354093423
1986-11-01,36.519,28.21446013696147,25.16794625719769
1986-12-01,38.014,45.48469637677266,25.66196158804668
1987-01-01,38.664,41.96584007182423,25.5569266740274
1987-02-01,38.45,22.888111332349027,24.93907392363934
1987-03-01,38.301,3.0543126258072872,22.250239387168858
1987-04-01,38.541,-1.2664421940356885,21.868774703557303
1987-05-01,38.777,3.445463550459893,19.71904908922506
1987-06-01,38.686,4.081815137531764,16.72097513878832
1987-07-01,38.408,-1.3732195199916752,13.241147507149797
1987-08-01,38.562,-2.199432564488113,12.363413852384951
1987-09-01,38.178,-5.149989224822726,10.299598416779808
1987-10-01,38.884,5.050219934781697,9.776686146636182
1987-11-01,38.71,1.5440507508535315,5.999616637914507
1987-12-01,38.136,-0.4393183915918919,0.32093439259219814
1988-01-01,38.383,-5.055037738754975,-0.7267742602938054
1988-02-01,39.01,3.1361976160980243,1.456436931079308
1988-03-01,37.515,-6.356152838992413,-2.0521657397979176
1988-04-01,36.629,-17.063713655830348,-4.960950675903586
1988-05-01,37.381,-15.685967714312788,-3.6000722077520253
1988-06-01,37.195,-3.368560534750964,-3.8541074290440958
1988-07-01,37.075,4.960137216944149,-3.470631118516976
1988-08-01,37.23,-1.606029994114222,-3.4541776878792563
1988-09-01,37.504,3.364666519804227,-1.7654146367017676
1988-10-01,38.124,11.807054072770365,-1.9545314268079372
1988-11-01,37.687,5.00116696559485,-2.6427279772668677
1988-12-01,38.738,13.825199265548394,1.5785609397944045
1989-01-01,38.773,6.985218291644268,1.0160748247922236
1989-02-01,38.852,12.95026380973856,-0.40502435273007675
1989-03-01,38.032,-7.093119482080345,1.3781154204984603
1989-04-01,37.244,-14.865095879366386,1.6789975156296988
1989-05-01,37.581,-12.457325946066057,0.5350311655653917
1989-06-01,37.595,-4.517518121151531,1.075413362011024
1989-07-01,38.744,17.109614735976297,4.501685772083608
1989-08-01,38.723,12.720435016672704,4.010206822455009
1989-09-01,38.981,15.582357336672992,3.938246587030725
1989-10-01,39.608,9.22293162394281,3.8925611163571405
1989-11-01,39.821,11.833692159894603,5.662430015655273
1989-12-01,40.222,13.355537935251435,3.8308637513552624
1990-01-01,40.292,7.088700327295983,3.9176746705181342
1990-02-01,39.296,-5.170222293197124,1.1427983115412488
1990-03-01,38.527,-15.82054203360521,1.301535549011379
1990-04-01,39.237,-10.06932008702205,5.351197508323491
1990-05-01,39.419,1.2579265834441244,4.890769271706441
1990-06-01,39.786,13.72615115201028,5.827902646628558
1990-07-01,39.818,6.055840727494921,2.7720421226512526
1990-08-01,39.947,5.466435334950526,3.1609121194122514
1990-09-01,40.466,7.013851671476634,3.8095482414509663
1990-10-01,40.398,5.95505722100671,1.9945465562512865
1990-11-01,40.741,8.19073231684595,2.3103387659777486
1990-12-01,41.441,9.99167051087426,3.03067972751232
1991-01-01,41.76,14.183276394689948,3.643403156954217
1991-02-01,41.82,11.022083990970645,6.42304560260587
1991-03-01,41.564,1.1925261863737102,7.882783502478774
1991-04-01,41.631,-1.2299185148689995,6.101383897851509
1991-05-01,42.108,2.783249336058935,6.821583500342476
1991-06-01,42.372,8.00565868287988,6.499773789775287
1991-07-01,42.378,7.37284351021934,6.429253101612331
1991-08-01,42.629,5.041792187755667,6.71389591208349
1991-09-01,42.913,5.20579247965598,6.047051845994167
1991-10-01,43.746,13.551158105371195,8.28753898707857
1991-11-01,44.507,18.82086410693873,9.243759357894987
1991-12-01,45.324,24.439259173747896,9.369947636398734
1992-01-01,46.141,23.76407947298553,10.490900383141755
1992-02-01,47.525,30.009538234366783,13.641798182687715
1992-03-01,48.183,27.721033394837622,15.924838802810125
1992-04-01,48.952,26.687495401164018,17.58545314789459
1992-05-01,49.182,14.692822292925612,16.79965802222856
1992-06-01,49.041,7.315368725068905,15.739167374681395
1992-07-01,49.471,4.308811278080582,16.737458115059688
1992-08-01,50.229,8.791104499276825,17.828238992235335
1992-09-01,51.107,17.946289929627923,19.094446904201522
1992-10-01,52.625,28.045900433010274,20.296712842317
1992-11-01,53.646,30.116164605292163,20.53384860808414
1992-12-01,54.298,27.41301097263105,19.799664636837
1993-01-01,54.805,17.628427965108486,18.777226327994633
1993-02-01,54.641,7.627976317720031,14.973172014729098
1993-03-01,54.879,4.349272033754525,13.897017620322515
1993-04-01,55.285,3.549624264661721,12.937162935120107
1993-05-01,56.534,14.594639501459582,14.948558415680523
1993-06-01,56.905,15.605089514876802,16.035562080707997
1993-07-01,57.486,16.901236939445653,16.201410927614155
1993-08-01,57.832,9.50500987445768,15.136674032929198
1993-09-01,58.444,11.264857900660964,14.356154734185145
1993-10-01,59.309,13.301078501983651,12.701187648456047
1993-11-01,60.215,17.52923675103668,12.24508817059986
1993-12-01,60.485,14.71785332720994,11.39452650189694
1994-01-01,60.822,10.60133813888331,10.978925280540096
1994-02-01,60.446,1.5433540789661748,10.62389048516681
1994-03-01,60.244,-1.584283312364887,9.776052770640863
1994-04-01,60.38,-2.875309643545998,9.215881342136223
1994-05-01,59.772,-4.386132834171185,5.7275267980330336
1994-06-01,59.715,-3.4663900762808675,4.938054652490997
1994-07-01,59.863,-3.381236517443853,4.134919806561599
1994-08-01,59.491,-1.8672599093000009,2.868654032369622
1994-09-01,59.313,-2.6657208789605646,1.486893436451986
1994-10-01,58.994,-5.6813739869097,-0.5311166939250378
1994-11-01,59.163,-2.18720374384328,-1.7470729884580316
1994-12-01,59.257,-0.3771230039252948,-2.030255435231876
1995-01-01,59.268,1.8707992237436244,-2.5549965473019687
1995-02-01,58.593,-3.798423805525608,-3.06554610726929
1995-03-01,58.141,-7.32313254795427,-3.4908040634752058
1995-04-01,57.863,-9.150467354730363,-4.1685988737992785
1995-05-01,57.492,-7.307044739416712,-3.8144950813089773
1995-06-01,57.104,-6.945767011747184,-4.372435736414648
1995-07-01,57.446,-2.8516588589444503,-4.037552411339229
1995-08-01,57.257,-1.6250126605095727,-3.755189860651198
1995-09-01,57.033,-0.4964114137872344,-3.8440139598401757
1995-10-01,56.474,-6.598248051227673,-4.271620842797574
1995-11-01,56.102,-7.827998484432197,-5.173841759207609
1995-12-01,56.226,-5.540881847174073,-5.115007509661307
1996-01-01,55.846,-4.3744183107603085,-5.773773368428159
1996-02-01,54.588,-10.365467829256868,-6.835287491679898
1996-03-01,55.274,-6.602591986985596,-4.931115735883451
1996-04-01,55.088,-5.31967642364799,-4.795810794462785
1996-05-01,53.914,-4.848095407672592,-6.223474570374998
1996-06-01,53.759,-10.520994305373344,-5.857733258615861
1996-07-01,53.01,-14.25610745004482,-7.722034606412976
1996-08-01,51.828,-14.601236372308325,-9.48181008435649
1996-09-01,50.945,-19.350525859173008,-10.674521768099176
1996-10-01,49.751,-22.415307850912967,-11.90459326415696
1996-11-01,49.566,-16.347737845659395,-11.650208548714836
1996-12-01,50.03,-6.992976641693938,-11.019812897947567
1997-01-01,49.639,-0.8974482027526598,-11.114493428356543
1997-02-01,48.673,-7.014127501826806,-10.83571480911556
1997-03-01,47.694,-17.408951807225257,-13.713500018091684
1997-04-01,47.093,-18.99098816463207,-14.51314260819052
1997-05-01,46.414,-17.311801344115562,-13.911043513744115
1997-06-01,46.571,-9.090919655594188,-13.370784426793659
1997-07-01,46.347,-6.187419648872528,-12.569326542161852
1997-08-01,46.316,-0.841901634669795,-10.63517789611793
1997-09-01,45.81,-6.377784695173105,-10.079497497301004
1997-10-01,45.69,-5.550835468022575,-8.162649996984984
1997-11-01,46.258,-0.499966695686016,-6.673929709881776
1997-12-01,46.551,6.628890994185155,-6.953827703377968
1998-01-01,46.449,6.81219545906937,-6.426398597876681
1998-02-01,45.685,-4.863513180087886,-6.138927125921967
1998-03-01,45.813,-6.1922178927459,-3.9438923134985537
1998-04-01,46.059,-3.3164597532469697,-2.1956554052619426
1998-05-01,45.379,-2.652418120013333,-2.2299306243805828
1998-06-01,45.166,-5.530505107928374,-3.0168989285177528
1998-07-01,44.636,-11.79706087216048,-3.6917168317258886
1998-08-01,44.686,-5.970042534482256,-3.5193021849900696
1998-09-01,44.599,-4.927708116399865,-2.6435276140580832
1998-10-01,44.714,0.7008216873602313,-2.1361348216239806
1998-11-01,44.732,0.4123983145970289,-3.298888840849157
1998-12-01,45.058,4.18067297277116,-3.2072350755085854
1999-01-01,44.824,0.987669000897662,-3.4984606773019844
1999-02-01,44.81,0.6993137108944003,-1.9152894823246114
1999-03-01,44.406,-5.663670237086271,-3.071180669242357
1999-04-01,43.495,-11.342617961946244,-5.566773051955098
1999-05-01,43.879,-8.055213175189003,-3.3054937305802223
1999-06-01,42.919,-12.736674472130316,-4.974981180534033
1999-07-01,41.683,-15.651272962876938,-6.615736177076803
1999-08-01,41.958,-16.395004348627186,-6.1048203016604745
1999-09-01,41.62,-11.567902597423195,-6.6795219623758335
1999-10-01,41.291,-3.708992645092168,-7.655320481281036
1999-11-01,41.535,-3.972030753438183,-7.147008852722891
1999-12-01,41.829,2.0238304286535502,-7.166318966665186
2000-01-01,42.159,8.677490216648721,-5.945475638051045
2000-02-01,41.338,-1.883740205001749,-7.748270475340324
2000-03-01,40.548,-11.698552491991364,-8.688015133090122
2000-04-01,40.18,-17.495331106453982,-7.621565697206567
2000-05-01,40.322,-9.474607300984127,-8.10638346361584
2000-06-01,39.692,-8.18065730999703,-7.518814511055705
2000-07-01,39.521,-6.4008358657553615,-5.186766787419328
2000-08-01,39.234,-10.364078038332902,-6.492206492206487
2000-09-01,39.078,-6.045543743420767,-6.107640557424299
2000-10-01,38.951,-5.645471744896979,-5.667094524230453
2000-11-01,39.1,-1.3591789301931945,-5.862525580835431
2000-12-01,38.475,-6.030871349360356,-8.018360467618157
2001-01-01,37.812,-11.193623706424471,-10.310965630114566
2001-02-01,38.534,-5.665762677137365,-6.783105133291412
2001-03-01,38.348,-1.3138149102541297,-5.425668343691436
2001-04-01,38.325,5.538290982404237,-4.6167247386759485
2001-05-01,38.415,-1.2295623973431091,-4.729428103764699
2001-06-01,38.604,2.6971409102220623,-2.741106520205583
2001-07-01,39.192,9.36064215133614,-0.8324688140482261
2001-08-01,39.778,14.965735900212728,1.3865524799918427
2001-09-01,54.532,298.177280739482,39.546547929781454
2001-10-01,45.334,79.02202089100439,16.387255782906742
2001-11-01,40.868,11.419643651322197,4.521739130434788
2001-12-01,41.317,-67.04590294187277,7.386614684860304
2002-01-01,41.63,-28.89019586856011,10.09732360097324
2002-02-01,41.783,9.260941068202744,8.431515025691594
2002-03-01,40.974,-3.2795448045914832,6.847814749139447
2002-04-01,40.468,-10.706196610911622,5.591650358773648
2002-05-01,39.396,-20.966713940649477,2.553689964857475
2002-06-01,38.978,-18.107382469011768,0.9688115221220706
2002-07-01,39.085,-12.985125152144128,-0.2730149010002014
2002-08-01,39.529,1.357244639786992,-0.6259741565689425
2002-09-01,38.646,-3.363766821052572,-29.131519108046643
2002-10-01,38.972,-1.1514483460472458,-14.033617152688937
2002-11-01,39.502,-0.2729373306690763,-3.342468434961343
2002-12-01,40.195,17.022651419634972,-2.7155892247743063
2003-01-01,40.695,18.89221981368707,-2.2459764592841713
2003-02-01,41.18,18.10520301444103,-1.4431706674963518
2003-03-01,41.148,9.826411269288648,0.4246595401962372
2003-04-01,40.538,-1.5342797208685144,0.17297617870908333
2003-05-01,40.853,-3.13866577315034,3.698345009645654
2003-06-01,42.094,9.518090294580883,7.994253168453991
2003-07-01,42.952,26.03300476200028,9.893821159012406
2003-08-01,45.447,53.15284371539768,14.971286903286195
2003-09-01,43.96,18.946029100489483,13.75045282823577
2003-10-01,43.295,3.232729915103727,11.092579287693738
2003-11-01,42.788,-21.428134003299228,8.318566148549422
2003-12-01,42.496,-12.67039850014683,5.724592611021273
2004-01-01,42.875,-3.824255631944118,5.356923454969897
2004-02-01,42.951,1.532521131322917,4.300631374453623
2004-03-01,44.816,23.69158438706025,8.914163507339357
2004-04-01,45.527,27.13338237660603,12.306971236864195
2004-05-01,45.311,23.857260342189623,10.91229530267055
2004-06-01,45.689,8.022505184159435,8.540409559557173
2004-07-01,45.882,3.155699547157909,6.821568262246225
2004-08-01,45.284,-0.2381397574356403,-0.3586595374832302
2004-09-01,46.142,4.025317158059627,4.963603275705197
2004-10-01,46.11,2.002572923056034,6.501905531816599
2004-11-01,45.82,4.819289726574905,7.086098906235394
2004-12-01,46.362,1.9208392441855795,9.097326807228923
2005-01-01,47.387,11.54660872622606,10.523615160349852
2005-02-01,45.859,0.3408976073960179,6.770505925356796
2005-03-01,46.767,3.5402946536135627,4.353355944305615
2005-04-01,46.001,-11.19606078026807,1.0411404221670528
2005-05-01,45.307,-4.728521661912033,-0.008827878440109682
2005-06-01,45.854,-7.583214297541041,0.36113725404363084
2005-07-01,45.986,-0.1303681641509069,0.22666841026981466
2005-08-01,44.994,-2.734865756932725,-0.6404027912728538
2005-09-01,46.068,1.8799037745481415,-0.16037449612068544
2005-10-01,45.202,-6.647046244571864,-1.9692040772066877
2005-11-01,44.974,-0.1776829696394033,-1.8463553033609803
2005-12-01,44.795,-10.603455709863896,-3.3799232129761436
2006-01-01,44.267,-8.020772338637238,-6.584084242513766
2006-02-01,44.083,-7.692177535127465,-3.8727403563095675
2006-03-01,43.709,-9.350519712784887,-6.538798725597106
2006-04-01,44.305,0.3438132998626386,-3.6868763722527675
2006-05-01,44.762,6.304919572788492,-1.202904628423862
2006-06-01,45.282,15.191098337107922,-1.2474375190823062
2006-07-01,44.214,-0.8190499520438044,-3.8533466707258657
2006-08-01,42.798,-16.428929354570798,-4.880650753433791
2006-09-01,42.918,-19.30335107811669,-6.837718155769734
2006-10-01,42.566,-14.096247539007043,-5.831600371664958
2006-11-01,42.762,-0.3360400278816344,-4.918397296215582
2006-12-01,42.933,0.1398747906780961,-4.156713918964172
2007-01-01,41.787,-7.121881364539129,-5.6023674520523254
2007-02-01,42.149,-5.61193901911351,-4.387178731030095
2007-03-01,41.889,-9.37771151938045,-4.163902171177558
2007-04-01,42.248,4.48641909131926,-4.64281683782869
2007-05-01,43.336,11.749654516550322,-3.185737902685315
2007-06-01,44.007,21.81116091068132,-2.815688352987944
2007-07-01,42.308,0.5692855307704248,-4.310851766408829
2007-08-01,44.627,12.45932724294201,4.273564185242296
2007-09-01,41.767,-18.85793125196267,-2.681858427699324
2007-10-01,42.758,4.322875459711972,0.4510642296668754
2007-11-01,42.83,-15.159830768634407,0.15901969037930286
2007-12-01,27.702,-80.64864542681956,-35.47620711340927
2008-01-01,-3.145,-99.99707306507128,-107.52626414913729
2008-02-01,-16.638,-97.72274228401952,-139.47424612683577
2008-03-01,-49.585,926.4948398691496,-218.37236506003964
2008-04-01,-90.696,69162280.90581615,-314.6752508994509
2008-05-01,-109.79,189503.63556267988,-353.34594794166514
2008-06-01,-125.244,3970.300261091441,-384.6001772445293
2008-07-01,-119.867,205.1026710330601,-383.31993949134915
2008-08-01,-121.545,50.20944847717217,-372.3575413987048
2008-09-01,-186.779,394.63456954243856,-547.192759834319
2008-10-01,-332.926,5851.032298685376,-878.628560737172
2008-11-01,-89.48,-70.62651272395476,-308.9189820219473
2008-12-01,166.621,-36.67039738203945,501.47642769475124
2009-01-01,293.893,-39.275196693313895,-9444.769475357709
2009-02-01,117.789,200.27213871066755,-807.9516768842408
2009-03-01,167.3,1.6400376749410084,-437.400423515176
2009-04-01,322.689,45.33816627014582,-455.7918761577137
2009-05-01,375.789,10259.941775149577,-442.2798069040896
2009-06-01,371.089,2320.6308284671427,-396.2928363833796
2009-07-01,429.13,212.76551453325413,-458.00512234393113
2009-08-01,497.598,207.4243411206698,-509.3940515858324
2009-09-01,615.346,656.0755664678487,-429.45138372086797
2009-10-01,791.329,1056.3061093654644,-337.6891561488138
2009-11-01,923.499,1086.4002062840357,-1132.0730889584265
2009-12-01,968.755,514.2968674896654,481.4123069721103
2010-01-01,967.186,123.15759852510028,229.09460245735698
2010-02-01,1113.481,111.3418599524283,845.3183234427662
2010-03-01,1094.3,62.813258701465394,554.0944411237297
2010-04-01,1036.415,31.85443847982064,221.18076538090855
2010-05-01,1034.332,-25.542474159775,175.24275590823578
2010-06-01,1029.954,-21.5260131299332,177.5490515752286
2010-07-01,1022.248,-5.356603273802407,138.21406100715402
2010-08-01,1025.75,-3.277779461920149,106.14029799155142
2010-09-01,995.239,-12.815710958544456,61.736486464525655
2010-10-01,991.32,-11.563734534387027,25.27280056714718
2010-11-01,992.036,-12.512979213292583,7.421448209472881
2010-12-01,1031.871,15.555889144405556,6.515166373334869
2011-01-01,1074.624,38.09268363802587,11.108308019346836
2011-02-01,1240.628,144.60007410738402,11.41887468219036
2011-03-01,1416.273,254.8838817116176,29.422735995613625
2011-04-01,1508.786,288.5835754114149,45.577399014873386
2011-05-01,1572.695,158.23298161117617,52.04934199077276
2011-06-01,1653.372,85.7352826378115,60.52872264198208
2011-07-01,1684.238,55.27561733056001,64.75825827000885
2011-08-01,1654.864,22.59456285164476,61.332098464538156
2011-09-01,1630.662,-5.382059895944824,63.84627210147513
2011-10-01,1626.919,-12.9337423957116,64.11643061776218
2011-11-01,1581.362,-16.61729871677,59.40570705095381
2011-12-01,1587.574,-10.157855880467714,53.85392166268845
2012-01-01,1605.687,-5.118871699112648,49.418494282651416
2012-02-01,1649.998,18.52459420220962,32.99699829441221
2012-03-01,1600.49,3.2942029480195423,13.00716740345964
2012-04-01,1577.905,-6.743342717297218,4.581100301832053
2012-05-01,1550.503,-22.02475063579112,-1.4110809788293377
2012-06-01,1551.961,-11.58797172362409,-6.133586391931156
2012-07-01,1579.791,0.4789601588654602,-6.201439464018755
2012-08-01,1579.017,7.561482511408246,-4.583276933935354
2012-09-01,1513.923,-9.44927454501494,-7.158994322551216
2012-10-01,1523.679,-13.468270008607083,-6.34573694203584
2012-11-01,1545.758,-8.162767371123536,-2.2514768914391525
2012-12-01,1568.221,15.13673582261048,-1.2190297901074287
2013-01-01,1630.307,31.07010437060742,1.5333000765404448
2013-02-01,1730.944,57.24109493700762,4.905824128271674
2013-03-01,1812.675,78.50513739532032,13.257502389893094
2013-04-01,1881.984,77.57676273648005,19.27105877730282
2013-05-01,1980.025,71.21847486744694,27.702106993665932
