DATE,CPIAUCSL,3m growth rate,12m growth rate
1947-01-01,21.48,,
1947-02-01,21.62,,
1947-03-01,22.0,,
1947-04-01,22.0,10.04076861033212,
1947-05-01,21.95,6.246673090891264,
1947-06-01,22.08,1.462498589987038,
1947-07-01,22.23,4.247854951168817,
1947-08-01,22.4,8.45609788920405,
1947-09-01,22.84,14.495421981855984,
1947-10-01,22.91,12.80867700913122,
1947-11-01,23.06,12.316907831435907,
1947-12-01,23.41,10.362430540119073,
1948-01-01,23.68,14.136995313309695,10.242085661080068
1948-02-01,23.67,11.00839407251346,9.481961147086038
1948-03-01,23.5,1.5466952665152078,6.818181818181812
1948-04-01,23.82,2.3859198445856045,8.272727272727277
1948-05-01,24.01,5.870657080158326,9.384965831435089
1948-06-01,24.15,11.53138395932023,9.375
1948-07-01,24.4,10.101256880970055,9.761583445793963
1948-08-01,24.43,7.18283195458993,9.062499999999996
1948-09-01,24.36,3.5238930678492157,6.654991243432562
1948-10-01,24.31,-1.4672667626300706,6.110868616324749
1948-11-01,24.16,-4.348044770657522,4.770164787510844
1948-12-01,24.05,-4.993966431762975,2.733874412644166
1949-01-01,24.01,-4.845615399686897,1.3935810810810967
1949-02-01,23.91,-4.075270175302769,1.0139416983523386
1949-03-01,23.91,-2.3082292552957906,1.744680851063829
1949-04-01,23.92,-1.4909658348284285,0.4198152812762368
1949-05-01,23.91,0.0,-0.4164931278633932
1949-06-01,23.92,0.1673990008383086,-0.9523809523809379
1949-07-01,23.7,-3.628485788017821,-2.868852459016391
1949-08-01,23.7,-3.467160836134209,-2.988129349160873
1949-09-01,23.75,-2.8126468300434526,-2.504105090311981
1949-10-01,23.67,-0.5053685405685959,-2.6326614561908546
1949-11-01,23.7,0.0,-1.9039735099337762
1949-12-01,23.61,-2.3371277945811286,-1.8295218295218296
1950-01-01,23.51,-2.676552458020653,-2.082465639316955
1950-02-01,23.61,-1.5103567663954376,-1.2547051442910906
1950-03-01,23.64,0.5092287609174351,-1.129234629861986
1950-04-01,23.65,2.403326305701392,-1.1287625418060276
1950-05-01,23.77,2.7383954241101627,-0.5855290673358438
1950-06-01,23.88,4.123174647179084,-0.16722408026756952
1950-07-01,24.07,7.295073302658883,1.561181434599157
1950-08-01,24.2,7.434739966848691,2.1097046413502074
1950-09-01,24.34,7.930702981760596,2.4842105263158
1950-10-01,24.5,7.339600938767599,3.50654837346851
1950-11-01,24.6,6.777307257915832,3.797468354430378
1950-12-01,24.98,10.9398158301238,5.80262600592969
1951-01-01,25.38,15.160126582370491,7.9540621012335055
1951-02-01,25.83,21.55062499999991,9.402795425667087
1951-03-01,25.88,15.209250639637872,9.475465313028764
1951-04-01,25.92,8.786127617768514,9.598308668076116
1951-05-01,25.99,2.500856246779737,9.339503575936048
1951-06-01,25.93,0.7750399730521051,8.584589614740379
1951-07-01,25.91,-0.1542317044947116,7.644370585791438
1951-08-01,25.86,-1.985807976759757,6.859504132231398
1951-09-01,26.03,1.5515614230014352,6.943303204601481
1951-10-01,26.16,3.915733307566449,6.775510204081625
1951-11-01,26.32,7.307346954298531,6.991869918699178
1951-12-01,26.47,6.934807696880729,5.964771817453962
1952-01-01,26.45,4.508531879219535,4.215918045705291
1952-02-01,26.41,1.3748127565144097,2.245451025938827
1952-03-01,26.39,-1.2034462479851404,1.9706336939721902
1952-04-01,26.46,0.1513145180646047,2.083333333333326
1952-05-01,26.47,0.9118482069388368,1.8468641785302164
1952-06-01,26.53,2.1389617834576047,2.313922097956045
1952-07-01,26.68,3.3674830590229465,2.9718255499807
1952-08-01,26.69,3.3661950324652468,3.209590100541382
1952-09-01,26.63,1.5162731967959695,2.3050326546292688
1952-10-01,26.69,0.1500093492336818,2.0259938837920544
1952-11-01,26.69,0.0,1.4057750759878473
1952-12-01,26.71,1.2070780053757169,0.9066868152625585
1953-01-01,26.64,-0.7472412638614978,0.7183364839319584
1953-02-01,26.59,-1.490286912470562,0.6815600151457879
1953-03-01,26.63,-1.192681410396612,0.9094353921940135
1953-04-01,26.69,0.7528669967229895,0.8692365835222926
1953-05-01,26.7,1.6650541092676274,0.86890819795995
1953-06-01,26.77,2.119532744931796,0.9046362608367886
1953-07-01,26.79,1.5071324593477264,0.41229385307346433
1953-08-01,26.85,2.2661990388580966,0.5994754589734086
1953-09-01,26.89,1.805144375708978,0.9763424708974844
1953-10-01,26.95,2.4104380182049523,0.9741476208317668
1953-11-01,26.85,0.0,0.5994754589734086
1953-12-01,26.87,-0.2971766148648358,0.5990265818045737
1954-01-01,26.94,-0.1483404157921586,1.1261261261261257
1954-02-01,26.99,2.1020302906961774,1.5043249341857745
1954-03-01,26.93,0.8961855892690718,1.1265490048817162
1954-04-01,26.86,-1.182544283613851,0.6369426751592355
1954-05-01,26.93,-0.8862574620167929,0.8614232209737782
1954-06-01,26.94,0.1486159877504445,0.635039223010847
1954-07-01,26.86,0.0,0.26129152668905586
1954-08-01,26.85,-1.1829814437613662,0.0
1954-09-01,26.81,-1.9162886941222368,-0.2975083674228385
1954-10-01,26.72,-2.068640864284421,-0.8534322820037077
1954-11-01,26.78,-1.0387595151201467,-0.26070763500931626
1954-12-01,26.77,-0.5954579659944614,-0.37216226274656705
1955-01-01,26.77,0.750606578944768,-0.6310319227913919
1955-02-01,26.82,0.598800722806847,-0.6298629121896937
1955-03-01,26.79,0.29917705363387,-0.519866320089124
1955-04-01,26.79,0.29917705363387,-0.2606105733432673
1955-05-01,26.77,-0.7436294208350902,-0.5941329372447068
1955-06-01,26.71,-1.1891357997487084,-0.8537490720118779
1955-07-01,26.76,-0.4471764937982403,-0.37230081906179935
1955-08-01,26.72,-0.7450144514580592,-0.484171322160154
1955-09-01,26.85,2.113134595636579,0.14919806042521522
1955-10-01,26.82,0.8998818464261538,0.37425149700598404
1955-11-01,26.88,2.41680945158389,0.37341299477220424
1955-12-01,26.87,0.2982846550118712,0.37355248412402897
1956-01-01,26.83,0.1492258647503019,0.22413149047439962
1956-02-01,26.86,-0.2972870482366718,0.1491424310216205
1956-03-01,26.89,0.298062386575415,0.3732736095558131
1956-04-01,26.93,1.49922424355462,0.5225830533781339
1956-05-01,27.03,2.5557817517760872,0.9712364587224576
1956-06-01,27.15,3.924065224402362,1.647323099962561
1956-07-01,27.29,5.4553771011603525,1.9805680119581393
1956-08-01,27.31,4.208373583543867,2.208083832335328
1956-09-01,27.35,2.97931223206509,1.862197392923659
1956-10-01,27.51,3.26382765082236,2.572706935123037
1956-11-01,27.51,2.9616659581387594,2.34375
1956-12-01,27.63,4.158380095149994,2.828433196873825
1957-01-01,27.67,2.346801543922972,3.130823704808061
1957-02-01,27.8,4.283793771573086,3.4996276991809516
1957-03-01,27.86,3.3715215217773764,3.607288955001864
1957-04-01,27.93,3.811891997669914,3.713330857779429
1957-05-01,28.0,2.908901344317427,3.588605253422128
1957-06-01,28.11,3.637978683325072,3.53591160220994
1957-07-01,28.19,3.775912469020581,3.2979113228288837
1957-08-01,28.28,4.060401000000002,3.551812522885389
1957-09-01,28.32,3.021913869660464,3.546617915904937
1957-10-01,28.32,1.8574249434652133,2.944383860414379
1957-11-01,28.41,1.8514730332018337,3.271537622682663
1957-12-01,28.47,2.135536030680951,3.0401737242128135
1958-01-01,28.64,4.596959052856442,3.5056017347307566
1958-02-01,28.7,4.146013826584682,3.237410071942448
1958-03-01,28.87,5.739503522298284,3.6252692031586653
1958-04-01,28.94,4.2562386893896464,3.6161833154314316
1958-05-01,28.94,3.3871396663573083,3.3571428571428585
1958-06-01,28.91,0.5553613867891771,2.8459622909996485
1958-07-01,28.89,-0.6892960711390894,2.483150053210359
1958-08-01,28.94,0.0,2.333804809052342
1958-09-01,28.91,0.0,2.083333333333326
1958-10-01,28.91,0.2772001110239008,2.083333333333326
1958-11-01,28.95,0.138288656967811,1.9007391763463444
1958-12-01,28.97,0.8327505382474953,1.7562346329469625
1959-01-01,29.01,1.3907997110842674,1.2918994413407825
1959-02-01,29.0,0.6926381055556652,1.0452961672473782
1959-03-01,28.97,0.0,0.3463803255975062
1959-04-01,28.98,-0.4130092574541333,0.13821700069107656
1959-05-01,29.04,0.552866686162945,0.3455425017277136
1959-06-01,29.11,1.9470917008565405,0.6918021445866396
1959-07-01,29.15,2.367173467402805,0.8999653859466772
1959-08-01,29.18,1.9423643858955897,0.8293020041465038
1959-09-01,29.25,1.937659969440708,1.1760636457972984
1959-10-01,29.35,2.772799314261132,1.5219647180906293
1959-11-01,29.35,2.3508071965555155,1.3816925734024155
1959-12-01,29.41,2.20605284859392,1.5188125647221273
1960-01-01,29.37,0.2728511375631681,1.2409513960703222
1960-02-01,29.41,0.8202281055886163,1.4137931034482687
1960-03-01,29.41,0.0,1.5188125647221273
1960-04-01,29.54,2.3354674803952813,1.9323671497584405
1960-05-01,29.57,2.19395335363044,1.8250688705234275
1960-06-01,29.61,2.7480365486791447,1.7176228100309165
1960-07-01,29.55,0.1354783887151045,1.3722126929674117
1960-08-01,29.61,0.5421878466051577,1.473612063056895
1960-09-01,29.61,0.0,1.2307692307692353
1960-10-01,29.75,2.734885063047421,1.3628620102214661
1960-11-01,29.78,2.3163747936635337,1.4650766609880739
1960-12-01,29.81,2.729287165766836,1.3600816048962905
1961-01-01,29.84,1.2155862541839646,1.6002723867892366
1961-02-01,29.84,0.8083488708299891,1.4620877252635056
1961-03-01,29.84,0.4031575606546989,1.4620877252635056
1961-04-01,29.81,-0.4015387269181825,0.9140148950575577
1961-05-01,29.84,0.0,0.9130875887723988
1961-06-01,29.84,0.0,0.7767646065518496
1961-07-01,29.92,1.4842047000504175,1.25211505922167
1961-08-01,29.94,1.3472359914813214,1.1144883485309176
1961-09-01,29.98,1.8899241284001889,1.249577845322536
1961-10-01,29.98,0.8045551161701026,0.7731092436974896
1961-11-01,29.98,0.5354740379545975,0.671591672263272
1961-12-01,30.01,0.4008680462650682,0.6709158000671067
1962-01-01,30.04,0.8029401003417203,0.6702412868632601
1962-02-01,30.11,1.745804012383645,0.9048257372654245
1962-03-01,30.17,2.1497384553968546,1.1058981233244003
1962-04-01,30.21,2.2829364575537747,1.3418316001341912
1962-05-01,30.24,1.7382177204780636,1.3404825737265424
1962-06-01,30.21,0.5313837528189813,1.2399463806970434
1962-07-01,30.22,0.1324722454697502,1.0026737967914423
1962-08-01,30.28,0.5301512577956746,1.135604542418167
1962-09-01,30.42,2.8096635202536246,1.4676450967311627
1962-10-01,30.38,2.1346813063265246,1.3342228152101399
1962-11-01,30.38,1.3275623255452285,1.3342228152101399
1962-12-01,30.38,-0.5249332501617632,1.2329223592135952
1963-01-01,30.44,0.7923368356539617,1.331557922769644
1963-02-01,30.48,1.3231709054108531,1.2288276320159497
1963-03-01,30.51,1.7226703557344791,1.1269472986410234
1963-04-01,30.48,0.526661139549156,0.893743793445867
1963-05-01,30.51,0.3942824200563244,0.8928571428571619
1963-06-01,30.61,1.3175053063272824,1.3240648791790655
1963-07-01,30.69,2.7845178637541546,1.5552614162806178
1963-08-01,30.75,3.183831378481927,1.5521796565389767
1963-09-01,30.72,1.4452056882319653,0.9861932938855844
1963-10-01,30.75,0.7843099709454737,1.2179065174456882
1963-11-01,30.78,0.3908153626070998,1.3166556945358954
1963-12-01,30.88,2.0996659626195235,1.6458196181698526
1964-01-01,30.94,2.494546220464522,1.6425755584756896
1964-02-01,30.91,1.7001417563466736,1.4107611548556331
1964-03-01,30.94,0.779470169591967,1.4093739757456536
1964-04-01,30.95,0.1293451730806749,1.5419947506561726
1964-05-01,30.98,0.9089375131482668,1.5404785316289749
1964-06-01,31.01,0.9080532006369602,1.3067624959163693
1964-07-01,31.02,0.9077588120533164,1.0752688172043001
1964-08-01,31.05,0.906876790462796,0.9756097560975618
1964-09-01,31.08,0.905996481225846,1.171875
1964-10-01,31.12,1.2957395109360892,1.2032520325203189
1964-11-01,31.21,2.077178344088737,1.3970110461338558
1964-12-01,31.25,2.205918670501328,1.1981865284974136
1965-01-01,31.28,2.072470025935802,1.098901098901095
1965-02-01,31.28,0.900171147352502,1.1970236169524417
1965-03-01,31.31,0.7702146725141246,1.1958629605688387
1965-04-01,31.38,1.284917678971076,1.3893376413570246
1965-05-01,31.48,2.5821783622925976,1.6139444803098701
1965-06-01,31.61,3.888078308602383,1.9348597226700903
1965-07-01,31.58,2.573871040147724,1.8052869116698789
1965-08-01,31.55,0.8924247507802185,1.6103059581320522
1965-09-01,31.62,0.1266022946490697,1.737451737451745
1965-10-01,31.65,0.8895894409418847,1.7030848329048665
1965-11-01,31.75,2.559870592093616,1.7302146747837144
1965-12-01,31.85,2.9414507138790347,1.9200000000000106
1966-01-01,31.88,2.938632254653495,1.9181585677749302
1966-02-01,32.08,4.222748020129963,2.5575447570332477
1966-03-01,32.18,4.209284097267796,2.7786649632705274
1966-04-01,32.28,5.1140702608790445,2.8680688336520044
1966-05-01,32.35,3.4093245886416934,2.763659466327839
1966-06-01,32.38,2.5092883712628744,2.4359379943056148
1966-07-01,32.45,2.1232671374124656,2.754908169727699
1966-08-01,32.65,3.761347340858467,3.4865293185419866
1966-09-01,32.75,4.64966432762306,3.5736875395319334
1966-10-01,32.85,5.022581937984483,3.791469194312813
1966-11-01,32.88,2.847678470420534,3.5590551181102548
1966-12-01,32.92,2.0925587869959905,3.3594976452119285
1967-01-01,32.9,0.61021943537376,3.19949811794229
1967-02-01,33.0,1.467865378896005,2.8678304239401653
1967-03-01,33.0,0.9756025366934872,2.5481665630826544
1967-04-01,33.1,2.453873682113117,2.5402726146220633
1967-05-01,33.1,1.2176419930164606,2.3183925811437467
1967-06-01,33.3,3.686251622156944,2.8412600370598895
1967-07-01,33.4,3.674963740110071,2.9275808936825687
1967-08-01,33.5,4.922167331892835,2.6033690658499253
1967-09-01,33.6,3.652594084881789,2.595419847328251
1967-10-01,33.7,3.6415110611586874,2.5875190258751957
1967-11-01,33.9,4.862344807517127,3.10218978102188
1967-12-01,34.0,4.847615657185012,3.280680437424044
1968-01-01,34.1,4.832975458138367,3.647416413373872
1968-02-01,34.2,3.58708964323573,3.6363636363636376
1968-03-01,34.3,3.576399954801768,3.9393939393939315
1968-04-01,34.4,3.565773782587822,3.92749244712991
1968-05-01,34.5,3.5552105622194574,4.229607250755274
1968-06-01,34.7,4.746957927096118,4.2042042042042205
1968-07-01,34.9,5.941943930793014,4.491017964071853
1968-08-01,35.0,5.924347428153776,4.477611940298498
1968-09-01,35.1,4.691293739046332,4.464285714285721
1968-10-01,35.3,4.663948264911011,4.7477744807121525
1968-11-01,35.4,4.650394708871275,4.424778761061954
1968-12-01,35.6,5.82091831595144,4.705882352941182
1969-01-01,35.7,4.610202527017271,4.692082111436946
1969-02-01,35.8,4.596959052856353,4.678362573099393
1969-03-01,36.1,5.737445892164228,5.247813411078739
1969-04-01,36.3,6.894075541464106,5.523255813953476
1969-05-01,36.4,6.874335632365769,5.507246376811592
1969-06-01,36.6,5.656333083234122,5.475504322766556
1969-07-01,36.8,5.624526370859106,5.4441260744985565
1969-08-01,36.9,5.608756750012933,5.428571428571427
1969-09-01,37.1,5.577481252000394,5.698005698005693
1969-10-01,37.3,5.546552539274274,5.665722379603411
1969-11-01,37.5,6.664427392247885,5.932203389830515
1969-12-01,37.7,6.627631488269814,5.89887640449438
1970-01-01,37.9,6.591239546739702,6.162464985994376
1970-02-01,38.1,6.555244953600004,6.424581005586605
1970-03-01,38.3,6.519641238357488,6.094182825484751
1970-04-01,38.5,6.484422070210383,6.060606060606077
1970-05-01,38.6,5.353584393550692,6.043956043956045
1970-06-01,38.8,5.325082142317106,6.010928961748618
1970-07-01,38.9,4.221060321922088,5.7065217391304435
1970-08-01,39.0,4.209955254236486,5.691056910569103
1970-09-01,39.2,4.187919474913704,5.660377358490565
1970-10-01,39.4,5.241367343155456,5.630026809651478
1970-11-01,39.6,6.297320121844452,5.600000000000005
1970-12-01,39.8,6.264455250168166,5.570291777188308
1971-01-01,39.9,5.173589284483637,5.277044854881274
1971-02-01,39.9,3.064912536859543,4.724409448818889
1971-03-01,40.0,2.0252522051322552,4.438642297650142
1971-04-01,40.1,2.020138253530579,4.155844155844157
1971-05-01,40.3,4.0707302165439385,4.404145077720201
1971-06-01,40.5,5.094533691406222,4.381443298969079
1971-07-01,40.6,5.081592010985481,4.370179948586128
1971-08-01,40.7,4.029725453638289,4.358974358974366
1971-09-01,40.8,2.996047651573708,4.081632653061207
1971-10-01,40.9,2.988586535253024,3.8071065989847774
1971-11-01,41.0,2.9811624852858154,3.535353535353525
1971-12-01,41.1,2.973775226159514,3.266331658291466
1972-01-01,41.2,2.9664244850849952,3.2581453634085378
1972-02-01,41.4,3.9599202338768342,3.759398496240607
1972-03-01,41.4,2.9518314793522737,3.499999999999992
1972-04-01,41.5,2.9445886824343903,3.4912718204488824
1972-05-01,41.6,1.9464149618643845,3.2258064516129226
1972-06-01,41.7,2.930209189336419,2.9629629629629672
1972-07-01,41.8,2.92307197635584,2.9556650246305383
1972-08-01,41.9,2.9159694454055973,2.9484029484029284
1972-09-01,42.1,3.8924919811353274,3.1862745098039325
1972-10-01,42.2,3.883046350449471,3.1784841075794823
1972-11-01,42.4,4.859391822465442,3.4146341463414664
1972-12-01,42.5,3.85498249297318,3.406326034063256
1973-01-01,42.7,4.824233700783309,3.6407766990291357
1973-02-01,43.0,5.781664373898732,3.864734299516903
1973-03-01,43.4,8.743472664551444,4.8309178743961345
1973-04-01,43.7,9.701924832258868,5.301204819277117
1973-05-01,43.9,8.63862459675191,5.528846153846145
1973-06-01,44.2,7.579658009335866,5.995203836930463
1973-07-01,44.2,4.655806668905571,5.741626794258381
1973-08-01,45.0,10.405821645055743,7.398568019093088
1973-09-01,45.2,9.361551237822074,7.3634204275534465
1973-10-01,45.6,13.284448115955794,8.056872037914697
1973-11-01,45.9,8.243215999999997,8.25471698113207
1973-12-01,46.3,10.095666469515097,8.94117647058823
1974-01-01,46.8,10.949165905725032,9.601873536299754
1974-02-01,47.3,12.770062414766723,9.999999999999986
1974-03-01,47.8,13.602430307367142,10.138248847926267
1974-04-01,48.1,11.582706999695214,10.068649885583515
1974-05-01,48.6,11.455245828700257,10.70615034168565
1974-06-01,49.0,10.4263541454805,10.859728506787313
1974-07-01,49.3,10.35890218685893,11.538461538461519
1974-08-01,49.9,11.136599783775992,10.888888888888882
1974-09-01,50.6,13.714997787434434,11.946902654867241
1974-10-01,51.0,14.523082056495262,11.842105263157897
1974-11-01,51.5,13.45580815461176,12.200435729847502
1974-12-01,51.9,10.679544727949231,12.095032397408211
1975-01-01,52.3,10.592595609502188,11.752136752136755
1975-02-01,52.6,8.821337757098524,11.205073995771686
1975-03-01,52.8,7.118938099708627,10.460251046025103
1975-04-01,53.0,5.462174798585395,10.187110187110182
1975-05-01,53.1,3.85684079186559,9.259259259259256
1975-06-01,53.5,5.409423459470819,9.183673469387754
1975-07-01,54.0,7.763468412128494,9.533468559837743
1975-08-01,54.2,8.547309128201874,8.617234468937895
1975-09-01,54.6,8.481440319306444,7.905138339920947
1975-10-01,54.9,6.8351929012345325,7.647058823529407
1975-11-01,55.3,8.368579103482855,7.37864077669903
1975-12-01,55.6,7.5297399506619955,7.129094412331405
1976-01-01,55.8,6.720393510224487,6.692160611854692
1976-02-01,55.9,4.411108445114276,6.273764258555126
1976-03-01,56.0,2.908901344317427,6.060606060606055
1976-04-01,56.1,2.1679429248508963,5.849056603773595
1976-05-01,56.4,3.6261073327672255,6.214689265536721
1976-06-01,56.7,5.094533691406222,5.981308411214958
1976-07-01,57.0,6.573192989345666,5.555555555555558
1976-08-01,57.3,6.537394635146221,5.719557195571956
1976-09-01,57.6,6.501983976218795,5.494505494505497
1976-10-01,57.9,6.466954750193765,5.464480874316946
1976-11-01,58.1,5.702690486165207,5.063291139240511
1976-12-01,58.4,5.672371690910283,5.035971223021574
1977-01-01,58.7,5.642373501768527,5.197132616487465
1977-02-01,59.3,8.521114156751942,6.082289803220031
1977-03-01,59.6,8.475997025660886,6.428571428571428
1977-04-01,60.0,9.157252662961746,6.951871657754016
1977-05-01,60.2,6.210435982220397,6.737588652482285
1977-06-01,60.5,6.178469181540658,6.701940035273357
1977-07-01,60.8,5.440951308641928,6.666666666666665
1977-08-01,61.1,6.115512510326959,6.631762652705064
1977-09-01,61.3,5.395094956480961,6.423611111111094
1977-10-01,61.6,5.367950220033668,6.390328151986191
1977-11-01,62.0,6.023446331382232,6.712564543889843
1977-12-01,62.3,6.68670164318379,6.67808219178081
1978-01-01,62.7,7.336471538551614,6.814310051107331
1978-02-01,63.0,6.609385438988391,6.2394603709949426
1978-03-01,63.4,7.251863032234884,6.375838926174482
1978-04-01,63.9,7.878095146755881,6.499999999999995
1978-05-01,64.5,9.869376700037492,7.14285714285714
1978-06-01,65.0,10.483238293249665,7.438016528925617
1978-07-01,65.5,10.398142775848406,7.7302631578947345
1978-08-01,65.9,8.968958450782583,7.855973813420625
1978-09-01,66.5,9.555240012604571,8.482871125611746
1978-10-01,67.1,10.134879435027088,8.92857142857142
1978-11-01,67.5,10.071132013348285,8.870967741935477
1978-12-01,67.9,8.690732575716908,8.988764044943842
1979-01-01,68.5,8.610598101529066,9.250398724082931
1979-02-01,69.2,10.46108035882818,9.84126984126985
1979-03-01,69.9,12.312890864439584,10.252365930599371
1979-04-01,70.6,12.838295765340192,10.485133020344284
1979-05-01,71.4,13.33615354756954,10.697674418604652
1979-06-01,72.2,13.825636443260937,11.076923076923073
1979-07-01,73.0,14.306949855202976,11.45038167938932
1979-08-01,73.7,13.521234256918424,11.836115326251884
1979-09-01,74.4,12.756854434900887,11.879699248120312
1979-10-01,75.2,12.610768397944083,12.071535022354718
1979-11-01,76.0,13.079640126510238,12.592592592592599
1979-12-01,76.9,14.13362655123962,13.254786450662737
1980-01-01,78.0,15.746281701739283,13.868613138686126
1980-02-01,79.0,16.74922223298625,14.161849710982644
1980-03-01,80.1,17.71307507437836,14.592274678111572
1980-04-01,80.9,15.72193200545209,14.589235127478762
1980-05-01,81.7,14.387840456865783,14.425770308123242
1980-06-01,82.5,12.53451145093154,14.265927977839322
1980-07-01,82.6,8.674112668246226,13.15068493150684
1980-08-01,83.2,7.548678661634223,12.890094979647216
1980-09-01,83.9,6.962624159363107,12.768817204301076
1980-10-01,84.7,10.563926109818864,12.632978723404253
1980-11-01,85.6,12.047392293304204,12.631578947368416
1980-12-01,86.4,12.462342844140984,12.353706111833551
1981-01-01,87.2,12.339451322838467,11.794871794871797
1981-02-01,88.0,11.695487995878228,11.392405063291132
1981-03-01,88.6,10.58084840424296,10.611735330836458
1981-04-01,89.1,9.00461276028377,10.135970333745359
1981-05-01,89.7,7.954085701280045,9.79192166462668
1981-06-01,90.5,8.857768976506076,9.696969696969692
1981-07-01,91.5,11.217610513741992,10.774818401937058
1981-08-01,92.2,11.623056936271592,10.817307692307686
1981-09-01,93.1,11.996488743215703,10.96543504171632
1981-10-01,93.4,8.568322775565695,10.271546635182993
1981-11-01,93.8,7.124219154652178,9.579439252336464
1981-12-01,94.1,4.366175680796691,8.912037037037024
1982-01-01,94.4,4.351926749911339,8.25688073394495
1982-02-01,94.7,3.8935443327462895,7.613636363636367
1982-03-01,94.7,2.574975593577844,6.884875846501148
1982-04-01,95.0,2.5667144755189275,6.621773288439958
1982-05-01,95.9,5.165795833942055,6.911928651059096
1982-06-01,97.0,10.074575946970455,7.182320441988943
1982-07-01,97.5,10.949165905725122,6.557377049180335
1982-08-01,97.7,7.721855674176226,5.965292841648595
1982-09-01,97.7,2.917995215729796,4.940923737916236
1982-10-01,98.1,2.484353716466514,5.032119914346889
1982-11-01,98.0,1.2339185742219705,4.47761194029852
1982-12-01,97.7,0.0,3.825717321997879
1983-01-01,97.9,-0.8130039146587831,3.7076271186440746
1983-02-01,98.0,0.0,3.484688489968324
1983-03-01,98.1,1.6477511206896,3.5902851108764455
1983-04-01,98.8,3.72824048585485,4.0000000000000036
1983-05-01,99.2,4.988658335300711,3.44108446298228
1983-06-01,99.4,5.40701336441991,2.4742268041237248
1983-07-01,99.8,4.110465139096875,2.358974358974364
1983-08-01,100.1,3.678718679209703,2.456499488229258
1983-09-01,100.4,4.085279713083101,2.763561924257929
1983-10-01,100.8,4.068660171661165,2.752293577981657
1983-11-01,101.1,4.056283974170327,3.1632653061224536
1983-12-01,101.4,4.043982832040616,3.7871033776867957
1984-01-01,102.1,5.25938783023685,4.290091930541351
1984-02-01,102.6,6.068107655070953,4.693877551020398
1984-03-01,102.9,6.04975732702604,4.892966360856277
1984-04-01,103.3,4.78480697950967,4.5546558704453455
1984-05-01,103.5,3.5552105622195462,4.3346774193548265
1984-06-01,103.7,3.146269756290865,4.325955734406439
1984-07-01,104.1,3.133945379767256,4.308617234468937
1984-08-01,104.4,3.5238930678492157,4.295704295704317
1984-09-01,104.7,3.913434977179975,4.2828685258964105
1984-10-01,105.1,3.898181447029359,4.265873015873023
1984-11-01,105.3,3.493122451507946,4.154302670623156
1984-12-01,105.5,3.091560076724553,4.043392504930954
1985-01-01,105.7,2.30316858734414,3.52595494613126
1985-02-01,106.3,3.8531259837493392,3.6062378167641462
1985-03-01,106.8,5.020763731139866,3.790087463556846
1985-04-01,107.0,5.01108881370067,3.581800580832528
1985-05-01,107.2,3.4298948896858583,3.5748792270531515
1985-06-01,107.5,2.647611022491492,3.6644165863066513
1985-07-01,107.7,2.642613707757646,3.458213256484166
1985-08-01,107.9,2.6376352211704424,3.3524904214559337
1985-09-01,108.1,2.251318969596583,3.2473734479465
1985-10-01,108.5,3.00448605989756,3.2350142721217834
1985-11-01,109.0,4.140632976669512,3.5137701804368593
1985-12-01,109.5,5.281896831756194,3.791469194312791
1986-01-01,109.9,5.262048356236626,3.9735099337748325
1986-02-01,109.7,2.5936588449179565,3.19849482596426
1986-03-01,109.1,-1.453200189858228,2.1535580524344455
1986-04-01,108.7,-4.296591258457882,1.5887850467289688
1986-05-01,109.0,-2.528088844982645,1.679104477611948
1986-06-01,109.4,1.1044534072040646,1.7674418604651132
1986-07-01,109.5,2.976541154279944,1.671309192200554
1986-08-01,109.6,2.220081958704489,1.575532900834098
1986-09-01,110.0,2.2118979413382034,1.757631822386685
1986-10-01,110.2,2.581702213923553,1.5668202764977046
1986-11-01,110.4,2.9518314793523626,1.2844036697247763
1986-12-01,110.8,2.9409805953145574,1.187214611872145
1987-01-01,111.4,4.427380781630141,1.364877161055511
1987-02-01,111.8,5.169769148755754,1.9143117593436676
1987-03-01,112.2,5.150752765344069,2.8414298808432603
1987-04-01,112.7,4.75020964644417,3.679852805887762
1987-05-01,113.0,4.363001195152916,3.669724770642202
1987-06-01,113.5,4.715752613395852,3.7477148080438782
1987-07-01,113.8,3.9617027540757688,3.926940639269394
1987-08-01,114.3,4.681791789380729,4.2883211678832245
1987-09-01,114.7,4.296617901718136,4.2727272727272725
1987-10-01,115.0,4.285112307035055,4.355716878402904
1987-11-01,115.4,3.905446682149405,4.528985507246386
1987-12-01,115.6,3.1757571794707395,4.332129963898912
1988-01-01,116.0,3.5238930678492157,4.129263913824044
1988-02-01,116.2,2.801932076541669,3.9355992844364973
1988-03-01,116.5,3.150744079411405,3.832442067736186
1988-04-01,117.2,4.2025842769706,3.9929015084294583
1988-05-01,117.5,4.5507022416090726,3.9823008849557473
1988-06-01,118.0,5.2505388040455125,3.96475770925111
1988-07-01,118.5,4.511228951892621,4.130052724077338
1988-08-01,119.0,5.204999621901485,4.111986001749779
1988-09-01,119.5,5.182524923588949,4.184829991281602
1988-10-01,119.9,4.81014722033124,4.260869565217407
1988-11-01,120.3,4.441875929858252,4.246100519930662
1988-12-01,120.7,4.077645602925184,4.4117647058823595
1989-01-01,121.2,4.407992851168463,4.482758620689653
1989-02-01,121.6,4.393099048298121,4.647160068846801
1989-03-01,122.2,5.06443835327115,4.892703862660941
1989-04-01,123.1,6.41962700287888,5.034129692832767
1989-05-01,123.7,7.088910154986028,5.276595744680845
1989-06-01,124.1,6.365871394182432,5.1694915254237195
1989-07-01,124.5,4.62734237447342,5.063291139240511
1989-08-01,124.5,2.6121074401102007,4.621848739495804
1989-09-01,124.8,2.2754067558161672,4.435146443514637
1989-10-01,125.4,2.92307197635584,4.587155963302747
1989-11-01,125.9,4.574432080022817,4.655029093931851
1989-12-01,126.3,4.89506606799226,4.639602319801162
1990-01-01,127.5,6.868716397474484,5.198019801980203
1990-02-01,128.0,6.840757415333498,5.263157894736836
1990-03-01,128.6,7.485646290791381,5.237315875613735
1990-04-01,128.9,4.465029281597999,4.711616571892785
1990-05-01,129.1,3.4820659369602547,4.365400161681476
1990-06-01,129.9,4.1052736167279225,4.673650282030639
1990-07-01,130.5,5.058302005919346,4.819277108433728
1990-08-01,131.6,7.973850212286559,5.702811244979911
1990-09-01,132.5,8.24975168608435,6.169871794871806
1990-10-01,133.4,9.18959914647164,6.379585326953752
1990-11-01,133.7,6.537394635146221,6.195393169181873
1990-12-01,134.2,5.2316912365387935,6.254948535233562
1991-01-01,134.7,3.955402569835087,5.647058823529405
1991-02-01,134.8,3.331786926256708,5.312500000000009
1991-03-01,134.8,1.8004049239639164,4.821150855365497
1991-04-01,135.1,1.19312625725847,4.809930178432875
1991-05-01,135.6,2.3951035021644307,5.034856700232382
1991-06-01,136.0,3.608661860190932,4.695919938414161
1991-07-01,136.2,3.2968395703369517,4.367816091954024
1991-08-01,136.6,2.9826443432350525,3.7993920972644313
1991-09-01,137.0,2.973775226159425,3.396226415094339
1991-10-01,137.2,2.969360416694733,2.8485757121439192
1991-11-01,137.8,3.560484338434877,3.0665669409125185
1991-12-01,138.2,3.549952384435917,2.980625931445613
1992-01-01,138.3,3.245771757748539,2.672605790645899
1992-02-01,138.6,2.3425068813553995,2.8189910979228294
1992-03-01,139.1,2.6304770986040893,3.189910979228472
1992-04-01,139.4,3.2196482155217865,3.1828275351591495
1992-05-01,139.7,3.212596428696801,3.0235988200590036
1992-06-01,140.1,2.90678759041616,3.0147058823529305
1992-07-01,140.5,3.1939417939761405,3.1571218795888534
1992-08-01,140.8,3.1870020339954674,3.0746705710102518
1992-09-01,141.1,2.885817777668609,2.9927007299270114
1992-10-01,141.7,3.460388296874584,3.279883381924198
1992-11-01,142.1,3.744645849008621,3.1204644412191396
1992-12-01,142.3,3.445486238214324,2.966714905933454
1993-01-01,142.8,3.141496592955595,3.2537960954446943
1993-02-01,143.1,2.8447728563072427,3.2467532467532534
1993-03-01,143.3,2.8407324850006965,3.0194104960460155
1993-04-01,143.8,2.8306815875551283,3.1563845050215145
1993-05-01,144.2,3.1104082764029206,3.2211882605583497
1993-06-01,144.3,2.820701558011085,2.9978586723768963
1993-07-01,144.5,1.9614127208837928,2.8469750889679624
1993-08-01,144.8,1.674771698995059,2.840909090909083
1993-09-01,145.0,1.954567006637098,2.7639971651311157
1993-10-01,145.6,3.0799291886330016,2.752293577981657
1993-11-01,146.0,3.356352798032969,2.7445460942997935
1993-12-01,146.3,3.634724103398823,2.8109627547435068
1994-01-01,146.3,1.9369897695154623,2.450980392156854
1994-02-01,146.7,1.931644813868028,2.515723270440251
1994-03-01,147.1,2.205292721814889,2.6517794836008246
1994-04-01,147.2,2.483496828354692,2.364394993045882
1994-05-01,147.5,2.199230512753969,2.288488210818307
1994-06-01,147.9,2.193201540367373,2.494802494802495
1994-07-01,148.4,3.300961481260667,2.69896193771626
1994-08-01,149.0,4.130269500099915,2.900552486187835
1994-09-01,149.3,3.840443641343239,2.965517241379323
1994-10-01,149.4,2.722785178407383,2.609890109890123
1994-11-01,149.8,2.165009519463412,2.602739726027403
1994-12-01,150.1,2.160624264981004,2.597402597402576
1995-01-01,150.5,2.977800095839167,2.8708133971291794
1995-02-01,150.9,2.9697612213076763,2.862985685071595
1995-03-01,151.2,2.963760489548428,2.7872195785180187
1995-04-01,151.8,3.5001755747610552,3.125000000000022
1995-05-01,152.1,3.2190593845055515,3.1186440677966054
1995-06-01,152.4,3.21259642869689,3.0425963488843744
1995-07-01,152.6,2.1247598393774547,2.8301886792452713
1995-08-01,152.9,2.120535957178116,2.6174496644295386
1995-09-01,153.1,1.849967505744976,2.54521098459477
1995-10-01,153.5,2.380061189087468,2.7443105756358666
1995-11-01,153.7,2.1093539376537462,2.603471295060067
1995-12-01,153.9,2.106576834480456,2.5316455696202667
1996-01-01,154.7,3.163896136069888,2.7906976744185963
1996-02-01,155.0,3.42637960969403,2.717031146454607
1996-03-01,155.5,4.223845747769683,2.8439153439153486
1996-04-01,156.1,3.669345680829017,2.832674571805005
1996-05-01,156.4,3.6621476495456,2.827087442472065
1996-06-01,156.7,3.122732543777218,2.8215223097112663
1996-07-01,157.0,2.326235573373636,2.8833551769331667
1996-08-01,157.2,2.061787891293698,2.8122956180510084
1996-09-01,157.7,2.577187546793392,3.0045721750489918
1996-10-01,158.2,3.092555923578333,3.0618892508143203
1996-11-01,158.7,3.8717719227864262,3.2530904359141077
1996-12-01,159.1,3.598614013423518,3.378817413905133
1997-01-01,159.4,3.068831298950414,3.0381383322559907
1997-02-01,159.7,2.5444021763707303,3.0322580645161246
1997-03-01,159.8,1.771548212120866,2.7652733118971096
1997-04-01,159.9,1.260621068115686,2.434336963484962
1997-05-01,159.9,0.5018810725591738,2.237851662404089
1997-06-01,160.2,1.0050172344850503,2.233567326100827
1997-07-01,160.4,1.2566606841862171,2.165605095541401
1997-08-01,160.8,2.27048668261125,2.2900763358778775
1997-09-01,161.2,2.5203553600837703,2.21940393151554
1997-10-01,161.5,2.771489484387746,2.0859671302149163
1997-11-01,161.7,2.257672148055101,1.8903591682419618
1997-12-01,161.8,1.497166739485345,1.6970458830924073
1998-01-01,162.0,1.2441530096962472,1.6311166875784044
1998-02-01,162.0,0.7441828386218319,1.440200375704448
1998-03-01,162.0,0.4953550898961545,1.3767209011263937
1998-04-01,162.2,0.4947424081383156,1.4383989993745905
1998-05-01,162.6,1.489732275078537,1.6885553470919357
1998-06-01,162.8,1.9899887882285583,1.6229712858926382
1998-07-01,163.2,2.488991148687969,1.74563591022443
1998-08-01,163.4,1.9825915088997224,1.6169154228855787
1998-09-01,163.5,1.7310262836535806,1.4267990074441794
1998-10-01,163.9,1.726756295195453,1.4860681114551078
1998-11-01,164.1,1.7246291907637046,1.4842300556586308
1998-12-01,164.4,2.220081958704489,1.606922126081578
1999-01-01,164.7,1.9667512209882831,1.6666666666666607
1999-02-01,164.7,1.4705635707442877,1.6666666666666607
1999-03-01,164.8,0.9767937309630436,1.7283950617283939
1999-04-01,165.9,2.9463960477022155,2.281134401972884
1999-05-01,166.0,3.1948336929859438,2.091020910209096
1999-06-01,166.0,2.9445886824343903,1.9656019656019597
1999-07-01,166.7,1.9428697857093669,2.1446078431372584
1999-08-01,167.1,2.6770653411996026,2.2643818849449104
1999-09-01,167.8,4.408408009419462,2.629969418960254
1999-10-01,168.1,3.4018846419332727,2.56253813300793
1999-11-01,168.4,3.148412667637701,2.6203534430225606
1999-12-01,168.8,2.4051842231501253,2.676399026763998
2000-01-01,169.3,2.8861647951257563,2.792956891317555
2000-02-01,170.0,3.85498249297318,3.2179720704310855
2000-03-01,171.0,5.316076768600042,3.762135922330101
2000-04-01,170.9,3.834199344170619,3.013863773357439
2000-05-01,171.2,2.8535665417799283,3.1325301204819134
2000-06-01,172.2,2.836703573635524,3.7349397590361377
2000-07-01,172.7,4.280018462477453,3.5992801439711952
2000-08-01,172.7,3.551002775440604,3.3512866546977715
2000-09-01,173.6,3.2919068439647203,3.45649582836709
2000-10-01,173.9,2.808489348088372,3.4503271861986873
2000-11-01,174.2,3.5197590366293108,3.444180522565321
2000-12-01,174.6,2.324133139694617,3.4360189573459543
2001-01-01,175.6,3.9680068478022967,3.7212049616065945
2001-02-01,176.0,4.197684612928176,3.529411764705892
2001-03-01,176.1,3.480964133539177,2.9824561403508643
2001-04-01,176.4,1.8348145640382008,3.2182562902282053
2001-05-01,177.3,2.987441968045723,3.5630841121495394
2001-06-01,177.7,3.68412986586657,3.193960511033689
2001-07-01,177.4,2.2869287612728995,2.7214823393167498
2001-08-01,177.4,0.2257972570439914,2.7214823393167498
2001-09-01,178.1,0.9034386467014156,2.5921658986175045
2001-10-01,177.6,0.4517214723576357,2.127659574468077
2001-11-01,177.5,0.2256698680015878,1.894374282433997
2001-12-01,177.4,-1.5629060255402891,1.603665521191311
2002-01-01,177.7,0.2254155206484753,1.1958997722095743
2002-02-01,178.0,1.1315304705737494,1.1363636363636465
2002-03-01,178.5,2.503435118174835,1.3628620102214661
2002-04-01,179.3,3.650510882597069,1.643990929705219
2002-05-01,179.5,3.413634649910313,1.2408347433727984
2002-06-01,179.6,2.487865333683148,1.0692177827799743
2002-07-01,180.0,1.5707974447583428,1.465614430665152
2002-08-01,180.5,2.2471033438875576,1.747463359639223
2002-09-01,180.8,2.699510883529821,1.516002245929271
2002-10-01,181.2,2.693452049382694,2.0270270270270174
2002-11-01,181.5,2.234550659857604,2.2535211267605604
2002-12-01,181.8,2.230812155187434,2.4802705749718212
2003-01-01,182.6,3.1265097137372466,2.757456387169399
2003-02-01,183.6,4.709042914624972,3.146067415730336
2003-03-01,183.9,4.7011378417237015,3.025210084033625
2003-04-01,183.2,1.3208406728800304,2.175125488008911
2003-05-01,182.9,-1.5163548968705531,1.8941504178273005
2003-06-01,183.1,-1.7287545284936368,1.948775055679297
2003-07-01,183.7,1.0961805026119986,2.055555555555544
2003-08-01,184.5,3.545364220135649,2.216066481994461
2003-09-01,185.1,4.44130694455227,2.378318584070782
2003-10-01,184.9,2.638670858450132,2.041942604856528
2003-11-01,185.0,1.0884253548759215,1.9283746556473913
2003-12-01,185.5,0.8672035989230942,2.0352035203520247
2004-01-01,186.3,3.063236129228031,2.026286966046009
2004-02-01,186.7,3.726651485937405,1.688453159041381
2004-03-01,187.1,3.495029864371868,1.7400761283306032
2004-04-01,187.4,2.382782085891644,2.2925764192139875
2004-05-01,188.2,3.2526494869537625,2.8977583378895444
2004-06-01,188.9,3.904099226012492,3.1676679410158393
2004-07-01,189.1,3.6782765234876447,2.939575394665228
2004-08-01,189.2,2.142398544458768,2.5474254742547275
2004-09-01,189.8,1.919433411752536,2.5391680172879516
2004-10-01,190.8,3.6447637866512617,3.1909140075716547
2004-11-01,191.7,5.391096565208597,3.621621621621607
2004-12-01,191.7,4.06474374867829,3.3423180592991875
2005-01-01,191.6,1.68772646839499,2.8448738593666034
2005-02-01,192.4,1.4686352800035607,3.0530262453133394
2005-03-01,193.1,2.9533881449639754,3.2068412613575736
2005-04-01,193.7,4.456739069250948,3.3617929562433257
2005-05-01,193.6,2.5182398426383923,2.869287991498415
2005-06-01,193.7,1.248684154981472,2.541026998411855
2005-07-01,194.9,2.501182017533976,3.067160232681121
2005-08-01,196.1,5.266204154787735,3.6469344608879517
2005-09-01,198.8,10.955040777994409,4.741833508956805
2005-10-01,199.1,8.902458366373533,4.350104821802936
2005-11-01,198.1,4.142386943455589,3.3385498174230532
2005-12-01,198.1,-1.401029151096933,3.3385498174230532
2006-01-01,199.3,0.4024139788355141,4.018789144050117
2006-02-01,199.4,2.650888728667833,3.63825363825363
2006-03-01,199.7,3.2700428750109145,3.4179181771103018
2006-04-01,200.7,2.839580200220237,3.613835828600931
2006-05-01,201.3,3.866257550345309,3.9772727272727293
2006-06-01,201.8,4.273124724422095,4.1817243159525175
2006-07-01,202.9,4.457276460146398,4.104669061056954
2006-08-01,203.8,5.061021506896135,3.926568077511483
2006-09-01,202.8,1.99694289099186,2.012072434607637
2006-10-01,201.9,-1.9568880358858176,1.4063284781516971
2006-11-01,202.0,-3.486345819077996,1.9687026754164672
2006-12-01,203.1,0.593030250898896,2.5239777889954462
2007-01-01,203.437,3.080020358203739,2.075765178123423
2007-02-01,204.226,4.481319168586495,2.420260782347028
2007-03-01,205.288,4.379343504546385,2.798197295943927
2007-04-01,205.904,4.939589912541265,2.5929247633283525
2007-05-01,206.755,5.046106207511825,2.709885742672613
2007-06-01,207.234,3.846002780295588,2.692765113974227
2007-07-01,207.603,3.3416439810672216,2.3178905864958077
2007-08-01,207.667,1.7761157638209737,1.897448478900876
2007-09-01,208.547,2.558520732885894,2.8338264299802685
2007-10-01,209.19,3.0930004024875224,3.610698365527476
2007-11-01,210.834,6.241119263165063,4.373267326732666
2007-12-01,211.445,5.675398087237871,4.108813392417532
2008-01-01,212.174,5.829069154574462,4.294695655165981
2008-02-01,212.687,3.56218107269044,4.142959270611968
2008-03-01,213.448,3.843347504763828,3.9749035501344343
2008-04-01,213.942,3.375006474073139,3.9037609759888126
2008-05-01,215.208,4.82620514187726,4.088413823123993
2008-06-01,217.463,7.739049743735826,4.935966105947864
2008-07-01,219.016,9.829540386905222,5.497512078341837
2008-08-01,218.69,6.630648982811627,5.308017162091239
2008-09-01,218.877,2.626379961987824,4.953319875136075
2008-10-01,216.995,-3.640278536975017,3.7310578899565128
2008-11-01,213.153,-9.749399654616264,1.0999174706166848
2008-12-01,211.398,-12.983224334986964,-0.02222800255385904
2009-01-01,211.933,-9.009629091160164,-0.11358601902212717
2009-02-01,212.705,-0.8380638960188369,0.008463140671510772
2009-03-01,212.495,2.0919185848748523,-0.4464787676623838
2009-04-01,212.709,1.4726775715606657,-0.5763244243767063
2009-05-01,213.022,0.5974647607179362,-1.015761495855172
2009-06-01,214.79,4.390594223918476,-1.2291746182109153
2009-07-01,214.726,3.847267222967776,-1.9587610037622771
2009-08-01,215.445,4.627981472378662,-1.4838355663267633
2009-09-01,215.861,2.009473619955049,-1.377942862886472
2009-10-01,216.509,3.363041617302453,-0.22396829420033848
2009-11-01,217.234,3.3630981585765163,1.9145871744709275
2009-12-01,217.347,2.7821887457354366,2.8141231232083674
2010-01-01,217.488,1.8210055605710984,2.6211113889767157
2010-02-01,217.281,0.0865707123882675,2.151336357866529
2010-03-01,217.353,0.011042707661435,2.2861714393279886
2010-04-01,217.403,-0.1562388410332849,2.2067707525304403
2010-05-01,217.29,0.0165694362583623,2.003548929218568
2010-06-01,217.199,-0.283108874608462,1.1215605940686268
2010-07-01,217.605,0.3721783174743143,1.3407784804821077
2010-08-01,217.923,1.170364800836765,1.1501775395112546
2010-09-01,218.275,1.996366773794711,1.1183122472331775
2010-10-01,219.035,2.6546408582230896,1.1666951489314625
2010-11-01,219.59,3.0950845619721834,1.084544776600338
2010-12-01,220.472,4.087308731657391,1.437793022217937
2011-01-01,221.187,3.988263176800255,1.7007834915029774
2011-02-01,221.898,4.270946720729696,2.124898173333145
2011-03-01,223.046,4.752401867248657,2.619241510354109
2011-04-01,224.093,5.359759284032006,3.0772344447868694
2011-05-01,224.806,5.345997897072063,3.4589718808964998
2011-06-01,224.806,3.1938548604635297,3.5023181506360412
2011-07-01,225.395,2.3443679490885883,3.5798809769996165
2011-08-01,226.106,2.333247199331545,3.75499603070808
2011-09-01,226.597,3.225032956627105,3.812621692818685
2011-10-01,226.75,2.4264384916121484,3.5222681306640524
2011-11-01,227.169,1.8938370515031444,3.451432214581729
2011-12-01,227.223,1.109633181930847,3.062066838419386
2012-01-01,227.842,1.9403109373624885,3.0087663379855023
2012-02-01,228.329,2.0582303048082062,2.8981784423473878
2012-03-01,228.807,2.8177438108280883,2.5828752813320977
2012-04-01,229.187,2.3822766182504784,2.2731633741348567
2012-05-01,228.713,0.6744124381856897,1.7379429374660749
2012-06-01,228.524,-0.4938229859383858,1.653870448297634
2012-07-01,228.59,-1.03787980338087,1.4175114798464783
2012-08-01,229.918,2.1241582393949354,1.6859349154821235
2012-09-01,231.015,4.431965270471716,1.9497168982819613
2012-10-01,231.638,5.441194080790601,2.1556780595369363
2012-11-01,231.249,2.335793542621412,1.7960197033926262
2012-12-01,231.221,0.3571641744278819,1.7595049796895523
2013-01-01,231.679,0.0708189274716053,1.684061762098299
2013-02-01,232.937,2.9519218096208943,2.0181404902574807
2013-03-01,232.282,1.8481457236808383,1.5187472411246183
2013-04-01,231.797,0.2038858614045624,1.138808047576867
2013-05-01,231.893,-1.7807429384782636,1.3903888279197085
2013-06-01,232.445,0.2809888911870617,1.7157935271568725
2013-07-01,232.9,1.91701859863862,1.885471805415806
2013-08-01,233.456,2.7234517179409945,1.538809488600279
2013-09-01,233.544,1.9046547860390504,1.0947341081747997
2013-10-01,233.669,1.3272942385480937,0.8767991434911471
2013-11-01,234.1,1.1079940769277874,1.2328701961954458
2013-12-01,234.719,2.0277073617262165,1.5128383667573297
2014-01-01,235.288,2.800378262866321,1.557758795574915
2014-02-01,235.547,2.4954660214110413,1.1204746347724948
2014-03-01,236.028,2.249482956521476,1.6126949139408042
2014-04-01,236.468,2.0211935956203853,2.015125303606169
2014-05-01,236.918,2.3486036524671405,2.166947687079812
2014-06-01,237.231,2.0543809418082093,2.0589816945944195
2014-07-01,237.498,1.7537243540709735,1.9742378703305974
2014-08-01,237.46,0.918229509926416,1.7150983482969062
2014-09-01,237.477,0.4154312114295511,1.6840509711232077
2014-10-01,237.43,-0.1144781027505592,1.6095417021513292
2014-11-01,236.983,-0.8010859200769271,1.231524989320798
2014-12-01,236.252,-2.047447128818791,0.6531213919623191
2015-01-01,234.747,-4.444028286084611,-0.22993097820542818
2015-02-01,235.342,-2.741181899840317,-0.08703146293520536
2015-03-01,235.976,-0.466479392385688,-0.022031284423873476
2015-04-01,236.222,2.537131908371615,-0.10403098939391064
2015-05-01,237.001,2.8496822619944684,0.03503321824429584
2015-06-01,237.657,2.8800346264697074,0.1795718097550525
2015-07-01,238.034,3.1037852915702717,0.22568611104094582
2015-08-01,238.033,1.753174406421243,0.2413037985344868
2015-09-01,237.498,-0.2673441256323627,0.008842961634170088
2015-10-01,237.733,-0.5048514884597455,0.12761656067050708
2015-11-01,238.017,-0.0268843174695776,0.4363182169185187
2015-12-01,237.761,0.4436874131542589,0.6387247515364791
2016-01-01,237.652,-0.1362177099865857,1.2375025026943876
2016-02-01,237.336,-1.1395537563752556,0.8472775790126619
2016-03-01,238.08,0.5377544171877746,0.8916160965521946
2016-04-01,238.992,2.2745460428073683,1.1726257503534843
2016-05-01,239.557,3.796088697607925,1.0784764621246223
2016-06-01,240.222,3.6476496281435233,1.0792865347959424
2016-07-01,240.101,1.8690886458832436,0.8683633430518256
2016-08-01,240.545,1.659945657962858,1.0553158595656864
2016-09-01,241.176,1.5980185480777065,1.5486446201652182
2016-10-01,241.741,2.7603043284290862,1.685924966243646
2016-11-01,242.026,2.4855784547117343,1.6843334719788938
2016-12-01,242.637,2.445234021655507,2.0507989115119862
2017-01-01,243.618,3.142163476728954,2.5103933482571117
2017-02-01,244.006,3.312751815992132,2.8103616813294208
2017-03-01,243.892,2.0850415069787465,2.44119623655914
2017-04-01,244.193,0.9474487482856286,2.176223471915395
2017-05-01,244.004,-0.0032785675935342,1.8563431667619756
2017-06-01,244.163,0.4452003610856847,1.640565809959127
2017-07-01,244.243,0.081927588099373,1.7251073506566073
2017-08-01,245.183,1.9468086645501923,1.92812155729698
2017-09-01,246.435,3.774379424511287,2.1805652303711787
2017-10-01,246.626,3.960158757737053,2.020757753132485
2017-11-01,247.284,3.4719538550229023,2.172493864295566
2017-12-01,247.805,2.242322251478424,2.129930719552253
2018-01-01,248.859,3.671162813026863,2.151318868063945
2018-02-01,249.529,3.68120500093303,2.263468931091861
2018-03-01,249.577,2.891140298985473,2.3309497646499366
2018-04-01,250.227,2.217032811433484,2.4709963021052994
2018-05-01,250.792,2.040037795609861,2.781921607842497
2018-06-01,251.018,2.3295866354217765,2.8075506935940187
2018-07-01,251.214,1.5871270212440614,2.854124785561929
2018-08-01,251.663,1.3964528153428413,2.6429238568742575
2018-09-01,252.182,1.8677887096131276,2.332055105808828
2018-10-01,252.772,2.5039270437580807,2.492032470218053
2018-11-01,252.594,1.4879882277768264,2.147328577667773
2018-12-01,252.767,0.9311350267467322,2.0023809043401064
2019-01-01,252.718,-0.0854251235620329,1.5506772911568323
2019-02-01,253.322,1.157831618523231,1.520063800199578
2019-03-01,254.202,2.290277471254143,1.8531355052749277
2019-04-01,255.211,4.004673089541977,1.9917914533603476
2019-05-01,255.29,3.1439076145181266,1.793518134549732
2019-06-01,255.159,1.5144142621505985,1.6496824928889486
2019-07-01,255.685,0.7449869585302027,1.779757497591694
2019-08-01,256.059,1.2103593959871928,1.7467804166683365
2019-09-01,256.511,2.1363678097845678,1.7166173636500748
2019-10-01,257.244,2.461335929296138,1.769183295618193
2019-11-01,257.803,2.752331975707833,2.062202585967987
2019-12-01,258.616,3.3231375862285084,2.313988772268538
2020-01-01,259.037,2.8172990167842027,2.500415482870233
2020-02-01,259.248,2.2609425296404195,2.3393151798896117
2020-03-01,258.124,-0.7588049976310351,1.5428674833400269
2020-04-01,256.092,-4.470646083600904,0.34520455622992774
2020-05-01,255.868,-5.113978092091309,0.22640918171490387
2020-06-01,256.986,-1.751865593709756,0.716024126133119
2020-07-01,258.278,3.458365190753643,1.014138490721006
2020-08-01,259.411,5.654902492122171,1.3090732995129972
2020-09-01,260.029,4.821238018463148,1.3714811450580955
2020-10-01,260.286,3.146282079883989,1.182534869617946
2020-11-01,260.813,2.1794091653937864,1.1675581742648378
2020-12-01,262.035,3.121701992106063,1.3220373062765134
2021-01-01,262.65,3.6827203032629097,1.39478144048919
2021-02-01,263.638,4.403508839570058,1.693359254459037
2021-03-01,264.914,4.467794315996354,2.63051866544759
2021-04-01,266.67,6.264211279053367,4.130546834731286
2021-05-01,268.444,7.4936407631220225,4.915034314568456
2021-06-01,270.559,8.79985071933229,5.281610671398451
2021-07-01,271.764,7.8626437723177345,5.221505509567215
2021-08-01,272.87,6.759948998216592,5.188291938275547
2021-09-01,274.028,5.228122987695216,5.383630287391039
2021-10-01,276.522,7.189205728630399,6.237753855374462
2021-11-01,278.711,8.84118827643765,6.862387994463481
2021-12-01,280.887,10.394336763293063,7.194458755509747
2022-01-01,282.599,9.084670851333776,7.595278888254331
2022-02-01,284.61,8.738711642371166,7.954847176810631
2022-03-01,287.472,9.712381722662824,8.515216258861358
2022-04-01,288.611,8.785004854969646,8.22777215284809
2022-05-01,291.268,9.69086813995348,8.502331957503229
2022-06-01,294.728,10.485016850877727,8.932986890105287
2022-07-01,294.628,8.603682736352036,8.413182025581012
2022-08-01,295.32,5.681834658411944,8.227361014402469
2022-09-01,296.539,2.4806064173406472,8.214853956529966
2022-10-01,297.987,4.638908536330444,7.762492676893706
2022-11-01,298.598,4.514401766897613,7.135348084575055
2022-12-01,298.99,3.347357838345122,6.444940492084017
2023-01-01,300.536,3.465779889356302,6.347156217821026
2023-02-01,301.648,4.148788565694561,5.986437581251547
2023-03-01,301.808,3.823660543977603,4.986920465297495
2023-04-01,302.918,3.2082265745508654,4.957191513836978
