DATE,FEDFUNDS,3m growth rate,12m growth rate
1954-07-01,0.8,,
1954-08-01,1.22,,
1954-09-01,1.07,,
1954-10-01,0.85,27.44293212890625,
1954-11-01,0.83,-78.57735718256478,
1954-12-01,1.28,104.78812412619403,
1955-01-01,1.39,615.1275315190192,
1955-02-01,1.29,483.5075391731621,
1955-03-01,1.35,23.73575009405613,
1955-04-01,1.43,12.0172608894493,
1955-05-01,1.43,51.00290719566794,
1955-06-01,1.64,117.79119518441354,
1955-07-01,1.68,90.4991214150244,109.99999999999997
1955-08-01,1.96,252.923140831384,60.65573770491803
1955-09-01,2.18,212.2127123454532,103.73831775700934
1955-10-01,2.24,216.04938271604956,163.5294117647059
1955-11-01,2.35,106.65559299282408,183.13253012048193
1955-12-01,2.48,67.48686319312411,93.75
1956-01-01,2.45,43.11075210571289,76.25899280575541
1956-02-01,2.5,28.08214307451655,93.79844961240309
1956-03-01,2.5,3.2650385217282585,85.18518518518516
1956-04-01,2.62,30.779847866387723,83.21678321678323
1956-05-01,2.75,46.41000000000004,92.3076923076923
1956-06-01,2.71,38.07566031360003,65.24390243902441
1956-07-01,2.75,21.373984702189453,63.69047619047619
1956-08-01,2.73,-2.877508961409758,39.28571428571428
1956-09-01,2.95,40.41415812146853,35.321100917431195
1956-10-01,2.96,34.22582096414182,32.14285714285714
1956-11-01,2.88,23.856659575788907,22.5531914893617
1956-12-01,2.94,-1.349053200610284,18.5483870967742
1957-01-01,2.84,-15.25647676480304,15.918367346938766
1957-02-01,3.0,17.73756992669757,19.999999999999996
1957-03-01,2.96,2.7489807819027545,18.399999999999995
1957-04-01,3.0,24.51212889064685,14.50381679389312
1957-05-01,3.0,0.0,9.090909090909083
1957-06-01,3.0,5.515964877083701,10.701107011070121
1957-07-01,2.99,-1.326681469135793,8.727272727272739
1957-08-01,3.24,36.04889600000003,18.681318681318682
1957-09-01,3.47,78.99169482716053,17.627118644067785
1957-10-01,3.5,87.75323302931557,18.243243243243246
1957-11-01,3.28,5.0304760727303055,13.888888888888884
1957-12-01,2.98,-45.606480919114254,1.3605442176870763
1958-01-01,2.72,-63.52431649479382,-4.22535211267604
1958-02-01,1.67,-93.27998086421178,-44.333333333333336
1958-03-01,1.2,-97.3705802062906,-59.45945945945946
1958-04-01,1.26,-95.39524461615568,-58.00000000000001
1958-05-01,0.63,-97.97466758652872,-79.0
1958-06-01,0.93,-63.9249609375,-69.0
1958-07-01,0.68,-91.51692180282804,-77.25752508361204
1958-08-01,1.53,3378.5922532278205,-52.77777777777778
1958-09-01,1.76,1182.681636000149,-49.279538904899134
1958-10-01,1.8,4809.693370529567,-48.57142857142856
1958-11-01,2.27,384.549004329949,-30.79268292682926
1958-12-01,2.42,257.4462890625,-18.79194630872484
1959-01-01,2.48,260.3435086114921,-8.823529411764708
1959-02-01,2.43,31.31721562415024,45.50898203592817
1959-03-01,2.8,79.21347518137114,133.33333333333334
1959-04-01,2.96,102.93647897557284,134.92063492063494
1959-05-01,2.9,102.8462097619668,360.3174603174603
1959-06-01,3.39,114.8654896560028,264.51612903225805
1959-07-01,3.47,88.8648138467235,410.2941176470588
1959-08-01,3.5,112.16814816176311,128.7581699346405
1959-09-01,3.76,51.33960178858548,113.63636363636363
1959-10-01,3.98,73.06704925114175,121.11111111111113
1959-11-01,4.0,70.59558517284461,76.21145374449338
1959-12-01,3.99,26.806116724005943,64.87603305785126
1960-01-01,3.99,1.0088192574456478,60.88709677419355
1960-02-01,3.97,-2.966418433593732,63.37448559670782
1960-03-01,3.84,-14.210662365332183,37.142857142857146
1960-04-01,3.92,-6.835022088383679,32.432432432432435
1960-05-01,3.85,-11.553451270710656,32.75862068965518
1960-06-01,3.32,-44.123726126588416,-2.064896755162249
1960-07-01,3.23,-53.90372612557847,-6.91642651296831
1960-08-01,2.98,-64.10597687522967,-14.857142857142858
1960-09-01,2.6,-62.386732981978014,-30.85106382978723
1960-10-01,2.47,-65.80380982028471,-37.939698492462306
1960-11-01,2.44,-55.05366865931713,-39.0
1960-12-01,1.98,-66.36686355519765,-50.37593984962406
1961-01-01,1.45,-88.12361696601944,-63.65914786967419
1961-02-01,2.54,17.429053695618755,-36.020151133501265
1961-03-01,2.02,8.328995661766236,-47.39583333333333
1961-04-01,1.49,11.499537185361984,-61.98979591836735
1961-05-01,1.98,-63.07454167391441,-48.57142857142858
1961-06-01,1.73,-46.20041387069036,-47.891566265060234
1961-07-01,1.17,-61.98120276888211,-63.77708978328174
1961-08-01,2.0,4.102035568521689,-32.88590604026845
1961-09-01,1.88,39.459140583732186,-27.692307692307693
1961-10-01,2.26,1292.1637129910291,-8.502024291497989
1961-11-01,2.61,190.02941506249996,6.9672131147541005
1961-12-01,2.33,135.9349541272525,17.67676767676769
1962-01-01,2.15,-18.09317658168045,48.27586206896552
1962-02-01,2.37,-32.01214262353089,-6.69291338582677
1962-03-01,2.85,123.8493078821464,41.089108910891085
1962-04-01,2.78,179.5280172668721,86.57718120805369
1962-05-01,2.36,-1.677111680524368,19.191919191919183
1962-06-01,2.68,-21.808465520228715,54.913294797687875
1962-07-01,2.71,-9.697873019727243,131.62393162393164
1962-08-01,2.93,137.5868882787783,46.50000000000001
1962-09-01,2.9,37.10484921657704,54.255319148936174
1962-10-01,2.9,31.13385486534281,28.31858407079646
1962-11-01,2.94,1.3721926446731203,12.643678160919535
1962-12-01,2.93,4.2025842769706,25.7510729613734
1963-01-01,2.92,2.7872895779753826,35.813953488372086
1963-02-01,3.0,8.416578473393965,26.582278481012644
1963-03-01,2.98,7.0026602113783865,4.561403508771922
1963-04-01,2.9,-2.7117064662561474,4.316546762589923
1963-05-01,3.0,0.0,27.118644067796627
1963-06-01,2.99,1.3490534593932235,11.567164179104484
1963-07-01,3.02,17.60770635716218,11.439114391143912
1963-08-01,3.49,83.15411853086418,19.11262798634812
1963-09-01,3.48,83.49837493644712,19.999999999999996
1963-10-01,3.5,80.40327010326254,20.68965517241379
1963-11-01,3.48,-1.1412151403584423,18.36734693877551
1963-12-01,3.38,-11.008233980064963,15.358361774744012
1964-01-01,3.48,-2.266196977925849,19.17808219178083
1964-02-01,3.48,0.0,15.999999999999993
1964-03-01,3.43,6.0497573270261285,15.100671140939603
1964-04-01,3.47,-1.1444803524206182,19.65517241379311
1964-05-01,3.5,2.318744290973762,16.666666666666675
1964-06-01,3.5,8.416578473393965,17.056856187290958
1964-07-01,3.42,-5.640305734246043,13.245033112582782
1964-08-01,3.5,0.0,0.2865329512893977
1964-09-01,3.45,-5.592998750520595,-0.8620689655172376
1964-10-01,3.36,-6.835022088383679,-4.0000000000000036
1964-11-01,3.52,2.305380864639761,1.1494252873563315
1964-12-01,3.85,55.08383706955995,13.905325443786998
1965-01-01,3.9,81.51031837320393,12.06896551724137
1965-02-01,3.98,63.44123466704825,14.367816091954033
1965-03-01,4.05,22.45518389148753,18.075801749271125
1965-04-01,4.09,20.95805754717759,17.867435158501422
1965-05-01,4.1,12.61678855329158,17.142857142857125
1965-06-01,4.05,0.0,15.714285714285703
1965-07-01,4.09,0.0,19.590643274853804
1965-08-01,4.12,1.9655432147304808,17.714285714285726
1965-09-01,4.02,-2.930203428038114,16.521739130434753
1965-10-01,4.08,-0.9744141737394574,21.42857142857144
1965-11-01,4.1,-1.9276543357310996,16.477272727272705
1965-12-01,4.32,33.36159313419844,12.207792207792224
1966-01-01,4.42,37.73630401234564,13.33333333333333
1966-02-01,4.6,58.45133399463018,15.57788944723617
1966-03-01,4.66,35.39688705926729,15.061728395061746
1966-04-01,4.67,24.61733082231689,14.180929095354532
1966-05-01,4.9,28.75170632609234,19.512195121951237
1966-06-01,5.17,51.502048683176426,27.654320987654323
1966-07-01,5.3,65.8960158433396,29.58435207823962
1966-08-01,5.53,62.22441066222406,34.22330097087378
1966-09-01,5.4,19.018059986353556,34.32835820895526
1966-10-01,5.53,18.52147477574566,35.53921568627452
1966-11-01,5.76,17.703508502864462,40.48780487804879
1966-12-01,5.4,0.0,25.0
1967-01-01,4.94,-36.31938184796021,11.764705882352944
1967-02-01,5.0,-43.22069351528861,8.69565217391306
1967-03-01,4.53,-50.47576579408626,-2.7896995708154515
1967-04-01,4.05,-54.823529566670246,-13.276231263383298
1967-05-01,3.94,-61.4428548864,-19.591836734693878
1967-06-01,3.98,-40.41465198379765,-23.017408123791107
1967-07-01,3.79,-23.310351537344708,-28.490566037735842
1967-08-01,3.9,-3.9994898716089744,-29.475587703435814
1967-09-01,3.99,1.0088192574456478,-26.111111111111107
1967-10-01,3.88,9.842412408554768,-29.837251356238703
1967-11-01,4.13,25.759782769476303,-28.298611111111104
1967-12-01,4.51,63.23548907212901,-16.481481481481485
1968-01-01,4.61,99.2860041034405,-6.68016194331984
1968-02-01,4.71,69.15444785483771,-5.800000000000005
1968-03-01,5.05,57.20246257044748,11.479028697571735
1968-04-01,5.76,143.71722926171978,42.22222222222223
1968-05-01,6.12,185.0506660184309,55.32994923857868
1968-06-01,6.07,108.73210450303776,52.51256281407035
1968-07-01,6.03,20.11004090309143,59.102902374670194
1968-08-01,6.03,-5.7538626138934905,54.61538461538462
1968-09-01,5.78,-17.783953456125,44.86215538847118
1968-10-01,5.91,-7.725717916299047,52.319587628865996
1968-11-01,5.82,-13.219391701751714,40.92009685230025
1968-12-01,6.02,17.672400028623624,33.481152993348104
1969-01-01,6.3,29.12557673373721,36.659436008676785
1969-02-01,6.61,66.38489590558024,40.33970276008494
1969-03-01,6.79,61.84270633183972,34.455445544554465
1969-04-01,7.41,91.38620641605095,28.64583333333335
1969-05-01,8.67,195.98557904761984,41.66666666666667
1969-06-01,8.9,195.17592267860672,46.62273476112026
1969-07-01,8.61,82.28031646004332,42.78606965174128
1969-08-01,9.19,26.23670659172619,52.40464344941955
1969-09-01,9.15,11.718308025529378,58.304498269896186
1969-10-01,9.0,19.38710795758956,52.284263959390856
1969-11-01,8.85,-13.997507654340067,52.061855670103085
1969-12-01,8.97,-7.639687025150721,49.00332225913624
1970-01-01,8.98,-0.885930313062,42.539682539682545
1970-02-01,8.98,6.006443411458684,35.854765506807865
1970-03-01,7.76,-43.988511667717,14.28571428571428
1970-04-01,8.1,-33.803545543800226,9.311740890688247
1970-05-01,7.95,-38.572453697351925,-8.304498269896188
1970-06-01,7.61,-7.510646860238634,-14.494382022471907
1970-07-01,7.21,-37.22293847166662,-16.260162601626014
1970-08-01,6.62,-51.92011246418857,-27.9651795429815
1970-09-01,6.29,-53.32718938350196,-31.2568306010929
1970-10-01,6.2,-45.32035338754551,-31.11111111111111
1970-11-01,5.6,-48.79408272438883,-36.72316384180792
1970-12-01,4.9,-63.17169439338035,-45.373467112597545
1971-01-01,4.14,-80.11916566055348,-53.89755011135858
1971-02-01,3.72,-80.52759240941273,-58.57461024498887
1971-03-01,3.71,-67.13668887963348,-52.19072164948453
1971-04-01,4.16,1.9464149618643845,-48.641975308641975
1971-05-01,4.63,139.96737707302765,-41.76100628930818
1971-06-01,4.91,206.7823218475912,-35.47963206307491
1971-07-01,5.31,165.4634668539811,-26.352288488210828
1971-08-01,5.57,109.45793452665116,-15.861027190332322
1971-09-01,5.55,63.24728381019693,-11.764705882352944
1971-10-01,5.2,-8.032307460864219,-16.129032258064512
1971-11-01,4.91,-39.618320616937154,-12.32142857142856
1971-12-01,4.14,-69.03796965148673,-15.510204081632661
1972-01-01,3.51,-79.24058593750001,-15.217391304347828
1972-02-01,3.3,-79.59531987046924,-11.290322580645174
1972-03-01,3.83,-26.75234399822356,3.234501347708907
1972-04-01,4.17,99.21211853513852,0.24038461538460343
1972-05-01,4.27,180.32106894978676,-7.775377969762431
1972-06-01,4.46,83.88416794629062,-9.164969450101834
1972-07-01,4.55,41.742917211373886,-14.312617702448204
1972-08-01,4.81,61.0159153970538,-13.644524236983857
1972-09-01,4.87,42.15967109783849,-12.25225225225225
1972-10-01,5.05,51.74693427824191,-2.8846153846153966
1972-11-01,5.06,22.46775645363952,3.054989816700604
1972-12-01,5.33,43.48053628003265,28.74396135265702
1973-01-01,5.94,91.4168951103697,69.23076923076925
1973-02-01,6.58,185.9575102259916,99.3939393939394
1973-03-01,7.09,213.0949801457837,85.11749347258485
1973-04-01,7.12,106.43065692383624,70.74340527577938
1973-05-01,7.84,101.53973179804169,83.60655737704919
1973-06-01,8.49,105.61075141842797,90.35874439461884
1973-07-01,10.4,355.2116651364111,128.5714285714286
1973-08-01,10.5,221.731027192446,118.29521829521829
1973-09-01,10.78,159.9227435370417,121.35523613963035
1973-10-01,10.01,-14.177145996093776,98.21782178217822
1973-11-01,10.03,-16.73805806584706,98.2213438735178
1973-12-01,9.95,-27.4199472370957,86.67917448405251
1974-01-01,9.65,-13.62800648907906,62.45791245791246
1974-02-01,8.97,-36.03151869927632,36.32218844984803
1974-03-01,9.35,-22.02522674983175,31.87588152327221
1974-04-01,10.51,40.70243413381414,47.6123595505618
1974-05-01,11.31,152.74387956017884,44.26020408163267
1974-06-01,11.93,165.04238516754398,40.51825677267373
1974-07-01,12.92,128.37007289730852,24.230769230769234
1974-08-01,12.01,27.15153572384823,14.380952380952383
1974-09-01,11.34,-18.362359622692605,5.1948051948051965
1974-10-01,10.06,-63.242846813206974,0.4995004995005159
1974-11-01,9.45,-61.66855384887183,-5.7826520438683975
1974-12-01,8.53,-67.98570765707731,-14.271356783919597
1975-01-01,7.13,-74.76715635937992,-26.1139896373057
1975-02-01,6.24,-80.98873022284508,-30.434782608695656
1975-03-01,5.54,-82.20725583506369,-40.74866310160428
1975-04-01,5.49,-64.84952012497503,-47.76403425309229
1975-05-01,5.22,-51.02847219410869,-53.846153846153854
1975-06-01,5.55,0.7239789465113722,-53.478625314333605
1975-07-01,6.1,52.41579027587249,-52.786377708978335
1975-08-01,6.14,91.4218338656654,-48.87593671940051
1975-09-01,6.24,59.79619219480081,-44.97354497354497
1975-10-01,5.82,-17.134720689050187,-42.14711729622267
1975-11-01,5.22,-47.75935535641286,-44.76190476190476
1975-12-01,5.2,-51.77469135802468,-39.038686987104334
1976-01-01,4.87,-50.9742883817484,-31.697054698457215
1976-02-01,4.77,-30.274521371279604,-23.557692307692314
1976-03-01,4.84,-24.946997304015994,-12.635379061371843
1976-04-01,4.82,-4.043961925375372,-12.204007285974495
1976-05-01,5.29,51.26873391984399,1.3409961685823868
1976-06-01,5.48,64.33905577254822,-1.2612612612612484
1976-07-01,5.31,47.29565343039109,-12.950819672131153
1976-08-01,5.29,0.0,-13.84364820846905
1976-09-01,5.25,-15.760655322582684,-15.865384615384615
1976-10-01,5.02,-20.120233949035104,-13.745704467353958
1976-11-01,4.95,-23.334829194689757,-5.172413793103436
1976-12-01,4.65,-38.45757600999582,-10.576923076923073
1977-01-01,4.61,-28.880477355687194,-5.338809034907587
1977-02-01,4.68,-20.09708626459945,-1.8867924528301883
1977-03-01,4.69,3.4855135722447805,-3.0991735537189924
1977-04-01,4.73,10.825796539608737,-1.8672199170124415
1977-05-01,5.35,70.77791844734678,1.1342155009451682
1977-06-01,5.39,74.4470741851035,-1.642335766423375
1977-07-01,5.42,72.40608230159795,2.0715630885122405
1977-08-01,5.9,47.90842703282265,11.531190926275992
1977-09-01,6.14,68.390824661474,16.952380952380942
1977-10-01,6.47,103.0579402429148,28.88446215139442
1977-11-01,6.51,48.22310534529744,31.515151515151494
1977-12-01,6.56,30.29923710160709,41.07526881720429
1978-01-01,6.7,14.995828929192466,45.336225596529275
1978-02-01,6.78,17.65078281535366,44.87179487179489
1978-03-01,6.79,14.779344351688929,44.776119402985074
1978-04-01,6.89,11.834983195723956,45.6659619450317
1978-05-01,7.36,38.86489876406123,37.57009345794393
1978-06-01,7.6,56.9550421918476,41.00185528756957
1978-07-01,7.81,65.09246341746857,44.09594095940959
1978-08-01,8.04,42.400966729907495,36.27118644067795
1978-09-01,8.45,52.81728045107121,37.62214983713355
1978-10-01,8.96,73.23191372364752,38.48531684698611
1978-11-01,9.76,117.1576212179247,49.923195084485414
1978-12-01,10.03,98.50748920483522,52.89634146341464
1979-01-01,10.07,59.54597177048344,50.29850746268656
1979-02-01,10.06,12.873671608728166,48.377581120943944
1979-03-01,10.09,2.414378271368478,48.60088365243005
1979-04-01,10.01,-2.3621005213749324,45.28301886792454
1979-05-01,10.24,7.351447240447384,39.13043478260869
1979-06-01,10.29,8.167510416882218,35.39473684210526
1979-07-01,10.47,19.687946774450072,34.05889884763125
1979-08-01,10.94,30.277513644250572,36.069651741293555
1979-09-01,11.43,52.23812362969837,35.266272189349124
1979-10-01,13.77,199.1913506480373,53.6830357142857
1979-11-01,13.18,110.66498320055145,35.04098360655738
1979-12-01,13.78,111.25740885035506,37.387836490528414
1980-01-01,13.82,1.460362846506036,37.239324726911626
1980-02-01,14.13,32.10127410378985,40.45725646123262
1980-03-01,17.19,142.16235780512994,70.36669970267593
1980-04-01,17.61,163.6363265918348,75.92407592407594
1980-05-01,10.98,-63.53798099794729,7.2265625
1980-06-01,9.47,-90.78922000031235,-7.968901846452859
1980-07-01,9.03,-93.0862514979021,-13.753581661891134
1980-08-01,9.61,-41.32079919758088,-12.157221206581358
1980-09-01,10.87,73.58742478509359,-4.899387576552938
1980-10-01,12.81,304.99113578122865,-6.971677559912848
1980-11-01,15.85,639.9860209061691,20.25796661608499
1980-12-01,18.9,813.9638961262518,37.15529753265603
1981-01-01,19.08,392.17206769304937,38.060781476121555
1981-02-01,15.93,2.034264197832325,12.73885350318471
1981-03-01,14.7,-63.40496875476299,-14.485165794066324
1981-04-01,15.72,-53.9216748151708,-10.732538330494034
1981-05-01,18.52,82.6841320592716,68.6703096539162
1981-06-01,19.1,185.01264595599287,101.68954593453007
1981-07-01,19.04,115.20760253677284,110.8527131782946
1981-08-01,17.82,-14.283018432539707,85.4318418314256
1981-09-01,15.87,-52.33778317411356,45.99816007359705
1981-10-01,15.08,-60.6506475386245,17.720530835284933
1981-11-01,13.31,-68.877002124041,-16.025236593059933
1981-12-01,12.37,-63.08770130611201,-34.55026455026455
1982-01-01,13.22,-40.93632652815189,-30.712788259958057
1982-02-01,14.78,52.04968135171229,-7.219083490269929
1982-03-01,14.68,98.34690301815006,-0.1360544217687054
1982-04-01,14.94,63.10849079691187,-4.961832061068705
1982-05-01,14.45,-8.636305670976018,-21.976241900647953
1982-06-01,14.15,-13.677991426787816,-25.916230366492155
1982-07-01,12.59,-49.56865736881616,-33.87605042016807
1982-08-01,10.12,-75.94249073922754,-43.20987654320988
1982-09-01,10.31,-71.81559300015712,-35.0346565847511
1982-10-01,9.71,-64.61868262790891,-35.61007957559681
1982-11-01,9.2,-31.698654463492936,-30.879038317054853
1982-12-01,8.95,-43.21188147092092,-27.647534357316083
1983-01-01,8.68,-36.14396020762225,-34.34190620272315
1983-02-01,8.51,-26.79058593749999,-42.42219215155616
1983-03-01,8.77,-7.805241253691175,-40.258855585831064
1983-04-01,8.8,5.645690959671046,-41.09772423025434
1983-05-01,8.63,5.760852421095919,-40.27681660899653
1983-06-01,8.98,9.927657429564274,-36.53710247349823
1983-07-01,9.37,28.53685660682781,-25.57585385226371
1983-08-01,9.56,50.587313763586565,-5.533596837944654
1983-09-01,9.45,22.637104281894786,-8.341416100872944
1983-10-01,9.48,4.779177697584114,-2.3686920700308978
1983-11-01,9.34,-8.89212110976204,1.521739130434785
1983-12-01,9.47,0.8492521351978644,5.810055865921804
1984-01-01,9.56,3.418496512224989,10.138248847926267
1984-02-01,9.59,11.144230597355008,12.690951821386598
1984-03-01,9.91,19.920851047604813,12.99885974914481
1984-04-01,10.29,34.223923628544895,16.93181818181817
1984-05-01,10.32,34.10481163894124,19.582850521436846
1984-06-01,11.06,55.14075117954227,23.16258351893097
1984-07-01,11.23,41.85920641350833,19.85058697972253
1984-08-01,11.64,61.84270633183972,21.757322175732206
1984-09-01,11.3,8.966566354446993,19.576719576719604
1984-10-01,9.99,-37.375693741910496,5.379746835443044
1984-11-01,9.43,-56.92405143746225,0.9635974304068595
1984-12-01,8.38,-69.75439329336953,-11.510031678986266
1985-01-01,8.35,-51.19279376059984,-12.656903765690386
1985-02-01,8.5,-33.98708178581177,-11.366006256517203
1985-03-01,8.58,9.89377111068983,-13.420787083753783
1985-04-01,8.27,-3.7776107884676,-19.63070942662779
1985-05-01,7.97,-22.703899870739107,-22.77131782945737
1985-06-01,7.53,-40.67595530788587,-31.916817359855333
1985-07-01,7.88,-17.570468448383103,-29.830810329474623
1985-08-01,7.9,-3.4671608361341644,-32.13058419243986
1985-09-01,7.92,22.38292296027311,-29.91150442477877
1985-10-01,7.99,5.701766974766453,-20.020020020020024
1985-11-01,8.05,7.813999314918019,-14.634146341463406
1985-12-01,8.27,18.88342591604961,-1.312649164677815
1986-01-01,8.14,7.723511620413825,-2.5149700598802283
1986-02-01,7.86,-9.111975754435718,-7.529411764705873
1986-03-01,7.48,-33.075620499969425,-12.82051282051282
1986-04-01,6.99,-45.62352089808564,-15.477629987908092
1986-05-01,6.85,-42.31377735687657,-14.052697616060229
1986-06-01,6.92,-26.748253064554216,-8.100929614873841
1986-07-01,6.56,-22.42770247239484,-16.751269035533
1986-08-01,6.17,-34.17689420702915,-21.898734177215196
1986-09-01,5.89,-47.514806664008525,-25.63131313131314
1986-10-01,5.85,-36.757634349856026,-26.78347934918649
1986-11-01,6.04,-8.165239365291988,-24.968944099378888
1986-12-01,6.91,89.43098187738174,-16.444981862152353
1987-01-01,6.43,45.95548734312569,-21.007371007371013
1987-02-01,6.1,4.033110942516727,-22.391857506361333
1987-03-01,6.13,-38.065917457659495,-18.048128342245995
1987-04-01,6.37,-3.6805846831877274,-8.86981402002861
1987-05-01,6.85,59.01677668044867,0.0
1987-06-01,6.73,45.284190802845245,-2.7456647398843903
1987-07-01,6.58,13.853358225023229,0.3048780487804992
1987-08-01,6.73,-6.825306903709283,9.076175040518653
1987-09-01,7.22,32.46115372151128,22.580645161290324
1987-10-01,7.29,50.66297501053248,24.615384615384617
1987-11-01,6.69,-2.3563030455369005,10.761589403973515
1987-12-01,6.77,-22.69530260895449,-2.026049204052105
1988-01-01,6.83,-22.94998963904772,6.220839813374801
1988-02-01,6.58,-6.416538848029251,7.868852459016407
1988-03-01,6.58,-10.76219080833194,7.3409461663947795
1988-04-01,6.87,2.3632658788877103,7.849293563579285
1988-05-01,7.09,34.79735367782047,3.50364963503651
1988-06-01,7.51,69.68997026329393,11.589895988112907
1988-07-01,7.75,61.94959332701436,17.78115501519757
1988-08-01,8.01,62.909017175885,19.01931649331352
1988-09-01,8.19,41.44117614277414,13.434903047091407
1988-10-01,8.3,31.554454917646744,13.854595336076825
1988-11-01,8.35,18.09073824251952,24.813153961136013
1988-12-01,8.76,30.88226967087309,29.394387001477117
1989-01-01,9.12,45.76960730153081,33.52855051244508
1989-02-01,9.36,57.8910427818288,42.249240121580534
1989-03-01,9.85,59.85583645783925,49.69604863221883
1989-04-01,9.84,35.51926588961105,43.23144104803494
1989-05-01,9.81,20.662587620848825,38.3638928067701
1989-06-01,9.53,-12.37527246409954,26.897470039946736
1989-07-01,9.24,-22.24873007660589,19.225806451612915
1989-08-01,8.99,-29.471810172029745,12.234706616729095
1989-09-01,9.02,-19.74824333943864,10.134310134310143
1989-10-01,8.84,-16.22370010781512,6.506024096385521
1989-11-01,8.55,-18.18636442001278,2.3952095808383422
1989-12-01,8.45,-22.980501646607,-3.5388127853881346
1990-01-01,8.23,-24.87399742836701,-9.758771929824551
1990-02-01,8.24,-13.733061082179088,-11.965811965811957
1990-03-01,8.28,-7.807729397799646,-15.93908629441625
1990-04-01,8.26,1.4660720782373682,-16.056910569105685
1990-05-01,8.18,-2.8809628963222367,-16.615698267074418
1990-06-01,8.29,0.4839676585767005,-13.011542497376706
1990-07-01,8.15,-5.221409526573306,-11.796536796536794
1990-08-01,8.13,-2.422661616215571,-9.566184649610676
1990-09-01,8.2,-4.272374311789251,-9.090909090909093
1990-10-01,8.11,-1.9487844819177425,-8.257918552036204
1990-11-01,7.81,-14.838764563821204,-8.654970760233926
1990-12-01,7.31,-36.844075294894,-13.491124260355026
1991-01-01,6.91,-47.29779661701502,-16.038882138517618
1991-02-01,6.25,-58.9875292301014,-24.15048543689321
1991-03-01,6.12,-50.87119724137204,-26.086956521739125
1991-04-01,5.91,-46.48965709512447,-28.450363196125906
1991-05-01,5.78,-26.853881655459823,-29.339853300733488
1991-06-01,5.9,-13.622156362947004,-28.829915560916753
1991-07-01,5.82,-5.953634817195774,-28.588957055214724
1991-08-01,5.66,-8.049441580346938,-30.38130381303814
1991-09-01,5.45,-27.1921909192934,-33.536585365853654
1991-10-01,5.21,-35.78167782740665,-35.75832305795315
1991-11-01,4.81,-47.84276253012486,-38.41229193341869
1991-12-01,4.43,-56.34551232103402,-39.398084815321475
1992-01-01,4.03,-64.2011322159975,-41.67872648335745
1992-02-01,4.06,-49.23974106619448,-35.040000000000006
1992-03-01,3.98,-34.84955545563822,-34.967320261437905
1992-04-01,3.73,-26.61367452918768,-36.886632825719126
1992-05-01,3.82,-21.63009553746325,-33.91003460207613
1992-06-01,3.76,-20.343890447105338,-36.27118644067797
1992-07-01,3.25,-42.36343146064362,-44.15807560137457
1992-08-01,3.3,-44.30678259539224,-41.69611307420495
1992-09-01,3.22,-46.21364585295121,-40.917431192660544
1992-10-01,3.1,-17.222304541157506,-40.49904030710173
1992-11-01,3.09,-23.126233863807112,-35.75883575883576
1992-12-01,2.92,-32.37490020456835,-34.085778781038364
1993-01-01,3.02,-9.929827085686217,-25.0620347394541
1993-02-01,3.03,-7.543681510587197,-25.369458128078815
1993-03-01,3.07,22.186182469562944,-22.864321608040207
1993-04-01,2.96,-7.713309413237623,-20.643431635388744
1993-05-01,3.0,-3.901965551718334,-21.46596858638743
1993-06-01,3.04,-3.851872096367437,-19.14893617021276
1993-07-01,3.06,14.21387377638581,-5.846153846153845
1993-08-01,3.03,4.060401000000002,-8.18181818181818
1993-09-01,3.09,6.743043953146977,-4.037267080745355
1993-10-01,2.99,-8.841106004403798,-3.548387096774186
1993-11-01,3.02,-1.3136110734545905,-2.265372168284785
1993-12-01,2.96,-15.795960454828396,1.3698630136986356
1994-01-01,3.05,8.27161231819451,0.9933774834437026
1994-02-01,3.25,34.12374524727415,7.26072607260726
1994-03-01,3.34,62.113440569206645,8.794788273615639
1994-04-01,3.56,85.60968534594622,20.270270270270263
1994-05-01,4.01,131.76296942880148,33.666666666666664
1994-06-01,4.25,162.16206724157286,39.80263157894737
1994-07-01,4.26,105.03991093097866,39.2156862745098
1994-08-01,4.47,54.401886412887634,47.524752475247524
1994-09-01,4.73,53.42242493380114,53.07443365695794
1994-10-01,4.76,55.87964730097694,59.1973244147157
1994-11-01,5.29,96.1519345019307,75.16556291390728
1994-12-01,5.45,76.25500010381737,84.12162162162163
1995-01-01,5.53,82.168261762012,81.31147540983608
1995-02-01,5.92,56.84263817556656,82.15384615384616
1995-03-01,5.98,44.95016926835704,79.0419161676647
1995-04-01,6.05,43.258689296734445,69.9438202247191
1995-05-01,6.01,6.221165197158984,49.87531172069826
1995-06-01,6.0,1.3445189529333934,41.176470588235304
1995-07-01,5.85,-12.58177868543734,37.323943661971825
1995-08-01,5.74,-16.794950829972464,28.411633109619693
1995-09-01,5.8,-12.681358024691358,22.621564482029587
1995-10-01,5.76,-6.013285249115907,21.00840336134453
1995-11-01,5.8,4.247201362162767,9.640831758034029
1995-12-01,5.6,-13.095926512941835,2.752293577981635
1996-01-01,5.56,-13.18210880306867,0.5424954792043302
1996-02-01,5.22,-34.39,-11.824324324324332
1996-03-01,5.31,-19.16006115514207,-11.204013377926437
1996-04-01,5.22,-22.30682928567026,-13.719008264462806
1996-05-01,5.24,1.54139742568411,-12.811980033277859
1996-06-01,5.27,-2.979306074705668,-12.16666666666667
1996-07-01,5.4,14.523082056495262,-7.692307692307676
1996-08-01,5.22,-1.5179990277484956,-9.059233449477356
1996-09-01,5.3,2.296557156522261,-8.62068965517241
1996-10-01,5.24,-11.33543072514166,-9.027777777777768
1996-11-01,5.31,7.07696976166472,-8.448275862068966
1996-12-01,5.29,-0.7525836751903991,-5.535714285714278
1997-01-01,5.25,0.7655467474322553,-5.575539568345322
1997-02-01,5.19,-8.737713161418359,-0.5747126436781436
1997-03-01,5.39,7.778558957140214,1.5065913370998052
1997-04-01,5.51,21.33027495465367,5.555555555555558
1997-05-01,5.5,26.119234649880283,4.961832061068705
1997-06-01,5.56,13.225463081250698,5.502846299810238
1997-07-01,5.52,0.7279314833685602,2.2222222222222143
1997-08-01,5.54,2.9409805953145574,6.130268199233724
1997-09-01,5.54,-1.4311039484885768,4.528301886792452
1997-10-01,5.5,-1.441417873905304,4.961832061068705
1997-11-01,5.52,-1.4362423951834955,3.9548022598870025
1997-12-01,5.5,-2.856958014492028,3.969754253308122
1998-01-01,5.56,4.435562047401076,5.9047619047619015
1998-02-01,5.51,-0.7226709341180082,6.165703275529855
1998-03-01,5.49,-0.7252916593128877,1.855287569573294
1998-04-01,5.45,-7.681903168358318,-1.0889292196007205
1998-05-01,5.49,-1.4440196256020887,-0.181818181818183
1998-06-01,5.56,5.198558417319332,0.0
1998-07-01,5.54,6.7709359642337485,0.36231884057971175
1998-08-01,5.55,4.4437736007548745,0.18050541516245744
1998-09-01,5.51,-3.5488902162192693,-0.5415162454873723
1998-10-01,5.07,-29.85563654945201,-7.818181818181813
1998-11-01,4.83,-42.639016306496615,-12.49999999999999
1998-12-01,4.68,-47.95523919412816,-14.909090909090917
1999-01-01,4.63,-30.45080193477717,-16.726618705035968
1999-02-01,4.76,-5.6722907157023,-13.611615245009078
1999-03-01,4.81,11.582706999695125,-12.38615664845174
1999-04-01,4.74,9.847304049656367,-13.027522935779812
1999-05-01,4.74,-1.6701094362483904,-13.661202185792353
1999-06-01,4.76,-4.093618544021426,-14.388489208633093
1999-07-01,4.99,22.82557778970633,-9.927797833935015
1999-08-01,5.07,30.89361755756037,-8.648648648648638
1999-09-01,5.22,44.62860628077985,-5.263157894736848
1999-10-01,5.2,17.926441065699272,2.564102564102555
1999-11-01,5.42,30.60665561605884,12.215320910973082
1999-12-01,5.3,6.272639275598824,13.247863247863245
2000-01-01,5.45,20.662587620848825,17.71058315334775
2000-02-01,5.73,24.916941330470888,20.378151260504218
2000-03-01,5.85,48.429418466377314,21.62162162162162
2000-04-01,6.02,48.86752084110813,27.004219409282683
2000-05-01,6.27,43.36781798293104,32.27848101265822
2000-06-01,6.53,55.24916062029157,37.18487394957983
2000-07-01,6.54,39.29163247188292,31.062124248496993
2000-08-01,6.5,15.500340154156136,28.205128205128194
2000-09-01,6.52,-0.6111517635015495,24.90421455938696
2000-10-01,6.51,-1.8222757503195572,25.192307692307693
2000-11-01,6.51,0.6168061908196298,20.110701107011074
2000-12-01,6.4,-7.161201129215877,20.75471698113209
2001-01-01,5.98,-28.799870804747883,9.724770642201829
2001-02-01,5.49,-49.42156077608166,-4.188481675392675
2001-03-01,5.31,-52.61311201989653,-9.230769230769232
2001-04-01,4.8,-58.4892850368785,-20.26578073089701
2001-05-01,4.21,-65.41888393239586,-32.854864433811805
2001-06-01,3.97,-68.75475440121002,-39.20367534456355
2001-07-01,3.77,-61.94598795384536,-42.354740061162076
2001-08-01,3.65,-43.500699045533786,-43.84615384615385
2001-09-01,3.07,-64.24049694315397,-52.914110429447845
2001-10-01,2.49,-80.97029799325482,-61.75115207373272
2001-11-01,2.09,-89.24987073107803,-67.89554531490015
2001-12-01,1.82,-87.64814883250082,-71.5625
2002-01-01,1.73,-76.69833125135965,-71.07023411371239
2002-02-01,1.74,-51.95902104170585,-68.30601092896175
2002-03-01,1.73,-18.36077739439037,-67.41996233521657
2002-04-01,1.75,4.70508705836088,-63.541666666666664
2002-05-01,1.75,2.318744290973762,-58.432304038004744
2002-06-01,1.75,4.70508705836088,-55.91939546599496
2002-07-01,1.73,-4.493656603082064,-54.11140583554377
2002-08-01,1.74,-2.266196977925849,-52.32876712328767
2002-09-01,1.75,0.0,-42.99674267100977
2002-10-01,1.75,4.70508705836088,-29.718875502008036
2002-11-01,1.34,-64.82596427658338,-35.88516746411482
2002-12-01,1.24,-74.7922231336943,-31.868131868131865
2003-01-01,1.24,-74.7922231336943,-28.32369942196532
2003-02-01,1.26,-21.825882540231905,-27.586206896551722
2003-03-01,1.25,3.2650385217282585,-27.74566473988439
2003-04-01,1.26,6.609385438988391,-28.000000000000004
2003-05-01,1.26,0.0,-28.000000000000004
2003-06-01,1.22,-9.259896422400004,-30.28571428571428
2003-07-01,1.01,-58.71395185641606,-41.61849710982659
2003-08-01,1.03,-55.34534705887992,-40.804597701149426
2003-09-01,1.01,-53.02722989163316,-42.285714285714285
2003-10-01,1.01,0.0,-42.285714285714285
2003-11-01,1.0,-11.1512952084311,-25.373134328358216
2003-12-01,0.98,-11.362232786321869,-20.967741935483875
2004-01-01,1.0,-3.901965551718378,-19.354838709677413
2004-02-01,1.01,4.060401000000002,-19.84126984126984
2004-03-01,1.0,8.416578473393965,-19.999999999999996
2004-04-01,1.0,0.0,-20.63492063492064
2004-05-01,1.0,-3.901965551718378,-20.63492063492064
2004-06-01,1.03,12.550881000000016,-15.573770491803273
2004-07-01,1.26,152.047376,24.752475247524753
2004-08-01,1.43,318.1616009999999,38.83495145631066
2004-09-01,1.61,496.9728846458341,59.405940594059416
2004-10-01,1.76,280.68738950093245,74.25742574257426
2004-11-01,1.93,231.80665027155368,93.0
2004-12-01,2.16,223.97500144668493,120.40816326530614
2005-01-01,2.28,181.63635616590392,127.99999999999999
2005-02-01,2.5,181.5339662169806,147.5247524752475
2005-03-01,2.63,119.79003053615368,163.0
2005-04-01,2.79,124.22158854386484,179.0
2005-05-01,3.0,107.36,200.0
2005-06-01,3.04,78.51361322935473,195.14563106796118
2005-07-01,3.26,86.40329593864848,158.7301587301587
2005-08-01,3.5,85.26234567901238,144.75524475524475
2005-09-01,3.62,101.06660627442294,124.84472049689441
2005-10-01,3.78,80.75769685327568,114.77272727272725
2005-11-01,4.0,70.59558517284461,107.25388601036272
2005-12-01,4.16,74.39701224929631,92.59259259259258
2006-01-01,4.29,65.9059529348165,88.15789473684212
2006-02-01,4.49,58.76157500390629,79.60000000000001
2006-03-01,4.59,48.20997009365493,74.52471482889733
2006-04-01,4.79,55.42214016967459,71.68458781362006
2006-05-01,4.94,46.52861062683223,64.66666666666667
2006-06-01,4.99,39.6855365584903,64.14473684210526
2006-07-01,5.24,43.21321497713792,60.73619631901843
2006-08-01,5.25,27.564378630958974,50.0
2006-09-01,5.25,22.52791154138685,45.027624309392266
2006-10-01,5.25,0.7655467474322553,38.88888888888891
2006-11-01,5.25,0.0,31.25
2006-12-01,5.24,-0.7597306541204385,25.96153846153846
2007-01-01,5.25,0.0,22.377622377622373
2007-02-01,5.26,0.764084398249687,17.14922048997771
2007-03-01,5.26,1.5354805689404394,14.596949891067545
2007-04-01,5.25,0.0,9.603340292275565
2007-05-01,5.25,-0.7582904194611606,6.275303643724683
2007-06-01,5.25,-0.7582904194611606,5.210420841683372
2007-07-01,5.26,0.764084398249687,0.3816793893129722
2007-08-01,5.02,-16.405509535142272,-4.380952380952385
2007-09-01,4.94,-21.608209851985528,-5.9047619047619015
2007-10-01,4.76,-32.93671324683686,-9.333333333333337
2007-11-01,4.49,-36.00139679560399,-14.476190476190476
2007-12-01,4.24,-45.73052369814755,-19.083969465648853
2008-01-01,3.94,-53.05848776452138,-24.95238095238095
2008-02-01,2.98,-80.5965170969474,-43.34600760456273
2008-03-01,2.61,-85.64184613602276,-50.380228136882124
2008-04-01,2.28,-88.7861562445532,-56.57142857142857
2008-05-01,1.98,-80.51072405515222,-62.28571428571429
2008-06-01,2.0,-65.52073865388776,-61.904761904761905
2008-07-01,2.01,-39.59890086306122,-61.78707224334601
2008-08-01,2.0,4.102035568521689,-60.15936254980079
2008-09-01,1.81,-32.9198049375,-63.36032388663968
2008-10-01,0.97,-94.57621198135948,-79.6218487394958
2008-11-01,0.39,-99.8554099375,-91.31403118040089
2008-12-01,0.16,-99.99389387583597,-96.22641509433963
2009-01-01,0.15,-99.9428155301521,-96.19289340101524
2009-02-01,0.22,-89.87413121838854,-92.61744966442953
2009-03-01,0.18,60.1806640625,-93.10344827586206
2009-04-01,0.15,0.0,-93.42105263157895
2009-05-01,0.18,-55.18748719349773,-90.9090909090909
2009-06-01,0.21,85.26234567901238,-89.5
2009-07-01,0.16,29.45382716049383,-92.03980099502488
2009-08-01,0.16,-37.57049230300258,-92.0
2009-09-01,0.15,-73.9691795085381,-91.71270718232044
2009-10-01,0.12,-68.359375,-87.62886597938144
2009-11-01,0.12,-68.359375,-69.23076923076923
2009-12-01,0.12,-59.03999999999999,-25.0
2010-01-01,0.11,-29.393325617283928,-26.66666666666666
2010-02-01,0.13,37.73630401234576,-40.90909090909091
2010-03-01,0.16,216.04938271604956,-11.111111111111105
2010-04-01,0.2,992.8215285841136,33.33333333333335
2010-05-01,0.2,460.2044746332413,11.111111111111116
2010-06-01,0.18,60.1806640625,-14.28571428571429
2010-07-01,0.18,-34.39000000000002,12.5
2010-08-01,0.19,-18.54937500000001,18.75
2010-09-01,0.19,24.14361377838745,26.666666666666682
2010-10-01,0.19,24.14361377838745,58.33333333333335
2010-11-01,0.19,0.0,58.33333333333335
2010-12-01,0.18,-19.448131920411925,50.0
2011-01-01,0.17,-35.91132664727864,54.54545454545456
2011-02-01,0.16,-49.71186531717836,23.076923076923084
2011-03-01,0.14,-63.40496875476297,-12.49999999999999
2011-04-01,0.1,-88.02696327869637,-50.0
2011-05-01,0.09,-89.98870849609375,-55.00000000000001
2011-06-01,0.09,-82.92117867555187,-50.0
2011-07-01,0.07,-75.99,-61.11111111111111
2011-08-01,0.1,52.4157902758726,-47.36842105263158
2011-09-01,0.08,-37.57049230300258,-57.89473684210527
2011-10-01,0.07,0.0,-63.1578947368421
2011-11-01,0.08,-59.04000000000001,-57.89473684210527
2011-12-01,0.07,-41.381835937499964,-61.11111111111111
2012-01-01,0.08,70.59558517284461,-52.94117647058824
2012-02-01,0.1,144.140625,-37.5
2012-03-01,0.13,1089.5460224906285,-7.142857142857151
2012-04-01,0.14,837.8906250000006,40.000000000000014
2012-05-01,0.16,555.3599999999998,77.77777777777779
2012-06-01,0.16,129.4597528097756,77.77777777777779
2012-07-01,0.16,70.59558517284461,128.57142857142856
2012-08-01,0.13,-56.41937255859375,30.000000000000004
2012-09-01,0.14,-41.381835937499964,75.00000000000003
2012-10-01,0.16,0.0,128.57142857142856
2012-11-01,0.16,129.4597528097756,100.0
2012-12-01,0.16,70.59558517284461,128.57142857142856
2013-01-01,0.14,-41.381835937499964,75.00000000000003
2013-02-01,0.15,-22.75238037109375,49.99999999999998
2013-03-01,0.14,-41.381835937499964,7.692307692307709
2013-04-01,0.15,31.7810287380258,7.14285714285714
2013-05-01,0.11,-71.07950617283949,-31.25
2013-06-01,0.09,-82.92117867555187,-43.75
2013-07-01,0.09,-87.04,-43.75
2013-08-01,0.08,-72.0237688682467,-38.46153846153846
2013-09-01,0.08,-37.57049230300258,-42.85714285714286
2013-10-01,0.09,0.0,-43.75
2013-11-01,0.08,0.0,-50.0
2013-12-01,0.09,60.1806640625,-43.75
2014-01-01,0.07,-63.40496875476297,-50.0
2014-02-01,0.07,-41.381835937499964,-53.33333333333332
2014-03-01,0.08,-37.57049230300258,-42.85714285714286
2014-04-01,0.09,173.26114119117025,-40.0
2014-05-01,0.09,173.26114119117025,-18.181818181818187
2014-06-01,0.1,144.140625,11.111111111111116
2014-07-01,0.09,0.0,0.0
2014-08-01,0.09,0.0,12.5
2014-09-01,0.09,-34.39000000000002,12.5
2014-10-01,0.09,0.0,0.0
2014-11-01,0.09,0.0,12.5
2014-12-01,0.12,216.0493827160493,33.33333333333333
2015-01-01,0.11,123.1519585429051,57.14285714285714
2015-02-01,0.11,123.1519585429051,57.14285714285714
2015-03-01,0.11,-29.393325617283928,37.5
2015-04-01,0.12,41.629670104501024,33.33333333333333
2015-05-01,0.12,41.629670104501024,33.33333333333333
2015-06-01,0.13,95.07547298681789,30.000000000000004
2015-07-01,0.13,37.73630401234576,44.444444444444464
2015-08-01,0.14,85.26234567901238,55.55555555555558
2015-09-01,0.14,34.50509435944129,55.55555555555558
2015-10-01,0.12,-27.397500087531967,33.33333333333333
2015-11-01,0.12,-46.02249062890466,33.33333333333333
2015-12-01,0.24,763.6401499375254,100.0
2016-01-01,0.34,6344.521604938273,209.09090909090912
2016-02-01,0.38,9955.632716049386,245.45454545454547
2016-03-01,0.36,406.25,227.27272727272725
2016-04-01,0.37,40.24624046646947,208.33333333333334
2016-05-01,0.37,-10.118045057972225,208.33333333333334
2016-06-01,0.38,24.14361377838745,192.3076923076923
2016-07-01,0.39,23.43875472811572,200.0
2016-08-01,0.4,36.59445479870729,185.71428571428572
2016-09-01,0.4,22.77376631548251,185.71428571428572
2016-10-01,0.4,10.657674001627935,233.33333333333334
2016-11-01,0.41,10.381289062499954,241.66666666666666
2016-12-01,0.54,232.1506250000001,125.00000000000004
2017-01-01,0.65,597.2900390625,91.17647058823528
2017-02-01,0.66,571.4911841447314,73.6842105263158
2017-03-01,0.79,358.0715568614391,119.44444444444446
2017-04-01,0.9,267.55015580686944,143.24324324324326
2017-05-01,0.91,261.4013970998067,145.94594594594597
2017-06-01,1.04,200.34817129135104,173.6842105263158
2017-07-01,1.15,166.57616979119027,194.87179487179483
2017-08-01,1.16,164.03797152724584,189.99999999999994
2017-09-01,1.15,49.50578726371837,187.49999999999994
2017-10-01,1.15,0.0,187.49999999999994
2017-11-01,1.16,0.0,182.92682926829266
2017-12-01,1.3,63.29844447382629,140.74074074074073
2018-01-01,1.41,125.98784938590128,116.9230769230769
2018-02-01,1.42,124.55432317565447,115.15151515151514
2018-03-01,1.51,82.02639998599481,91.13924050632912
2018-04-01,1.69,106.38131144177892,87.77777777777777
2018-05-01,1.7,105.41980280643376,86.81318681318679
2018-06-01,1.82,111.0463097822938,75.0
2018-07-01,1.91,63.14983936960245,66.08695652173913
2018-08-01,1.91,59.344758922905626,64.65517241379311
2018-09-01,1.95,31.7810287380258,69.56521739130437
2018-10-01,2.19,72.83949565427999,90.43478260869566
2018-11-01,2.2,76.01806982197033,89.65517241379312
2018-12-01,2.27,83.63902712885269,74.61538461538461
2019-01-01,2.4,44.23428549676718,70.2127659574468
2019-02-01,2.4,41.629670104501024,69.01408450704226
2019-03-01,2.41,27.047095703092623,59.602649006622535
2019-04-01,2.42,3.3752319637345485,43.19526627218935
2019-05-01,2.39,-1.6562789050443172,40.58823529411766
2019-06-01,2.38,-4.88704867026396,30.76923076923075
2019-07-01,2.4,-3.265029639709671,25.654450261780106
2019-08-01,2.13,-36.914897946048455,11.518324607329845
2019-09-01,2.04,-46.02249062890461,4.615384615384621
2019-10-01,1.83,-66.19667724609374,-16.43835616438356
2019-11-01,1.55,-71.95803913178625,-29.545454545454554
2019-12-01,1.55,-66.67224016838156,-31.718061674008812
2020-01-01,1.55,-48.53376084576367,-35.416666666666664
2020-02-01,1.58,7.969615590766188,-34.16666666666666
2020-03-01,0.65,-96.90737947485763,-73.02904564315354
2020-04-01,0.05,-99.99989171875896,-97.93388429752066
2020-05-01,0.05,-99.99989971137671,-97.90794979079497
2020-06-01,0.08,-99.97705402471902,-96.63865546218487
2020-07-01,0.09,949.7599999999996,-96.25
2020-08-01,0.1,1500.0,-95.30516431924883
2020-09-01,0.09,60.1806640625,-95.58823529411765
2020-10-01,0.09,0.0,-95.08196721311475
2020-11-01,0.09,-34.39000000000002,-94.19354838709677
2020-12-01,0.09,0.0,-94.19354838709677
2021-01-01,0.09,0.0,-94.19354838709677
2021-02-01,0.08,-37.57049230300258,-94.9367088607595
2021-03-01,0.07,-63.40496875476297,-89.23076923076923
2021-04-01,0.07,-63.40496875476297,40.000000000000014
2021-05-01,0.06,-68.359375,19.999999999999996
2021-06-01,0.08,70.59558517284461,0.0
2021-07-01,0.1,316.49312786339027,11.111111111111116
