DATE,INDPRO,3m growth rate,12m growth rate
1919-01-01,4.8902,,
1919-02-01,4.674,,
1919-03-01,4.5389,,
1919-04-01,4.62,-20.336126930205257,
1919-05-01,4.647,-2.290709960573023,
1919-06-01,4.9442,40.79319447282346,
1919-07-01,5.2414,65.66139541391532,
1919-08-01,5.3224,72.08354805074859,
1919-09-01,5.2144,23.718102759610527,
1919-10-01,5.1603,-6.047014540981488,
1919-11-01,5.0793,-17.055915878417238,
1919-12-01,5.1603,-4.085905783564181,
1920-01-01,5.6467,43.37685759139001,15.469714940084245
1920-02-01,5.6467,52.74373364534864,20.810868635002123
1920-03-01,5.5386,32.708946970732875,22.025160281125377
1920-04-01,5.2414,-25.764718879430447,13.450216450216445
1920-05-01,5.3765,-17.80985614131385,15.698299978480733
1920-06-01,5.4305,-7.581425241296258,9.83576716152259
1920-07-01,5.2954,4.185160939384014,1.0302590910825415
1920-08-01,5.3224,-3.9645797480321376,0.0
1920-09-01,5.1333,-20.158752895156184,-1.5553083768026998
1920-10-01,4.9172,-25.650781587976567,-4.710966416681206
1920-11-01,4.5119,-48.35743314182055,-11.170830626267403
1920-12-01,4.2417,-53.379898712347405,-17.801290622638234
1921-01-01,3.9986,-56.27192544454633,-29.186958754670865
1921-02-01,3.9175,-43.167317085978496,-30.623195848902895
1921-03-01,3.8095,-34.9402912383871,-31.219080634095253
1921-04-01,3.8095,-17.61653294155574,-27.319036898538553
1921-05-01,3.9175,0.0,-27.136613038221892
1921-06-01,3.8905,8.780178461237709,-28.358346376945043
1921-07-01,3.8635,5.791738655133294,-27.04045020206216
1921-08-01,3.9986,8.541501746282032,-24.872238088080568
1921-09-01,4.0256,14.63066163451998,-21.578711550075003
1921-10-01,4.2688,49.03887554591013,-13.186366224680723
1921-11-01,4.2147,23.434005489968836,-6.587025421662718
1921-12-01,4.1877,17.106168038117154,-1.2730744748567613
1922-01-01,4.3498,7.808728536150977,8.783074075926578
1922-02-01,4.5389,34.50418255244983,15.86215698787492
1922-03-01,4.7821,70.048328075889,25.5309095681848
1922-04-01,4.62,27.2596564531272,21.27575797348733
1922-05-01,4.8631,31.78025450792077,24.137843012125092
1922-06-01,5.1063,30.002196921394475,31.250481943194973
1922-07-01,5.1063,49.23043450910558,32.167723566714116
1922-08-01,4.9982,11.583947262658278,24.998749562346802
1922-09-01,5.2684,13.31558849262533,30.872416534181248
1922-10-01,5.5656,41.13107697726581,30.37856071964018
1922-11-01,5.8088,82.42786449592867,37.82238356229388
1922-12-01,5.9709,64.98491090556251,42.58184683716597
1923-01-01,5.8358,20.87977342464391,34.162490229435825
1923-02-01,5.9168,7.646983117092843,30.357575624049883
1923-03-01,6.106,9.362394089235517,27.684490077580982
1923-04-01,6.241,30.802225014730222,35.08658008658008
1923-05-01,6.3221,30.346053394914364,30.001439411075225
1923-06-01,6.2681,11.049463859919497,22.75228639132052
1923-07-01,6.214,-1.7192945032433626,21.692810841509512
1923-08-01,6.106,-12.987478163861413,22.163979032451685
1923-09-01,5.9709,-17.659116057605594,13.334219117758717
1923-10-01,5.9438,-16.291076894751534,6.795314072157543
1923-11-01,5.9438,-10.209673513978368,2.324060046825527
1923-12-01,5.8088,-10.425064504001702,-2.7148336096735948
1924-01-01,5.9438,0.0,1.8506460125432778
1924-02-01,6.0519,7.475685156962486,2.283328826392639
1924-03-01,5.9438,9.625365803407227,-2.6564035375040818
1924-04-01,5.7547,-12.131340226082033,-7.792020509533726
1924-05-01,5.5116,-31.207072256244928,-12.820107242846523
1924-06-01,5.2684,-38.2754100111237,-15.949011662226187
1924-07-01,5.1874,-33.97503222480408,-16.520759575152876
1924-08-01,5.3765,-9.450129259851536,-11.947264985260396
1924-09-01,5.5656,24.54692143830748,-6.787921418881582
1924-10-01,5.7007,45.85247274663276,-4.0899761095595455
1924-11-01,5.8088,36.25332036937661,-2.2712742689861787
1924-12-01,5.9709,32.46807628824892,2.790593582151235
1925-01-01,6.16,36.33585982112415,3.6374036811467336
1925-02-01,6.16,26.46698169570294,1.7862158991391208
1925-03-01,6.16,13.282717277661904,3.6374036811467336
1925-04-01,6.214,3.552871672700064,7.981302239908272
1925-05-01,6.187,1.764807501196941,12.254154873358015
1925-06-01,6.133,-1.741753371045629,16.411054589628726
1925-07-01,6.2951,5.32356192482526,21.35366464895707
1925-08-01,6.187,0.0,15.074862828977963
1925-09-01,6.106,-1.749370616925916,9.70964496190887
1925-10-01,6.3491,3.475643480263213,11.374041784342271
1925-11-01,6.4842,20.64383758966093,11.627186337969997
1925-12-01,6.5652,33.648670677600734,9.953273375872973
1926-01-01,6.4572,6.986328245149864,4.8246753246753205
1926-02-01,6.4572,-1.655212791695082,4.8246753246753205
1926-03-01,6.5382,-1.634917208867237,6.139610389610395
1926-04-01,6.5382,5.112859962488714,5.217251367878983
1926-05-01,6.4842,1.6830712015159175,4.8036204945854255
1926-06-01,6.5652,1.6620910209965256,7.04712212620251
1926-07-01,6.5923,3.3510864278113006,4.721132309256415
1926-08-01,6.6733,12.18556746257764,7.860029093260068
1926-09-01,6.7814,13.837566804261847,11.06125122830004
1926-10-01,6.7814,11.977198093095298,6.8088390480540495
1926-11-01,6.7544,4.950499186215485,4.167052219240608
1926-12-01,6.7274,-3.1473393514809933,2.470602571132652
1927-01-01,6.7003,-4.698541885836905,3.7647896921266133
1927-02-01,6.7544,0.0,4.602614136158079
1927-03-01,6.8354,6.577795483406668,4.545593588449415
1927-04-01,6.6733,-1.60215132714564,2.0663179468355164
1927-05-01,6.7274,-1.5893957442498774,3.7506554393757163
1927-06-01,6.7003,-7.67458747211136,2.057820020715284
1927-07-01,6.6193,-3.1977031404293976,0.40956873928674753
1927-08-01,6.6193,-6.2741786382887295,-0.8091948511231406
1927-09-01,6.5112,-10.820065560124291,-3.984427994219486
1927-10-01,6.3761,-13.906131947250357,-5.976641991329212
1927-11-01,6.3761,-13.906131947250357,-5.600793556792616
1927-12-01,6.4031,-6.477308729017606,-4.820584475428847
1928-01-01,6.5382,10.563639492429663,-2.4192946584481345
1928-02-01,6.5923,14.268722609554697,-2.3999170910813827
1928-03-01,6.6463,16.080327395529224,-2.766480381543146
1928-04-01,6.6193,5.054691899254316,-0.8091948511231406
1928-05-01,6.7003,6.715902538104701,-0.4028302167256248
1928-06-01,6.7544,6.6663275701770885,0.8074265331402986
1928-07-01,6.8354,13.712308876010203,3.26469566268337
1928-08-01,6.9705,17.132856096983428,5.3056969770217455
1928-09-01,7.0245,16.980793328164022,7.883339476594187
1928-10-01,7.1596,20.364745296935084,12.28807578300215
1928-11-01,7.2947,19.94275429659529,14.406925863772525
1928-12-01,7.4298,25.154602693635876,16.03442082741171
1929-01-01,7.5379,22.87016718959756,15.2901410174054
1929-02-01,7.5109,12.392718455548325,13.934438663289006
1929-03-01,7.5379,5.9480562549298455,13.414982772369587
1929-04-01,7.673,7.364153945301122,15.918601664828614
1929-05-01,7.8081,16.792121636409508,16.533588048296323
1929-06-01,7.8621,18.34577744059253,16.3996802084567
1929-07-01,7.9702,16.41691464579871,16.601808233607397
1929-08-01,7.8891,4.214554702014528,13.17839466322357
1929-09-01,7.8351,-1.3666187496701676,11.539611360239155
1929-10-01,7.7,-12.886387714245428,7.547907704341017
1929-11-01,7.3217,-25.81128036502004,0.37013173948208244
1929-12-01,6.9975,-36.38003095599659,-5.818460793022695
1930-01-01,6.9975,-31.79617555526596,-7.169105453773595
1930-02-01,6.9705,-17.84991714660097,-7.194876779081072
1930-03-01,6.8624,-7.501969215077475,-8.961381817216996
1930-04-01,6.8084,-10.379239767618264,-11.268082888049003
1930-05-01,6.7003,-14.626857628057666,-14.187830586186134
1930-06-01,6.5112,-18.952424752199796,-17.18243217460984
1930-07-01,6.214,-30.608744782297336,-22.03457880605254
1930-08-01,6.0789,-32.24786215555619,-22.94558314636651
1930-09-01,5.9709,-29.284429565432717,-23.792931806869078
1930-10-01,5.8088,-23.640917873546783,-24.56103896103896
1930-11-01,5.6737,-24.113333221487043,-22.508433833672502
1930-12-01,5.5386,-25.96436349238894,-20.848874598070744
1931-01-01,5.5116,-18.94775082957052,-21.23472668810289
1931-02-01,5.5386,-9.189821075909457,-20.542285345384126
1931-03-01,5.6467,8.03857679845037,-17.715376544649097
1931-04-01,5.6737,12.293523243511896,-16.666177075377465
1931-05-01,5.5926,3.9573087702125855,-16.532095577809958
1931-06-01,5.4575,-12.743835764411084,-16.182884875291805
1931-07-01,5.3765,-19.363229396776283,-13.477631155455427
1931-08-01,5.1874,-25.98088003125981,-14.665482241852967
1931-09-01,4.9442,-32.638904183143225,-17.195062720862854
1931-10-01,4.7551,-38.815696878594,-18.139719046963233
1931-11-01,4.701,-32.553090592604775,-17.14401536915946
1931-12-01,4.674,-20.1323858506705,-15.610443072256519
1932-01-01,4.5389,-16.983610787517943,-17.648232818056453
1932-02-01,4.4309,-21.07641762622052,-19.999638897916427
1932-03-01,4.3768,-23.109625733380803,-22.489241503887225
1932-04-01,4.0796,-34.73687367020578,-28.096303999153992
1932-05-01,3.9446,-37.18778812598795,-29.46751063905876
1932-06-01,3.8095,-42.608826562128336,-30.196976637654604
1932-07-01,3.7014,-32.23682442681653,-31.15595647726216
1932-08-01,3.8095,-13.011862936728292,-26.562439757874856
1932-09-01,4.0526,28.074611963497382,-18.033251082075974
1932-10-01,4.1877,63.84687603552708,-11.932451473155126
1932-11-01,4.1877,46.02604950833591,-10.918953414167188
1932-12-01,4.1067,5.447661399773063,-12.137355584082165
1933-01-01,4.0256,-14.607401407370102,-11.308907444535022
1933-02-01,4.0526,-12.293311779151972,-8.537768850572125
1933-03-01,3.8095,-25.954273461521627,-12.961524401389147
1933-04-01,4.0796,5.474592152049373,0.0
1933-05-01,4.7551,89.54121405144863,20.547077016681037
1933-06-01,5.4846,329.6431832821352,43.97164982281141
1933-07-01,5.9979,367.22551390566656,62.044091424866245
1933-08-01,5.7547,114.51226791969442,51.0618191363696
1933-09-01,5.4305,-3.887597173644064,34.00039480827124
1933-10-01,5.1603,-45.209795746005824,23.225159395372152
1933-11-01,4.8631,-49.00095456151256,16.128184922511156
1933-12-01,4.8902,-34.24220936263115,19.078578907638732
1934-01-01,5.0523,-8.112439857172982,25.50427265500794
1934-02-01,5.2954,40.586067888129286,30.66673246804521
1934-03-01,5.5386,64.54834558694344,45.38915868224176
1934-04-01,5.5386,44.42536809602346,35.76331012844396
1934-05-01,5.6467,29.295608846647635,18.75039431347396
1934-06-01,5.5386,0.0,0.9845749917952062
1934-07-01,5.1603,-24.64713021793956,-13.964887710698736
1934-08-01,5.1063,-33.127671478024645,-11.267311936330293
1934-09-01,4.8091,-43.159848607359,-11.442776908203667
1934-10-01,5.0253,-10.06097585137673,-2.6161269693622646
1934-11-01,5.0793,-2.0983182855284666,4.445723920955769
1934-12-01,5.4035,59.384245839305926,10.496503210502638
1935-01-01,5.8358,81.86688374390683,15.507788531955736
1935-02-01,5.9438,87.5172791447213,12.244589643841831
1935-03-01,5.9168,43.76293637271607,6.82844040010111
1935-04-01,5.8088,-1.8378422408609765,4.878489148882381
1935-05-01,5.8088,-8.780235972638383,2.8707032426018575
1935-06-01,5.8898,-1.8128548442743584,6.340952587296433
1935-07-01,5.8898,5.695499568939422,14.136774993701916
1935-08-01,6.1059,22.08239883398697,19.575818107044228
1935-09-01,6.2681,28.274838106409494,30.338316940799736
1935-10-01,6.4572,44.46903158231481,28.493821264402143
1935-11-01,6.5923,35.87798633283303,29.787569153229775
1935-12-01,6.6733,28.47508996341963,23.49958360322013
1936-01-01,6.5652,6.8599313698378905,12.498714829157965
1936-02-01,6.4031,-10.995229159730648,7.727379790706279
1936-03-01,6.4842,-10.861974261210072,9.589643050297457
1936-04-01,6.8895,21.271562892245544,18.604531056328334
1936-05-01,7.0245,44.84400661272146,20.92859110315384
1936-06-01,7.1596,48.63785523885815,21.55930591870692
1936-07-01,7.2947,25.683690838385957,23.85310197290229
1936-08-01,7.4028,23.345240984871896,21.240112022797632
1936-09-01,7.5379,22.87016718959756,20.258132448429357
1936-10-01,7.6459,20.69373045169607,18.40890788577092
1936-11-01,7.8621,27.22433470935968,19.26186611652989
1936-12-01,8.1052,33.676004522606284,21.457150135615066
1937-01-01,8.0782,24.60743330564728,23.045756412599783
1937-02-01,8.1863,17.542891616651968,27.849010635473427
1937-03-01,8.3754,14.01639034436808,29.16628111409272
1937-04-01,8.3754,15.548370591579852,21.56760287393862
1937-05-01,8.4024,10.9846165376559,19.615631005765533
1937-06-01,8.2944,-3.8127138713884623,15.850047488686503
1937-07-01,8.3484,-1.2832685932893215,14.444733847862157
1937-08-01,8.2944,-5.043107841443783,12.044091424866266
1937-09-01,8.0242,-12.407468706707082,6.451398930736696
1937-10-01,7.4298,-37.267081054661865,-2.826351377862646
1937-11-01,6.7003,-57.41691797380195,-14.77722237061344
1937-12-01,6.1059,-66.47322574614526,-24.666880521146915
1938-01-01,5.9709,-58.28899080783684,-26.086256839394917
1938-02-01,5.9168,-39.19062149672492,-27.723147209361976
1938-03-01,5.9168,-11.824321814419768,-29.355015879838575
1938-04-01,5.8088,-10.425064504001702,-30.644506531031368
1938-05-01,5.6737,-15.449162042393317,-32.475245168047216
1938-06-01,5.7277,-12.184031903481271,-30.944974922839506
1938-07-01,6.0519,17.82061300303832,-27.508265056777347
1938-08-01,6.3761,59.49791304170115,-23.127652391975307
1938-09-01,6.5652,72.61192343013494,-18.182497943720254
1938-10-01,6.7274,52.69402054410093,-9.45382109881827
1938-11-01,6.9975,45.0611612049866,4.435622285569285
1938-12-01,7.0786,35.14427218339995,15.93049345714801
1939-01-01,7.0786,22.574599673852024,18.551642131002023
1939-02-01,7.1326,7.949304452781103,20.54826933477556
1939-03-01,7.1596,4.656341866932734,21.00459707950244
1939-04-01,7.1326,3.0865463437572016,22.78956066657485
1939-05-01,7.1056,-1.5055983163304698,25.237499339055635
1939-06-01,7.2677,6.177606334794539,26.886883042058773
1939-07-01,7.4838,21.19849137437157,23.66033807564567
1939-08-01,7.5919,30.316345528665,19.068082370100846
1939-09-01,8.0512,50.61023720062605,22.63449704502529
1939-10-01,8.4565,63.03240002371202,25.70235157713232
1939-11-01,8.6726,70.29243245474746,23.93854948195784
1939-12-01,8.6726,34.634017204340005,22.518577119769432
1940-01-01,8.5645,5.207195061321412,20.991438985110065
1940-02-01,8.2944,-16.335226962651117,16.288590415837145
1940-03-01,8.1052,-23.71174549988632,13.207441756522709
1940-04-01,8.2673,-13.17461159443286,15.908644813952844
1940-05-01,8.5105,10.835887233303575,19.771729340238696
1940-06-01,8.7807,37.740487093221645,20.818140539648034
1940-07-01,8.8888,33.63424020864569,18.773884924770833
1940-08-01,8.9428,21.919667159105494,17.793964620187296
1940-09-01,9.1319,16.984421214748657,13.422843799682038
1940-10-01,9.267,18.136503742923612,9.584343404481753
1940-11-01,9.4831,26.446626862856547,9.34552498673986
1940-12-01,9.8073,33.03112174355369,13.083734981435802
1941-01-01,10.0505,38.35473267227225,17.350691809212428
1941-02-01,10.3477,41.766623490886175,24.755256558641968
1941-03-01,10.6719,40.206822479974406,31.667324680452058
1941-04-01,10.6989,28.412068429421787,29.412262770190978
1941-05-01,11.1852,36.521074998880174,31.428235708830265
1941-06-01,11.2663,24.210485019165272,28.307538123384248
1941-07-01,11.4014,28.96629300970461,28.267032670326707
1941-08-01,11.5365,13.167381078531326,29.003220467862413
1941-09-01,11.5365,9.943873984186036,26.33186959997371
1941-10-01,11.6445,8.805450383490921,25.65555195856266
1941-11-01,11.6986,5.73999498224127,23.362613491368855
1941-12-01,11.8877,12.744422099440666,21.212770079430634
1942-01-01,12.1309,17.784653814129257,20.69946768817472
1942-02-01,12.347,24.082411563454453,19.321201812963263
1942-03-01,12.4821,21.55120928144385,16.96230287015432
1942-04-01,12.1308,-0.0032973238092592,13.38361887670696
1942-05-01,12.1579,-5.986877962739923,8.696312985015918
1942-06-01,12.1849,-9.189253252839269,8.153519789105568
1942-07-01,12.4821,12.096708356479049,9.478660515375314
1942-08-01,12.8603,25.1901417703011,11.474884063624158
1942-09-01,13.1575,35.9582723966241,14.051055346075515
1942-10-01,13.5898,40.50818725137428,16.705740907724675
1942-11-01,13.914,37.02619463232095,18.937308737797665
1942-12-01,14.2382,37.128220885830366,19.7725380014637
1943-01-01,14.3733,25.1335310917705,18.485025843094903
1943-02-01,14.7515,26.33879732899373,19.474366242812025
1943-03-01,14.8596,18.63371204105533,19.047275698800668
1943-04-01,15.0487,20.16278264898908,24.053648563985885
1943-05-01,15.1568,11.451353077049564,24.666266378239676
1943-06-01,15.0758,5.9480562549298455,23.725266518395706
1943-07-01,15.535,13.56619950698561,24.45822417702148
1943-08-01,15.8592,19.865727130544503,23.31905165509358
1943-09-01,16.2645,35.46945947497176,23.613908417252528
1943-10-01,16.5077,27.497374149530284,21.471250496696047
1943-11-01,16.7238,23.6558754899638,20.194049159120308
1943-12-01,16.5077,6.116618773364801,15.939514826312307
1944-01-01,16.6968,4.661440901077052,16.165389993947098
1944-02-01,16.8319,2.6107137331026653,14.10297257905977
1944-03-01,16.8049,7.398312892247172,13.091200301488604
1944-04-01,16.8049,2.614976411185621,11.670111039491783
1944-05-01,16.6968,-3.172122717474435,10.160456032935716
1944-06-01,16.6428,-3.802929438629643,10.394141604425645
1944-07-01,16.6158,-4.425662920386008,6.957193434180886
1944-08-01,16.8319,3.276042815870883,6.133348466505262
1944-09-01,16.7238,1.9610464058352983,2.823941713547895
1944-10-01,16.7779,3.959787241482649,1.6368119120168112
1944-11-01,16.6428,-4.4186835849289725,-0.48433968356473844
1944-12-01,16.5887,-3.1923780400411217,0.49068010685922037
1945-01-01,16.4266,-8.115909437521507,-1.618274160318145
1945-02-01,16.3726,-6.337654355523059,-2.728747200256665
1945-03-01,16.2645,-7.591173619382152,-3.2157287457824646
1945-04-01,15.9673,-10.723899428016804,-4.984260543055896
1945-05-01,15.5351,-18.943918279322503,-6.957620621915572
1945-06-01,15.1838,-24.044534240997884,-8.766553704905434
1945-07-01,14.8326,-25.53654213647769,-10.731953923374139
1945-08-01,13.2926,-46.39768679205781,-21.02733500080205
1945-09-01,12.1038,-59.62011691753701,-27.62530046998888
1945-10-01,11.6175,-62.365895661294935,-30.757126934836897
1945-11-01,12.0498,-32.47266509138137,-27.59751964813614
1945-12-01,12.1038,0.0,-27.035873817719292
1946-01-01,11.4284,-6.353617515912369,-30.42747738424263
1946-02-01,10.861,-33.99757379546862,-33.66355984999328
1946-03-01,11.9958,-3.521640574505269,-26.245504011804865
1946-04-01,11.7796,12.870498565324562,-26.226725870998845
1946-05-01,11.3473,19.149134725622584,-26.957019909752745
1946-06-01,12.0498,1.8128252594074468,-20.640419394354513
1946-07-01,12.4551,24.98753460552168,-16.028882326766713
1946-08-01,12.9144,67.77482228040397,-2.845192061748636
1946-09-01,13.1575,42.15893465278413,8.705530494555447
1946-10-01,13.4007,34.00501883445144,15.349257585539068
1946-11-01,13.4817,18.763147872526133,11.883184783149936
1946-12-01,13.5628,12.90259281621966,12.05406566532825
1947-01-01,13.7249,10.033978546651111,20.094676420146307
1947-02-01,13.8059,9.9715276705324,27.114446183592666
1947-03-01,13.887,9.909773177805036,15.765517931275962
1947-04-01,13.7789,1.5830943055407332,16.97256273557677
1947-05-01,13.8329,0.7845720622305707,21.904770297780086
1947-06-01,13.833,-1.546362638025767,14.79858586864513
1947-07-01,13.7519,-0.7815063074683826,10.411799182664128
1947-08-01,13.833,0.0028916882034879,7.112990150529641
1947-09-01,13.941,3.159731009416755,5.954778643359293
1947-10-01,14.0761,9.76870775686882,5.04003522204064
1947-11-01,14.2652,13.095663250293676,5.8115816254626695
1947-12-01,14.3193,11.304171963617923,5.577756805379419
1948-01-01,14.4003,9.53597672722215,4.9209830308417635
1948-02-01,14.4274,4.626291402361926,4.501698549171018
1948-03-01,14.2652,-1.502704105827335,2.723410383812186
1948-04-01,14.2922,-2.9690729921419634,3.7252610876049586
1948-05-01,14.5354,3.028092540264926,5.078472337687678
1948-06-01,14.7245,13.514349792128844,6.444733608038744
1948-07-01,14.7245,12.6589983796205,7.072477257688048
1948-08-01,14.6705,3.769975061040842,6.054362755729059
1948-09-01,14.5624,-4.331360295155218,4.457356000286916
1948-10-01,14.6705,-1.458892856949312,4.222760565781725
1948-11-01,14.4814,-5.057090672554399,1.5155763676639733
1948-12-01,14.3463,-5.805009049827059,0.18855670319080087
1949-01-01,14.2112,-11.947165047210362,-1.313167086796807
1949-02-01,14.0761,-10.733773699662208,-2.434950164270766
1949-03-01,13.8059,-14.237139013817846,-3.219723522979001
1949-04-01,13.7249,-13.001102417940746,-3.969297938735805
1949-05-01,13.5358,-14.492080237704997,-6.877003728827546
1949-06-01,13.5087,-8.336732437650996,-8.256986654894916
1949-07-01,13.4817,-6.901672312732254,-8.440354511188842
1949-08-01,13.6168,2.41522412707309,-7.182440952932767
1949-09-01,13.7519,7.3980990536580915,-5.56570345547438
1949-10-01,13.2386,-7.019986285129143,-9.760403530895335
1949-11-01,13.5898,-0.790782001390733,-6.156863286698799
1949-12-01,13.833,2.379896288214756,-3.57792601576713
1950-01-01,14.0761,27.808910526388942,-0.9506586354424695
1950-02-01,14.1302,16.880207655291237,0.3843394121951338
1950-03-01,14.5894,23.732622697653397,5.675109916774712
1950-04-01,15.0757,31.577179421804825,9.841966061683504
1950-05-01,15.427,42.07991295495608,13.97183764535528
1950-06-01,15.8863,40.585753221314704,17.60050930141317
1950-07-01,16.3996,40.03064045079872,21.64341292270262
1950-08-01,16.9129,44.459599369273526,24.20612772457553
1950-09-01,16.8049,25.213942945601158,22.200568648695818
1950-10-01,16.9129,13.119975581457254,27.754445334098765
1950-11-01,16.8859,-0.6370383315214778,24.25422007682232
1950-12-01,17.1831,9.310615646303466,24.218173931901976
1951-01-01,17.2371,7.890816675317791,22.456504287409174
1951-02-01,17.3452,11.332098569543623,22.752685736932232
1951-03-01,17.4263,5.782706627505752,19.444939476606326
1951-04-01,17.4533,5.112268792774022,15.771075306619252
1951-05-01,17.3993,1.2534565196801406,12.784728074155716
1951-06-01,17.3182,-2.458314007515794,9.013426663225555
1951-07-01,17.048,-8.97021186402236,3.953754969633394
1951-08-01,16.8859,-11.290578564068763,-0.15964145711262478
1951-09-01,16.994,-7.2804206942015615,1.1252670352099647
1951-10-01,16.967,-1.887014185618685,0.3198741788811965
1951-11-01,17.1021,5.2206339495457055,1.280358168649598
1951-12-01,17.2101,5.184348086843227,0.1571311346613813
1952-01-01,17.3993,10.587710231472691,0.9409935546002446
1952-02-01,17.5073,9.819365178567809,0.9345524986740017
1952-03-01,17.5614,8.418392766776472,0.7752649730579542
1952-04-01,17.3993,0.0,-0.3093970767705789
1952-05-01,17.2372,-6.029792084134344,-0.9316466754409558
1952-06-01,17.075,-10.627005545389611,-1.404302987608419
1952-07-01,16.8049,-12.98049176703222,-1.4259737212576118
1952-08-01,17.8856,15.917010580328284,5.920324057349635
1952-09-01,18.534,38.81416508869327,9.062021890078853
1952-10-01,18.7231,54.087460466297685,10.350091353804448
1952-11-01,19.1014,30.09084705800813,11.690377205138569
1952-12-01,19.2094,15.392761127016572,11.6170155896828
1953-01-01,19.2635,12.054618547519391,10.714224135453732
1953-02-01,19.3715,5.777234122586661,10.648129637351268
1953-03-01,19.5337,6.925885119517283,11.230881364811474
1953-04-01,19.6147,7.494412764779645,12.732696142948274
1953-05-01,19.7228,7.453676524759101,14.419975402037434
1953-06-01,19.6417,2.2299715638098627,15.031918008784784
1953-07-01,19.8849,5.625059015412659,18.327987670262825
1953-08-01,19.7768,1.099685214373758,10.573869481594134
1953-09-01,19.3715,-5.390072527030276,4.518722348116988
1953-10-01,19.2094,-12.911350703042269,2.597326297461433
1953-11-01,18.7501,-19.20392441910168,-1.8391322102044971
1953-12-01,18.2908,-20.51635035006584,-4.782033795954055
1954-01-01,18.1557,-20.20112076167348,-5.750772185739872
1954-02-01,18.2098,-11.037628708018907,-5.996954288516632
1954-03-01,18.1017,-4.07172207842258,-7.330920409343844
1954-04-01,17.9936,-3.5237852708191686,-8.26471982747632
1954-05-01,18.1017,-2.353484880080392,-8.219421177520426
1954-06-01,18.1558,1.2008378025477384,-7.565027467072605
1954-07-01,18.1828,4.272743368369225,-8.559761427012447
1954-08-01,18.1557,1.198608211966179,-8.196978277577783
1954-09-01,18.1828,0.5961794781017327,-6.136334305551971
1954-10-01,18.3989,4.839366688926217,-4.219288473351579
1954-11-01,18.6961,12.448093701350714,-0.28799846400818785
1954-12-01,18.9392,17.707320629169555,3.5449515603472648
1955-01-01,19.3715,22.8812350425176,6.696519550334057
1955-02-01,19.6147,21.14976925718166,7.715076497270679
1955-03-01,20.074,26.208660718839205,10.895661733428351
1955-04-01,20.3172,21.00475020382433,12.913480348568385
1955-05-01,20.6413,22.636995776304847,14.029621527259861
1955-06-01,20.6684,12.38070507979443,13.839103757476945
1955-07-01,20.8305,10.495185462063583,14.561563675561517
1955-08-01,20.8035,3.180456551549371,14.583849700094188
1955-09-01,20.9386,5.332678987109851,15.156081571595138
1955-10-01,21.2898,9.115776669546038,15.712352368891613
1955-11-01,21.3438,10.800403539136294,14.161777055107748
1955-12-01,21.4249,9.618701274757148,13.124630396215275
1956-01-01,21.56,5.174074627781367,11.297524714141893
1956-02-01,21.3708,0.5069626944874228,8.952979143193618
1956-03-01,21.3708,-1.0062204803282682,6.46009763873665
1956-04-01,21.5329,-0.5018357604372081,5.98360010237633
1956-05-01,21.3438,-0.5044055465375563,3.4033709117158306
1956-06-01,21.1547,-3.983833249168023,2.352867178881768
1956-07-01,20.5063,-17.749389040777473,-1.556371666546652
1956-08-01,21.3438,0.0,2.5971591318768583
1956-09-01,21.8301,13.395394715485963,4.257686760337376
1956-10-01,22.0192,32.94038066858431,3.426053791017303
1956-11-01,21.8301,9.42988167050065,2.27841340342394
1956-12-01,22.1543,6.074069046271236,3.404449962426881
1957-01-01,22.0733,0.9864065543123912,2.380797773654919
1957-02-01,22.2894,8.685250713759096,4.298388455275437
1957-03-01,22.2624,1.9660973052894049,4.172047840979287
1957-04-01,21.9652,-1.9445844369318728,2.0076255404520404
1957-05-01,21.8842,-7.0757234841036905,2.5318827950036926
1957-06-01,21.9382,-5.699056282783987,3.703668688282047
1957-07-01,22.0733,1.9831484327157645,7.641554058996514
1957-08-01,22.0733,3.5014330278034578,3.4178543652020554
1957-09-01,21.8842,-0.9809546584422568,0.24782296004139948
1957-10-01,21.5599,-8.983966445407688,-2.085906844935337
1957-11-01,21.0466,-17.346980247483856,-3.5890811310988036
1957-12-01,20.6414,-20.85310185025878,-6.828922601932796
1958-01-01,20.2631,-21.97449607512701,-8.20085805022357
1958-02-01,19.8308,-21.18059546851832,-11.030355236121203
1958-03-01,19.5877,-18.90815608617723,-12.014427914330883
1958-04-01,19.2635,-18.31971617830572,-12.299910767942013
1958-05-01,19.4526,-7.41306913265336,-11.111212655705938
1958-06-01,19.9659,7.949787304395528,-8.990254442023494
1958-07-01,20.2631,22.42856577028689,-8.20085805022357
1958-08-01,20.6684,27.44324043318909,-6.364703057540111
1958-09-01,20.8575,19.09497637914295,-4.691512598130155
1958-10-01,21.1007,17.58824291324894,-2.1298800087198866
1958-11-01,21.7221,22.00561064591149,3.2095445345091456
1958-12-01,21.7491,18.226858955500717,5.36639956592091
1959-01-01,22.0733,19.75167913149347,8.93348006968331
1959-02-01,22.5056,15.227237000802706,13.488109405571148
1959-03-01,22.8298,21.406871227012104,16.55171357535594
1959-04-01,23.3161,24.49576371714941,21.037713811093518
1959-05-01,23.6673,22.301696200592524,21.66651244563709
1959-06-01,23.6944,16.031106981562935,18.674339749272505
1959-07-01,23.127,-3.2048573032161354,14.133572849169163
1959-08-01,22.3435,-20.56535598048401,8.104642836407283
1959-09-01,22.3165,-21.30965132683189,6.995085700587311
1959-10-01,22.1544,-15.790174161854864,4.993673195675963
1959-11-01,22.2894,-0.965002432577078,2.611625947767471
1959-12-01,23.6673,26.500001443298626,8.819675296908859
1960-01-01,24.2887,44.46981355555106,10.036560006886152
1960-02-01,24.0726,36.04998111412334,6.962711502914831
1960-03-01,23.8565,3.2362095495935828,4.4971922662485175
1960-04-01,23.6673,-9.847498826233291,1.5062553342969132
1960-05-01,23.6403,-6.992079120556161,-0.11408145415827686
1960-06-01,23.3431,-8.334226312635629,-1.482628806806685
1960-07-01,23.2621,-6.674395818548085,0.5841656937778383
1960-08-01,23.235,-6.683428725477835,3.9899747130037744
1960-09-01,22.9919,-5.883595960099742,3.026460242421525
1960-10-01,22.9649,-5.0133522051115325,3.6584154840573424
1960-11-01,22.6407,-9.845233415348542,1.5760854935529922
1960-12-01,22.2084,-12.949827416334292,-6.16420123968513
1961-01-01,22.2354,-12.113625038348877,-8.45372539493674
1961-02-01,22.2084,-7.421597287149318,-7.744074175618754
1961-03-01,22.3435,2.4556075110821363,-6.3420870622262315
1961-04-01,22.8028,10.60453301440103,-3.652719152586059
1961-05-01,23.154,18.150355245808505,-2.0570804939023635
1961-06-01,23.4782,21.91422284802831,0.5787577485423911
1961-07-01,23.7484,17.648043287895554,2.0905249311111263
1961-08-01,23.9645,14.75440699531454,3.1396599956961646
1961-09-01,23.9375,8.05776331111896,4.112752752056159
1961-10-01,24.3968,11.376622262917868,6.235167581831402
1961-11-01,24.775,14.230259595882288,9.426828675791832
1961-12-01,24.9912,18.804605122096877,12.530393905008896
1962-01-01,24.775,6.34649694992282,11.421427093733417
1962-02-01,25.1803,6.706026358651274,13.381873525332754
1962-03-01,25.3154,5.2908751041151,13.300960010741392
1962-04-01,25.3694,9.94769564015703,11.25563527286122
1962-05-01,25.3424,2.6000011803161582,9.45149866113848
1962-06-01,25.2884,-0.4259357648473183,7.71013110033989
1962-07-01,25.5315,2.5804355923321864,7.508295295683087
1962-08-01,25.5585,3.454761070717272,6.651505351665987
1962-09-01,25.7206,7.013599520173308,7.448981723237602
1962-10-01,25.7477,3.430455691940693,5.537201600209851
1962-11-01,25.8557,4.733050309060394,4.362058526740675
1962-12-01,25.8557,2.1176515552603803,3.4592176446109013
1963-01-01,26.0448,4.696061865814838,5.125327951564085
1963-02-01,26.3421,7.73985236352257,4.613924377390255
1963-03-01,26.5042,10.41640422434038,4.695955821357756
1963-04-01,26.7473,11.233521870643573,5.43134642522094
1963-05-01,27.0715,11.544382695334022,6.822952837931684
1963-06-01,27.1526,10.150605056679108,7.371759383749077
1963-07-01,27.0445,4.519188974937105,5.926012964377336
1963-08-01,27.0985,0.3995407701461007,6.0253927264902085
1963-09-01,27.3687,3.221695676688552,6.407704330381092
1963-10-01,27.5578,7.810820021984077,7.030142498164893
1963-11-01,27.6929,9.066843062693808,7.105589869931972
1963-12-01,27.6389,4.007903368177601,6.89673843678571
1964-01-01,27.882,4.789439094810777,7.053999262808719
1964-02-01,28.0712,5.577205852391631,6.564017295507951
1964-03-01,28.0712,6.404720555566001,5.912270508070416
1964-04-01,28.5305,9.63313665924228,6.666841139105628
1964-05-01,28.6926,9.153006389875951,5.9882163899303675
1964-06-01,28.7736,10.390803351426726,5.969962360878878
1964-07-01,28.9627,6.198565896460195,7.092754534193646
1964-08-01,29.1519,6.558438172754988,7.577541192316928
1964-09-01,29.2599,6.933687299371871,6.910083416457469
1964-10-01,28.8547,-1.4832513958778382,4.70610861534666
1964-11-01,29.7463,8.408753861365415,7.414896959148365
1964-12-01,30.0975,11.951609678707186,8.895433609875948
1965-01-01,30.4217,23.557087845476367,9.108743992539981
1965-02-01,30.6108,12.14164047651616,9.046994784690355
1965-03-01,31.0161,12.778693826157197,10.490823334948285
1965-04-01,31.1512,9.942398520520149,9.185608384010102
1965-05-01,31.3943,10.638045922627136,9.416016673288595
1965-06-01,31.6375,8.257970152798277,9.95322100814635
1965-07-01,31.9347,10.446571310684426,10.261474241006518
1965-08-01,32.0698,8.888443520789124,10.009296135071821
1965-09-01,32.1508,6.649421160716451,9.880074778109282
1965-10-01,32.475,6.941254963594656,12.546656177329861
1965-11-01,32.6101,6.911276835273217,9.627415846676723
1965-12-01,33.0154,11.198548443695875,9.694825151590658
1966-01-01,33.3396,11.082309590886542,9.59150869280807
1966-02-01,33.5557,12.113184767576124,9.620460752414184
1966-03-01,34.015,12.671907731929144,9.668849404019198
1966-04-01,34.0691,9.0438317860412,9.366894373250467
1966-05-01,34.3933,10.364698108624529,9.552689500960376
1966-06-01,34.5553,6.506661029237271,9.222599762939554
1966-07-01,34.7445,8.168702645963698,8.798579601499323
1966-08-01,34.7715,4.471615973069842,8.424436697453697
1966-09-01,35.0957,6.403757602592974,9.159647660400383
1966-10-01,35.3389,7.020713773467646,8.818783679753661
1966-11-01,35.0957,3.781975213351108,7.622178404850022
1966-12-01,35.1768,0.927538645537318,6.546641870157566
1967-01-01,35.3427,0.0430190296386578,6.008170463952789
1967-02-01,34.9419,-1.7414321762501903,4.131041820018644
1967-03-01,34.7449,-4.821480294509484,2.145818021461121
1967-04-01,35.0726,-3.022060698799645,2.94548432450521
1967-05-01,34.7666,-1.9917086697893271,1.085385816423523
1967-06-01,34.7623,0.20046769522577,0.5990397999728003
1967-07-01,34.6831,-4.368760750619116,-0.1767186173351143
1967-08-01,35.3476,6.854014557597843,1.6568166458162503
1967-09-01,35.2902,6.214171456403372,0.5541989474493914
1967-10-01,35.5776,10.722264580459772,0.6754596209842312
1967-11-01,36.0864,8.626180161515485,2.8228529420983195
1967-12-01,36.4751,14.122029491905552,3.690784835459726
1968-01-01,36.4358,10.003536118033177,3.0928593457772102
1968-02-01,36.5664,5.4276649682211575,4.6491461540443035
1968-03-01,36.6805,2.2715935777186003,5.570889540623236
1968-04-01,36.7336,3.309612399545125,4.735890695300604
1968-05-01,37.1457,6.489151070546062,6.843062019294388
1968-06-01,37.2821,6.7236033361571135,7.2486573097867435
1968-07-01,37.2249,5.458159789141481,7.328641326755658
1968-08-01,37.3288,1.9863216424040209,5.604906698050227
1968-09-01,37.4702,2.0334512300544727,6.177352352777832
1968-10-01,37.5446,3.479844606633109,5.528759669005234
1968-11-01,38.0302,7.730412184548419,5.386516804114572
1968-12-01,38.1503,7.460234767074469,4.592722158403961
1969-01-01,38.3811,9.214359427462204,5.338979794597631
1969-02-01,38.6268,6.424222551144809,5.634681018640064
1969-03-01,38.9297,8.425740816182191,6.1318684314553895
1969-04-01,38.7864,4.291332940882775,5.588344186249095
1969-05-01,38.6398,0.1346895344534582,4.022269064790818
1969-06-01,39.0173,0.9031266246645407,4.65424426199168
1969-07-01,39.2233,4.5824064384619945,5.368449613027848
1969-08-01,39.3134,7.157590924868118,5.316538436810192
1969-09-01,39.3046,2.978051924256042,4.895623722317999
1969-10-01,39.3161,0.9497401667922124,4.718388263558526
1969-11-01,38.9455,-3.6910351992035184,2.4067714605760626
1969-12-01,38.841,-4.635203255824738,1.8104706909251034
1970-01-01,38.1217,-11.609149387775064,-0.6758534799680249
1970-02-01,38.0966,-8.437901741819287,-1.3726221172864483
1970-03-01,38.0472,-7.927657104507501,-2.2669067575655566
1970-04-01,37.9493,-1.7967093801478096,-2.158230720046206
1970-05-01,37.9051,-1.9955682601969784,-1.9014073571809509
1970-06-01,37.7825,-2.753952502179724,-3.164749995514815
1970-07-01,37.8753,-0.7777095710226001,-3.4367327583349705
1970-08-01,37.8077,-1.023875180634115,-3.829991809408506
1970-09-01,37.5471,-2.4689649448564444,-4.471486797982937
1970-10-01,36.796,-10.920429391503353,-6.40984227835416
1970-11-01,36.5732,-12.43494781734109,-6.091332759882406
1970-12-01,37.4131,-1.4199164907263584,-3.676269920959818
1971-01-01,37.7008,10.204625451309536,-1.1040955676163366
1971-02-01,37.629,12.05696721432461,-1.2274061202312114
1971-03-01,37.5883,1.8863392759268736,-1.2061334342606034
1971-04-01,37.7993,1.0491734476045569,-0.39526420777193927
1971-05-01,37.9911,3.905076274281027,0.22688239841077706
1971-06-01,38.1505,6.118279267338544,0.9739958975716334
1971-07-01,38.0397,2.56833456079879,0.4340559678735145
1971-08-01,37.819,-1.7997278942307182,0.029888091579244325
1971-09-01,38.4336,3.001447217632669,2.3610345406169797
1971-10-01,38.7213,7.362195837362795,5.2323622132840475
1971-11-01,38.8856,11.76737553516376,6.322662496035347
1971-12-01,39.3345,9.711024985803052,5.135634309907489
1972-01-01,40.2751,17.043362880885972,6.828237066587439
1972-02-01,40.6932,19.931193005534563,8.143187435222842
1972-03-01,40.9766,17.77392403302005,9.01424113354421
1972-04-01,41.3843,11.479739452431636,9.484302619360685
1972-05-01,41.39,7.027241952023,8.946569064859911
1972-06-01,41.4898,5.104590386103047,8.752965229813503
1972-07-01,41.4485,0.6219706120215829,8.96116425734168
1972-08-01,42.0158,6.186386691915091,11.097067611518007
1972-09-01,42.3429,8.481836827705047,10.171568627450988
1972-10-01,42.8745,14.48827195852338,10.72587955466371
1972-11-01,43.3834,13.669458711307914,11.56674964511286
1972-12-01,43.8725,15.251645607307276,11.53694593804422
1973-01-01,44.1952,12.902651374310924,9.73330916620938
1973-02-01,44.8299,14.018871961108491,10.165580490106475
1973-03-01,44.8444,9.159953058515846,9.439045699252757
1973-04-01,44.7876,5.470437877686418,8.22365003153369
1973-05-01,45.0922,2.361023075869117,8.944672626238216
1973-06-01,45.1372,2.6373874678836677,8.7910763609369
1973-07-01,45.3163,4.806111820142189,9.331580153684671
1973-08-01,45.2482,1.3910291364721994,7.693296331380095
1973-09-01,45.6148,4.300079700830461,7.727151423261058
1973-10-01,45.9627,5.828918441683029,7.20288283245285
1973-11-01,46.1781,8.477335689126075,6.441864860753199
1973-12-01,46.0553,3.919096527995136,4.975326229414789
1974-01-01,45.7415,-1.9111870890189064,3.4987962493664426
1974-02-01,45.6029,-4.890126064413735,1.7242956152032418
1974-03-01,45.6093,-3.817698477675835,1.7056756250501737
1974-04-01,45.4865,-2.211344626420076,1.5604765604765758
1974-05-01,45.8299,2.0060176586661926,1.6359813892425024
1974-06-01,45.7552,1.2857165132975856,1.369158919915292
1974-07-01,45.828,3.037077952462308,1.1291742706266872
1974-08-01,45.3423,-4.188300060105899,0.2079640737090216
1974-09-01,45.3551,-3.452133072319929,-0.5693327604198717
1974-10-01,45.2077,-5.305221716487296,-1.6426363116178844
1974-11-01,43.7312,-13.473050170372236,-5.298832130382147
1974-12-01,42.1667,-25.290824907395905,-8.443327912314114
1975-01-01,41.588,-28.38194999746904,-9.08037558890723
1975-02-01,40.6296,-25.49170798794863,-10.905666087025157
1975-03-01,40.1811,-17.546550203648813,-11.901520084719552
1975-04-01,40.26,-12.17403284646318,-11.49022237367131
1975-05-01,40.1391,-4.742246495046198,-12.417221071833017
1975-06-01,40.3939,2.135297110237744,-11.717356715739413
1975-07-01,40.791,5.3810027720827325,-10.991097145849714
1975-08-01,41.2089,11.094757620250984,-9.115991028245151
1975-09-01,41.7455,14.071072411649933,-7.958531675599878
1975-10-01,41.9223,11.563722545062792,-7.26734604945618
1975-11-01,41.9745,7.641077967723198,-4.017040465388555
1975-12-01,42.5521,7.955636736247729,0.9139913723388515
1976-01-01,43.1271,12.000669122011988,3.7008271616812527
1976-02-01,43.5561,15.945478922792631,7.20287672042057
1976-03-01,43.6464,10.690340174006408,8.624203916766838
1976-04-01,43.8709,7.079208528383996,8.96895181321411
1976-05-01,44.055,4.660999383678832,9.755824121617085
1976-06-01,44.0988,4.21095437478205,9.171929424987413
1976-07-01,44.3519,4.458249053653551,8.729621730283643
1976-08-01,44.6538,5.548695278713889,8.359601930650907
1976-09-01,44.7817,6.339647847708863,7.273119258363181
1976-10-01,44.783,3.94505091956896,6.8238145330766775
1976-11-01,45.4764,7.57481790074388,8.342922488653826
1976-12-01,45.9469,10.821125361127892,7.977984635305879
1977-01-01,45.6487,7.959514365950793,5.846903687008864
1977-02-01,46.3805,8.192559166797642,6.484510780349928
1977-03-01,46.9566,9.084165175705849,7.584130649950516
1977-04-01,47.4185,16.433402977337018,8.08645366290639
1977-05-01,47.7834,12.659154917602056,8.463057541709219
1977-06-01,48.1403,10.471079111995763,9.16464847116023
1977-07-01,48.1927,6.692474206602395,8.659831935046757
1977-08-01,48.2499,3.96268239005968,8.053289977560695
1977-09-01,48.4515,2.61095693669966,8.19486531328646
1977-10-01,48.5177,2.724913842470356,8.339548489382121
1977-11-01,48.6111,3.028202823733084,6.893025833179411
1977-12-01,48.6743,1.8520913175803733,5.9359826234196555
1978-01-01,47.9744,-4.404513374088048,5.094778164547953
1978-02-01,48.2322,-3.0815427900927506,3.9924106035941875
1978-03-01,49.1693,4.130329803304789,4.712223627775436
1978-04-01,50.1546,19.45514973396576,5.770110821725694
1978-05-01,50.3971,19.19935335384941,5.469891217452094
1978-06-01,50.7005,13.050598849108397,5.318205329007086
1978-07-01,50.6512,4.019765664747643,5.1013950245576645
1978-08-01,50.8676,3.7869630042163926,5.425296218230513
1978-09-01,51.0077,2.44576155268339,5.2757912551727015
1978-10-01,51.3902,5.964959375658308,5.920519727851903
1978-11-01,51.781,7.378354187935376,6.520938633357409
1978-12-01,52.0449,8.385141579791778,6.924804260153716
1979-01-01,51.7484,2.817366126282006,7.866695570971172
1979-02-01,52.0053,1.743972617656775,7.822782290668884
1979-03-01,52.1613,0.8976178704980686,6.085097815100071
1979-04-01,51.5654,-1.4070507366919172,2.8129025054531187
1979-05-01,52.0022,-0.0238415917433454,3.1849054806724952
1979-06-01,52.008,-1.1704118508442771,2.578870030867564
1979-07-01,51.9231,2.8037342406081134,2.5110954923081685
1979-08-01,51.5966,-3.0835565208098603,1.4331322885294373
1979-09-01,51.5842,-3.2198732949894726,1.1302215155751139
1979-10-01,51.9405,0.1341117795377266,1.0708267335017174
1979-11-01,51.8626,2.0781530166249507,0.15758675962225244
1979-12-01,51.9025,2.491136746204048,-0.2736099022190408
1980-01-01,52.1712,1.7885201655393423,0.8170300917516249
1980-02-01,52.1976,2.6088922349972288,0.36977000421112294
1980-03-01,51.9834,0.6249359385155362,-0.3410574506386821
1980-04-01,50.9746,-8.86357225740072,-1.1457295007892832
1980-05-01,49.7086,-17.752257360377588,-4.410582629196469
1980-06-01,49.0754,-20.56778612558672,-5.638747884940775
1980-07-01,48.7001,-16.688662687506362,-6.207256500478586
1980-08-01,48.8535,-6.705378778389671,-5.316435579088552
1980-09-01,49.6791,5.0121343153832765,-3.6931851225763035
1980-10-01,50.3058,13.855188720125769,-3.1472550322003134
1980-11-01,51.1348,20.02826093330525,-1.4033233968216097
1980-12-01,51.4875,15.375166848232036,-0.7995761283175251
1981-01-01,51.1668,7.023903683852706,-1.9252001104057337
1981-02-01,50.9509,-1.430808888782198,-2.388423988842403
1981-03-01,51.2066,-2.164483365236003,-1.4943231877868723
1981-04-01,50.9711,-1.521143444461437,-0.0068661647173340334
1981-05-01,51.2645,2.4848015226076825,3.1300418841005317
1981-06-01,51.5247,2.5080860141714068,4.990891566854261
1981-07-01,51.8727,7.265334337810558,6.514565678509898
1981-08-01,51.8156,4.369889131995941,6.063229860705999
1981-09-01,51.5692,0.3459131852136421,3.80461803857155
1981-10-01,51.1851,-5.197714143298371,1.7479097837625135
1981-11-01,50.5914,-9.12076451552586,-1.0626813833240711
1981-12-01,50.053,-11.25193885195821,-2.7861131342558854
1982-01-01,49.0358,-15.767665807348564,-4.164809993980468
1982-02-01,50.0309,-4.358479686793004,-1.8056599589015954
1982-03-01,49.6876,-2.8882837358128133,-2.966414485632707
1982-04-01,49.2266,1.5655215633138209,-3.422527667639119
1982-05-01,48.8924,-8.796361827643572,-4.627178651893605
1982-06-01,48.7588,-7.270065179249618,-5.368105005948609
1982-07-01,48.5887,-5.083491327722644,-6.330883104214735
1982-08-01,48.1582,-5.872709092092999,-7.058492037147124
1982-09-01,48.0164,-5.952696259670809,-6.889383585551078
1982-10-01,47.571,-8.118515084572742,-7.060843878394296
1982-11-01,47.4235,-5.964155676683369,-6.261736184410793
1982-12-01,47.0712,-7.6445143766713635,-5.95728527760574
1983-01-01,47.9518,3.240603186411306,-2.2106297847695022
1983-02-01,47.6648,2.0508644633880024,-4.729277306624513
1983-03-01,48.054,8.616823077290237,-3.2877418108340883
1983-04-01,48.6536,5.98398973101375,-1.16400482665876
1983-05-01,48.9668,11.382200631960623,0.15217088954520008
1983-06-01,49.251,10.342300810206172,1.0094588053848774
1983-07-01,49.9861,11.41331423805514,2.875977336294233
1983-08-01,50.5862,13.899372758433914,5.041716675457142
1983-09-01,51.3227,17.917366563368443,6.885772361109965
1983-10-01,51.714,14.560660696128336,8.70908746925647
1983-11-01,51.9425,11.163744372680371,9.529030965660489
1983-12-01,52.1897,6.930406670414069,10.873952650452946
1984-01-01,53.2371,12.3117089580149,11.022109701825578
1984-02-01,53.4741,12.326581436367,12.187819942599143
1984-03-01,53.7313,12.349253515542348,11.814417114079978
1984-04-01,54.0454,6.212928153990638,11.082016541427574
1984-05-01,54.3263,6.528687117768484,10.94517101382979
1984-06-01,54.5095,5.9203484170996745,10.676940569734628
1984-07-01,54.6658,4.671365668427407,9.362002636733013
1984-08-01,54.7307,3.010975715611841,8.19294590224211
1984-09-01,54.5783,0.5058227655528436,6.34339191040223
1984-10-01,54.5549,-0.8090102659377929,5.4934833894110024
1984-11-01,54.74,0.0679864916267369,5.385763103431684
1984-12-01,54.7733,1.4368168275473048,4.950402090834016
1985-01-01,54.7203,1.218249602743282,2.7860270375358542
1985-02-01,54.91,1.2480348289079402,2.6852251837805596
1985-03-01,54.9841,1.5483459978054004,2.3316018782348458
1985-04-01,54.8853,1.211600057757645,1.554063805615269
1985-05-01,54.952,0.3063064106418656,1.1517441828359232
1985-06-01,54.9269,-0.4154714114340763,0.7657380823526294
1985-07-01,54.642,-1.7613969186994982,-0.04353727559094356
1985-08-01,54.8269,-0.9075080557440772,0.17576972339108377
1985-09-01,55.0447,0.8606311666796929,0.8545520838868281
1985-10-01,54.8418,1.4706528694596432,0.5258922663225363
1985-11-01,55.0381,1.549775674114029,0.5445743514797208
1985-12-01,55.5958,4.065290105810648,1.5016440491991467
1986-01-01,55.8793,7.784677290109543,2.118043943472525
1986-02-01,55.4963,3.371872889063443,1.0677472227281104
1986-03-01,55.097,-3.540751529468922,0.205332086912402
1986-04-01,55.16,-5.050386392357176,0.50049831193415
1986-05-01,55.2556,-1.7236361166240943,0.5524821662541868
1986-06-01,55.0449,-0.3777058463624083,0.21483098445387316
1986-07-01,55.3725,1.5498993374411851,1.3368837158229896
1986-08-01,55.2845,0.2093737539237361,0.8346267981592881
1986-09-01,55.4459,2.9459820959816696,0.7288621792833849
1986-10-01,55.6766,2.2149212175434974,1.5221965726872622
1986-11-01,55.8828,4.399661006353872,1.5347550151622258
1986-12-01,56.4269,7.267217848288454,1.4948970965432684
1987-01-01,56.2123,3.904557233061912,0.5959272932910764
1987-02-01,56.9589,7.927903545227943,2.6354910147162958
1987-03-01,57.0365,4.391876432383479,3.5201553623609216
1987-04-01,57.3995,8.719392195798159,4.0600072516316255
1987-05-01,57.7653,5.784431998044393,4.541983075018652
1987-06-01,58.0726,7.466625469176003,5.500418749057601
1987-07-01,58.4772,7.724339782926748,5.606934850331835
1987-08-01,58.9076,8.147674199203037,6.553554793839145
1987-09-01,59.1237,7.438846430571822,6.633132476882864
1987-10-01,59.9408,10.393591173441674,7.658872847839127
1987-11-01,60.2323,9.303098211996684,7.783253523445488
1987-12-01,60.5629,10.098203484700209,7.329837364802949
1988-01-01,60.564,4.224078330714054,7.741544110452692
1988-02-01,60.8632,4.256067872025948,6.854591644150432
1988-03-01,61.0006,2.9223694341464324,6.9501108939012735
1988-04-01,61.3536,5.317853531101391,6.88873596459898
1988-05-01,61.2454,2.535622330341658,6.024551071317896
1988-06-01,61.4107,2.716393930778249,5.748149729820939
1988-07-01,61.4169,0.4133288323400652,5.027087480248693
1988-08-01,61.7365,3.2462095959367554,4.802266600574456
1988-09-01,61.5395,0.8415847775000262,4.086009502111665
1988-10-01,61.7996,2.5158670895000457,3.10105971224941
1988-11-01,61.9552,1.424537223891953,2.8604253863790507
1988-12-01,62.2362,4.605957159292906,2.76291260821393
1989-01-01,62.4165,4.053092343281173,3.0587477709530297
1989-02-01,62.1423,1.2134526194457207,2.1015983385691106
1989-03-01,62.3049,0.442275308722273,2.1381756900751947
1989-04-01,62.2966,-0.7661753313492614,1.5369921243415074
1989-05-01,61.9483,-1.2429113563003469,1.1476780296969302
1989-06-01,61.9423,-2.3076637119551657,0.8656471917760422
1989-07-01,61.3334,-6.042644831225019,-0.1359560642103408
1989-08-01,61.9394,-0.0574548919882511,0.3286548476185036
1989-09-01,61.7394,-1.3038278369904122,0.32483201845969756
1989-10-01,61.6605,2.1503847769706708,-0.22508236299263462
1989-11-01,61.8627,-0.4944035643975497,-0.14930143071122393
1989-12-01,62.2192,3.1449744682102265,-0.027315292386098644
1990-01-01,61.9021,1.5765274639818472,-0.8241410524460702
1990-02-01,62.464,3.945019027650986,0.517682802213626
1990-03-01,62.7645,3.552026603955105,0.7376626878463632
1990-04-01,62.6499,4.920414693881914,0.567125653727496
1990-05-01,62.8126,2.251082738179555,1.395195671229077
1990-06-01,63.0256,1.6744101215400375,1.7488856564899846
1990-07-01,62.9353,1.8346789249358288,2.6117906393579915
1990-08-01,63.172,2.308431084165119,1.9900095900186265
1990-09-01,63.1832,1.003986450566452,2.3385390852518784
1990-10-01,62.7886,-0.929131140726802,1.8295343047818324
1990-11-01,62.0154,-7.124815353679659,0.24683694698097725
1990-12-01,61.5915,-9.702307183987712,-1.0088525728392472
1991-01-01,61.3624,-8.780822776695608,-0.8718605669274515
1991-02-01,60.9255,-6.846707191590418,-2.4630186987704916
1991-03-01,60.5853,-6.3762727579775085,-3.4720263843414645
1991-04-01,60.7604,-3.866855636661626,-3.015966505932177
1991-05-01,61.3572,2.864548078128548,-2.317051037530693
1991-06-01,61.8396,8.541954127988127,-1.8817750247518417
1991-07-01,62.0065,8.45919454388746,-1.4758013388352698
1991-08-01,62.0141,4.351729292612605,-1.832932311783697
1991-09-01,62.5457,4.646122942927455,-1.0089707390572245
1991-10-01,62.4572,2.939290474507761,-0.5278028177089555
1991-11-01,62.371,2.322006471559868,0.5734059604549868
1991-12-01,62.0999,-2.8206983955991305,0.8254385751280457
1992-01-01,61.7744,-4.301726839957897,0.6714209352958855
1992-02-01,62.2167,-0.9858963825364886,2.1193096486692875
1992-03-01,62.7223,4.069698921996023,3.5272582623177673
1992-04-01,63.1981,9.542322232007615,4.01198807117793
1992-05-01,63.4008,7.832844799599514,3.330660460386059
1992-06-01,63.4358,4.628448017185316,2.5811939275157014
1992-07-01,64.013,5.258369256686701,3.235951069645937
1992-08-01,63.6652,1.67858160666694,2.662459021416086
1992-09-01,63.8563,2.677980515703582,2.0954278231756884
1992-10-01,64.3089,1.861859471865768,2.96475026097871
1992-11-01,64.563,5.761201986481401,3.5144538327107178
1992-12-01,64.6477,5.050303264602074,4.102744126802138
1993-01-01,64.9199,3.8549125756103697,5.09191509751612
1993-02-01,65.2156,4.104899238462045,4.820088497139818
1993-03-01,65.1605,3.210841503727746,3.8872936738608255
1993-04-01,65.3503,2.67837189163298,3.4054821268361124
1993-05-01,65.0993,-0.7114203980594036,2.678988277750438
1993-06-01,65.2428,0.5061720092194077,2.848549241910714
1993-07-01,65.3988,0.2971923216075645,2.164872760220571
1993-08-01,65.3265,1.4033464559008113,2.6094318403146355
1993-09-01,65.6562,2.558723923605921,2.8186725507115318
1993-10-01,66.1632,4.757925376825356,2.8834267107663347
1993-11-01,66.4831,7.27227333915641,2.9739943930734203
1993-12-01,66.8399,7.408881097655362,3.3909945752130355
1994-01-01,67.0596,5.530459014057199,3.2959077262904035
1994-02-01,67.106,3.800719355770088,2.8986929507663906
1994-03-01,67.7792,5.740799142281339,4.018845773129431
1994-04-01,68.1906,6.918833682227632,4.346269259666746
1994-05-01,68.5136,8.658008569874909,5.244756856064492
1994-06-01,68.9608,7.1577065118975325,5.698713114703846
1994-07-01,69.0536,5.159194781656851,5.588481745842455
1994-08-01,69.5074,5.929524527945329,6.400006123089419
1994-09-01,69.7304,4.539269722886963,6.205354559051557
1994-10-01,70.2734,7.25525162506806,6.2122146449990145
1994-11-01,70.7471,7.327347236503479,6.413660012845379
1994-12-01,71.4653,10.329654617766138,6.920118073186821
1995-01-01,71.5873,7.691162739078705,6.751755155115746
1995-02-01,71.4827,4.224356580528599,6.522069561589117
1995-03-01,71.5962,0.7346787067114446,5.631521174637633
1995-04-01,71.4939,-0.5208598193840563,4.84421606497083
1995-05-01,71.8245,1.92639247459645,4.8324712173933415
1995-06-01,72.0577,2.603385997326879,4.490812171552516
1995-07-01,71.7421,1.395897999014939,3.8933524103015538
1995-08-01,72.6863,4.886550703410486,4.573469875149971
1995-09-01,72.989,5.270835775391536,4.673141126395386
1995-10-01,72.8743,6.463623810339514,3.701115927221399
1995-11-01,73.0432,1.978569603114333,3.2455040559966397
1995-12-01,73.3148,1.797464835214457,2.587969266203327
1996-01-01,72.9017,0.1504807980773126,1.836079863327722
1996-02-01,73.955,5.087485526473312,3.4585990736220262
1996-03-01,73.8546,2.977794122799282,3.1543573541612746
1996-04-01,74.6152,9.738395629044485,4.365827014612433
1996-05-01,75.15,6.621742067331482,4.6300357120481195
1996-06-01,75.719,10.48651562426761,5.0810669782688
1996-07-01,75.7189,6.049336327784927,5.543188727399961
1996-08-01,76.0875,5.084175085247256,4.679286192858911
1996-09-01,76.5959,4.713485321382049,4.941703544369691
1996-10-01,76.5662,4.551721785491192,5.066120703732313
1996-11-01,77.2493,6.249024618416321,5.758373127135741
1996-12-01,77.7342,6.07827275669246,6.027977979889454
1997-01-01,77.8711,6.993369362516733,6.816576293831278
1997-02-01,78.7993,8.270770449393927,6.550334662970725
1997-03-01,79.2746,8.165236426618883,7.338743964492389
1997-04-01,79.3464,7.7962544914404575,6.340799193729962
1997-05-01,79.773,5.03505347278197,6.151696606786405
1997-06-01,80.1365,4.420374032972019,5.834070708804928
1997-07-01,80.7798,7.424214094639914,6.683800213685087
1997-08-01,81.6119,9.544418928194954,7.260588138656154
1997-09-01,82.4022,11.797925557671718,7.5804318507909585
1997-10-01,83.1064,12.0280523181008,8.541889240944434
1997-11-01,83.7534,10.916416692087603,8.419623219886784
1997-12-01,84.1331,8.670668435442884,8.23176928559115
1998-01-01,84.5113,6.935338719697159,8.527168615827962
1998-02-01,84.6409,4.306483666014027,7.413263823409588
1998-03-01,84.6684,2.569407302813276,6.803944769194681
1998-04-01,84.9827,2.249918566869713,7.103409858544296
1998-05-01,85.5129,4.185060707609578,7.195291640028589
1998-06-01,84.998,1.5662495884960492,6.0665239934362125
1998-07-01,84.6664,-1.4804825263400434,4.811351352689663
1998-08-01,86.4183,4.302888390021398,5.8893372167539315
1998-09-01,86.3287,6.4108657422852655,4.765042680899301
1998-10-01,86.9767,11.369771290846865,4.657042056929428
1998-11-01,86.9005,2.250685004935904,3.7575787968010754
1998-12-01,87.2514,4.344319873916924,3.7063890430758084
1999-01-01,87.6357,3.06531524957574,3.697020398455586
1999-02-01,88.1298,5.7796284281126376,4.122002483432952
1999-03-01,88.2987,4.888438899888503,4.287668126479294
1999-04-01,88.4947,3.9788010358555503,4.132605812712464
1999-05-01,89.0447,4.217622657105502,4.130137090427288
1999-06-01,88.9802,3.123174060191003,4.685051412974417
1999-07-01,89.5155,4.694513217411189,5.727301503311821
1999-08-01,89.8984,3.890431208194478,4.027040568953555
1999-09-01,89.496,2.3389578262991373,3.668884160192376
1999-10-01,90.6725,5.271156326184023,4.249183976858184
1999-11-01,91.1438,5.657584158283524,4.882940834632721
1999-12-01,91.8444,10.916517431461514,5.264098914172144
2000-01-01,91.7942,5.040941165720114,4.745212282209188
2000-02-01,92.1272,4.386169750549107,4.535809680720937
2000-03-01,92.4733,2.7672414678965973,4.727815924809753
2000-04-01,93.0619,5.6395871514952844,5.1609870421618576
2000-05-01,93.3427,5.382852080394174,4.82678924180775
2000-06-01,93.3908,4.028169852184216,4.956833093205004
2000-07-01,93.204,0.6121766215535063,4.120515441459838
2000-08-01,92.9637,-1.6142578154160092,3.409738104348925
2000-09-01,93.3533,-0.1605186785253121,4.3100250290515785
2000-10-01,93.0019,-0.8645277490902381,2.569025889878418
2000-11-01,93.0137,0.2153113647213933,2.051593196684798
2000-12-01,92.7388,-2.6071243075270534,0.9738209406343845
2001-01-01,92.2054,-3.3819784324786606,0.44795858561870183
2001-02-01,91.5813,-6.019114210342891,-0.5925503000199783
2001-03-01,91.3567,-5.829315738668706,-1.207483673665799
2001-04-01,91.072,-4.826931568421888,-2.138254215742419
2001-05-01,90.5335,-4.498536846540125,-3.0095551125047693
2001-06-01,90.0322,-5.674343593599607,-3.5962857155094508
2001-07-01,89.4778,-6.820217201442591,-3.9978970859619656
2001-08-01,89.3838,-4.983721934374952,-3.850857915508965
2001-09-01,88.9262,-4.823991493567736,-4.742306913628136
2001-10-01,88.6365,-3.708222268401773,-4.693882598097465
2001-11-01,88.1058,-5.597664304432093,-5.276534532009802
2001-12-01,88.0897,-3.7099114398669975,-5.013112095476768
2002-01-01,88.6706,0.1539757699833943,-3.833614950968167
2002-02-01,88.6723,2.596819526641214,-3.17641265192784
2002-03-01,89.3624,5.905562815505938,-2.182981653233984
2002-04-01,89.7933,5.161589517761112,-1.4040539353478598
2002-05-01,90.1629,6.895542069386562,-0.4093512346258654
2002-06-01,90.9078,7.098970200677268,0.972540935354238
2002-07-01,90.8761,4.91147487758048,1.562733996589083
2002-08-01,90.785,2.788588891823296,1.5676218733148506
2002-09-01,90.8931,-0.0646652315806406,2.2118340826438265
2002-10-01,90.6289,-1.083643257115352,2.2478324392321447
2002-11-01,91.1366,1.5581774045369867,3.4399551448372367
2002-12-01,90.6374,-1.120538396520776,2.8921655993833673
2003-01-01,91.3852,3.380024633553491,3.0614431389885732
2003-02-01,91.494,1.5778857844286345,3.1821662458287436
2003-03-01,91.221,2.600519421423031,2.0798456621576866
2003-04-01,90.6448,-3.2016145141308683,0.9482890148819534
2003-05-01,90.6163,-3.782328636376164,0.502867587444511
2003-06-01,90.7372,-2.104624002991196,-0.18766266480982896
2003-07-01,91.2028,2.4851890601180537,0.3595004627179321
2003-08-01,91.0119,1.7577329063157343,0.24993115602798266
2003-09-01,91.6355,4.019202889965046,0.8167836722479338
2003-10-01,91.7372,2.36446830653152,1.2228990973078169
2003-11-01,92.3505,6.014258631675307,1.3319566452994591
2003-12-01,92.4019,3.3876324452414064,1.9467681111770663
2004-01-01,92.5643,3.655455147705245,1.2902526886191756
2004-02-01,93.1092,3.326894360297405,1.7653616630598723
2004-03-01,92.7403,1.4729719073059533,1.6655156159217643
2004-04-01,93.1255,2.4472689159544814,2.736726210438989
2004-05-01,93.797,2.9877124713917125,3.5100748982247243
2004-06-01,93.0677,1.4196107132348867,2.5684063427128034
2004-07-01,93.7646,2.7735009540578397,2.808904989759098
2004-08-01,93.8516,0.233046656771596,3.120141432054502
2004-09-01,93.9393,3.799044010555397,2.51409115462895
2004-10-01,94.8012,4.496012354345558,3.3399754952189387
2004-11-01,95.0379,5.152741927843652,2.9100004872740337
2004-12-01,95.7433,7.905676184285415,3.6161594079775483
2005-01-01,96.1164,5.665848712357224,3.837440568340056
2005-02-01,96.82,7.714206807047441,3.9854278631971773
2005-03-01,96.6725,3.938927219650701,4.240012162997098
2005-04-01,96.8638,3.1468633473541674,4.014260326119046
2005-05-01,96.9622,0.5887774492377762,3.3745215731846523
2005-06-01,97.353,2.8455623804353625,4.604497586165768
2005-07-01,97.0425,0.7399879946654142,3.4958822412722856
2005-08-01,97.3856,1.758133959524244,3.7655191813458666
2005-09-01,95.509,-7.3639912378383965,1.670972638714563
2005-10-01,96.6445,-1.6304535193906289,1.9443846702362322
2005-11-01,97.6736,1.1881842127456466,2.7733146460517277
2005-12-01,98.2108,11.804633704839196,2.577203835673103
2006-01-01,98.3353,7.183815796013482,2.308555043676219
2006-02-01,98.3412,2.7621622238944488,1.571162982854779
2006-03-01,98.5915,1.5595813044918527,1.9850526261346202
2006-04-01,98.9042,2.3342826476494327,2.1064628891288573
2006-05-01,98.8999,2.2919355143901976,1.9984076268896533
2006-06-01,99.209,2.5289221333896217,1.906464104855532
2006-07-01,99.1473,0.9868044237741236,2.168946595563792
2006-08-01,99.5815,2.785356197145039,2.2548508198337425
2006-09-01,99.4133,0.8262634878761776,4.087887005413116
2006-10-01,99.2931,0.5895144793604201,2.740559473120552
2006-11-01,99.2376,-1.3742417390807835,1.6012515152508122
2006-12-01,100.2526,3.420019955443365,2.078997421872142
2007-01-01,99.86,2.303376405056201,1.5505113626540945
2007-02-01,100.8096,6.488462275710383,2.510036485216771
2007-03-01,101.0257,3.120472598118696,2.4689755202020436
2007-04-01,101.7497,7.786979719770692,2.8770264559037972
2007-05-01,101.8148,4.048562348132867,2.9473235058882885
2007-06-01,101.8424,3.273055807727676,2.6543962745315453
2007-07-01,101.7209,-0.1131709465656327,2.5957338223027815
2007-08-01,101.9639,0.5870574345360646,2.392412245246356
2007-09-01,102.2023,1.4210673350689484,2.805459631658924
2007-10-01,101.8873,0.6559468242974376,2.6126689568560124
2007-11-01,102.4717,2.0070084571206515,3.2589462058735696
2007-12-01,102.4621,1.0206905478315154,2.203932865581537
2008-01-01,102.3148,1.688917455606087,2.458241538153416
2008-02-01,101.9384,-2.0655505669413987,1.119734628448077
2008-03-01,101.5904,-3.3598332621283533,0.5589666787757963
2008-04-01,100.9098,-5.380740897689284,-0.8254569792343402
2008-05-01,100.3073,-6.248351869024615,-1.480629535195288
2008-06-01,100.0853,-5.79574922304179,-1.7253128363039272
2008-07-01,99.6124,-5.044476215983806,-2.072828691055628
2008-08-01,98.0601,-8.66459370566397,-3.828609929592719
2008-09-01,93.8451,-22.70253975711384,-8.17711538781416
2008-10-01,94.7036,-18.30182827839788,-7.050633395918826
2008-11-01,93.4737,-17.436440477029713,-8.780960987277464
2008-12-01,90.825,-12.264527275879855,-11.357467785649522
2009-01-01,88.583,-23.451694084850526,-13.421127735185923
2009-02-01,88.0069,-21.4205185775226,-13.66658687991964
2009-03-01,86.6045,-17.33147123498281,-14.751295397990361
2009-04-01,85.9406,-11.40851354767819,-14.834238101750275
2009-05-01,85.0635,-12.721736147820916,-15.19709931380866
2009-06-01,84.7841,-8.146476003388992,-15.288159200202234
2009-07-01,85.7471,-0.8975849203551212,-13.919251016941658
2009-08-01,86.7094,7.967173447600784,-11.575248240619784
2009-09-01,87.4072,12.96168852713764,-6.860134412984797
2009-10-01,87.6595,9.224029070109683,-7.4380488175739945
2009-11-01,88.0061,6.117345627852178,-5.849345858781662
2009-12-01,88.2819,4.063362018918815,-2.8000000000000136
2010-01-01,89.2744,7.575111167502224,0.7805109332490456
2010-02-01,89.5648,7.274954588115801,1.7702021091528186
2010-03-01,90.2296,9.121277701800402,4.185810206167129
2010-04-01,90.5689,5.927473050760845,5.385463913447186
2010-05-01,91.8247,10.481263097920635,7.948415007611964
2010-06-01,92.007,8.115348507293696,8.519168098735497
2010-07-01,92.3967,8.320204040002288,7.754897833279473
2010-08-01,92.7118,3.9206798892141848,6.922432861950378
2010-09-01,92.9252,4.052025095059975,6.312981081650015
2010-10-01,92.7115,1.3697998539356604,5.763208779424933
2010-11-01,92.7535,0.1800337917477579,5.394398797356081
2010-12-01,93.6492,3.153096432759961,6.079728687307373
2011-01-01,93.4768,3.342964649411906,4.707284507092746
2011-02-01,93.0617,1.335753494781411,3.9043240201507734
2011-03-01,94.0244,1.612233115111139,4.205715197673476
2011-04-01,93.7011,0.9632705129478892,3.4583615346989838
2011-05-01,93.849,3.427176933416254,2.2045266687503506
2011-06-01,94.0844,0.2554973234067725,2.257871683676238
2011-07-01,94.5881,3.840614660507913,2.3717297262781045
2011-08-01,95.1605,5.708099184956672,2.6411956191121355
2011-09-01,95.0855,4.324593115273467,2.324773043264905
2011-10-01,95.6902,4.742718592279549,3.2128700323045267
2011-11-01,95.7307,2.4184212786533266,3.2097980130129766
2011-12-01,96.2047,4.791964122110937,2.7288006731504444
2012-01-01,96.7772,4.621841951360306,3.53071564281191
2012-02-01,97.051,5.631907020405524,4.286725903352284
2012-03-01,96.5714,1.533405077351624,2.7088713142545906
2012-04-01,97.3139,2.2368124609510875,3.8556644479093682
2012-05-01,97.4669,1.7252004723485648,3.8550224296476143
2012-06-01,97.4577,3.7219138222851056,3.58539779176994
2012-07-01,97.6786,1.5075144978380806,3.267324325152954
2012-08-01,97.2842,-0.7476874291300062,2.2317032802475767
2012-09-01,97.2295,-0.9333269517511787,2.254812773766779
2012-10-01,97.5344,-0.5892017163206309,1.9272610988377181
2012-11-01,97.9837,2.907278360077425,2.3534769932738397
2012-12-01,98.2122,4.104511011184964,2.0866963880143086
2013-01-01,98.1664,2.617207452135628,1.4354620716449773
2013-02-01,98.6458,2.730418394194478,1.6432597294206097
2013-03-01,99.0597,3.496645872840132,2.5766427741546805
2013-04-01,98.9927,3.4096861671214285,1.7251389575384302
2013-05-01,99.0726,1.7419003401527131,1.647431076601391
2013-06-01,99.2065,0.5940928329771777,1.7944195276514918
2013-07-01,98.9204,-0.2918228570597425,1.2713122423949619
2013-08-01,99.4996,1.735165834533969,2.277245431426689
2013-09-01,100.0568,3.472734124173704,2.9078623257344782
2013-10-01,99.9168,4.090384085513765,2.442625371151097
2013-11-01,100.1762,2.747881145920017,2.237617073043774
2013-12-01,100.3658,1.241032498553185,2.192802930796778
2014-01-01,100.038,0.4860872384367276,1.9065586595820916
2014-02-01,100.7918,2.4808197345062237,2.1754600804088975
2014-03-01,101.7782,5.748949289730776,2.744304697066502
2014-04-01,101.8337,7.375720792009477,2.8699085892192056
2014-05-01,102.2325,5.841288950410184,3.1894792303825747
2014-06-01,102.5722,3.1572173166719564,3.3926204432169094
2014-07-01,102.8479,4.043659594834881,3.970364050286901
2014-08-01,102.6491,1.640000618979709,3.165339358148178
2014-09-01,102.9858,1.6226944889947248,2.9273372724292646
2014-10-01,102.9911,0.5581031947848425,3.076859947476307
2014-11-01,103.6669,4.025512354679717,3.4845602049189406
2014-12-01,103.6139,2.4619684521484557,3.2362617545020456
2015-01-01,102.8479,-0.555005690296051,2.808832643595438
2015-02-01,102.2292,-5.433045795508063,1.4261080762522527
2015-03-01,101.8945,-6.4743172589824205,0.11426808491405982
2015-04-01,101.2859,-5.937990629157442,-0.5379358699526771
2015-05-01,100.8408,-5.322827202251979,-1.3613087814540403
2015-06-01,100.5063,-5.33919985765392,-2.0140934873191796
2015-07-01,101.1831,-0.4053618549814564,-1.6187010138272173
2015-08-01,100.9115,0.2807371101986478,-1.6927571698144406
2015-09-01,100.568,0.2457829566830049,-2.3477023045895606
2015-10-01,100.1588,-3.9882188411192288,-2.7500434503563986
2015-11-01,99.4099,-5.8206040743106975,-4.106421625417567
2015-12-01,98.8329,-6.724646904177623,-4.614245772044101
2016-01-01,99.4797,-2.6846347281805016,-3.2749331780230873
2016-02-01,98.9583,-1.8047780416058143,-3.1995750724841954
2016-03-01,98.1954,-2.5552559915030804,-3.6303235208966056
2016-04-01,98.4673,-4.009058614080896,-2.782815771988012
2016-05-01,98.2889,-2.6784549809604985,-2.53062252580305
2016-06-01,98.7201,2.1545634356370247,-1.7772020261416333
2016-07-01,98.8992,1.7660682726398091,-2.2571951244822586
2016-08-01,98.7249,1.7862023857192932,-2.16684916981712
2016-09-01,98.606,-0.4615163007585576,-1.9509187813220974
2016-10-01,98.6703,-0.9225819805253832,-1.4861400096646493
2016-11-01,98.2288,-1.9949297577870229,-1.1881110432663045
2016-12-01,98.8958,1.1807803781638482,0.06364277482497904
2017-01-01,98.7446,0.3015455123414723,-0.7389447294271934
2017-02-01,98.3676,0.5664101345719263,-0.5969180958039888
2017-03-01,99.1065,0.8549374570574253,0.9278438704867886
2017-04-01,100.0363,5.336057981717945,1.5934223848932616
2017-05-01,100.147,7.434427658987297,1.890447446252841
2017-06-01,100.3042,4.922327872266163,1.6046377586732552
2017-07-01,100.2092,0.6931434695464977,1.3245809875105152
2017-08-01,99.7055,-1.7517809982996455,0.9932651235909029
2017-09-01,99.7485,-2.19771073664623,1.1586516033507133
2017-10-01,100.988,3.145124716406289,2.34893377237122
2017-11-01,101.273,6.438375614680458,3.099091101591367
2017-12-01,101.3696,6.660947395400885,2.501420687228384
2018-01-01,101.3561,1.4659859582120127,2.64470158368153
2018-02-01,101.6495,1.495382836008008,3.336362786120639
2018-03-01,102.298,3.714061290538528,3.2202731405104768
2018-04-01,103.4095,8.353311230198868,3.3719759727218968
2018-05-01,102.5408,3.55374711652805,2.390286279169618
2018-06-01,103.3045,3.994025123540657,2.991200767265978
2018-07-01,103.5474,0.5344812097547225,3.3312310646128385
2018-08-01,104.1659,6.491630507669699,4.4735746774250185
2018-09-01,104.1315,3.240841895397017,4.3940510383614795
2018-10-01,103.9874,1.7105691341151807,2.9700558482195882
2018-11-01,103.9127,-0.9687558053797064,2.6065190129649585
2018-12-01,103.867,-1.0121584251428506,2.463657743544423
2019-01-01,103.3023,-2.60939007458364,1.9201607007373056
2019-02-01,102.728,-4.482969073345533,1.0609988243916568
2019-03-01,102.8635,-3.808911896260303,0.5527967311188986
2019-04-01,102.2543,-3.9966570935842105,-1.1171120641720433
2019-05-01,102.4519,-1.0707456210358623,-0.08669719760330263
2019-06-01,102.384,-1.8516096024177144,-0.8910550847252563
2019-07-01,102.0568,-0.7703482070145595,-1.4395339718814792
2019-08-01,102.6882,0.9257760113146496,-1.418602440913963
2019-09-01,102.3143,-0.2720302303019561,-1.7451011461469434
2019-10-01,101.4645,-2.301321166609072,-2.4261593231487577
2019-11-01,101.9876,-2.7012361329934675,-1.8526128182599466
2019-12-01,101.6179,-2.69492010960235,-2.165365322961088
2020-01-01,101.0918,-1.4612067008934138,-2.1398361895136886
2020-02-01,101.3247,-2.574685057877601,-1.3660345767463444
2020-03-01,97.4477,-15.432107069888136,-5.265035702654497
2020-04-01,84.2018,-51.86934361065602,-17.654514284484858
2020-05-01,85.8434,-48.481129219482455,-16.211021952740744
2020-06-01,91.1622,-23.40986821397873,-10.960501640881393
2020-07-01,94.8887,61.27701789736237,-7.023637817372286
2020-08-01,95.8924,55.70734934172492,-6.617897674708484
2020-09-01,95.6019,20.95028742192804,-6.560568757250939
2020-10-01,96.6454,7.613502002651251,-4.749542943591112
2020-11-01,97.1609,5.397270218112293,-4.732634163368887
2020-12-01,98.2854,11.709457744436126,-3.279441909348657
2021-01-01,99.4076,11.931829804103655,-1.666010497389503
2021-02-01,96.3966,-3.109600029321946,-4.8636709509132565
2021-03-01,99.1237,3.4555944647305825,1.7198969293272137
2021-04-01,99.1655,-0.970617979343813,17.771235294257348
2021-05-01,99.987,15.75167584425683,16.476048245992114
2021-06-01,100.1849,4.351586838765487,9.897413620996431
2021-07-01,101.1148,8.097707793594044,6.561476761721896
