DATE,NFORBRES,3m growth rate,12m growth rate
1959-01-01,-0.054,,
1959-02-01,-0.051,,
1959-03-01,-0.139,,
1959-04-01,-0.261,54474.15123456793,
1959-05-01,-0.32,154895.54263058858,
1959-06-01,-0.523,19942.29981265977,
1959-07-01,-0.545,1801.183251662339,
1959-08-01,-0.542,722.995068511963,
1959-09-01,-0.484,-26.65429436965005,
1959-10-01,-0.466,-46.54877564068012,
1959-11-01,-0.415,-65.62875680463031,
1959-12-01,-0.435,-34.750741413691976,
1960-01-01,-0.373,-58.95203224642977,590.7407407407408
1960-02-01,-0.356,-45.8488598583165,598.0392156862745
1960-03-01,-0.218,-93.69233025496476,56.8345323741007
1960-04-01,-0.18,-94.57681158481569,-31.034482758620697
1960-05-01,-0.051,-99.9578807419291,-84.0625
1960-06-01,0.045,-99.81843836680474,-108.60420650095601
1960-07-01,0.122,-78.89675201950922,-122.38532110091742
1960-08-01,0.246,54032.70434980427,-145.38745387453872
1960-09-01,0.412,702549.6091693338,-185.12396694214877
1960-10-01,0.495,27000.760178182754,-206.22317596566523
1960-11-01,0.61,3680.758277194516,-246.9879518072289
1960-12-01,0.669,595.2093540844046,-253.79310344827587
1961-01-01,0.706,313.80716723318454,-289.2761394101877
1961-02-01,0.516,-48.79887936312427,-244.94382022471913
1961-03-01,0.476,-74.3714910581286,-318.348623853211
1961-04-01,0.559,-60.69675330231741,-410.5555555555556
1961-05-01,0.461,-36.29039755425401,-1003.9215686274512
1961-06-01,0.527,50.25005856934615,1071.1111111111113
1961-07-01,0.562,2.1640334808715966,360.65573770491807
1961-08-01,0.514,54.54279925731771,108.9430894308943
1961-09-01,0.542,11.880573861678489,31.553398058252434
1961-10-01,0.461,-54.7250020541066,-6.8686868686868685
1961-11-01,0.493,-15.36788366022661,-19.180327868852455
1961-12-01,0.451,-52.058786659968646,-32.585949177877424
1962-01-01,0.536,82.74918852871949,-24.079320113314438
1962-02-01,0.434,-39.9419480947595,-15.891472868217061
1962-03-01,0.383,-47.98975155205844,-19.53781512605042
1962-04-01,0.42,-62.30029057688653,-24.865831842576036
1962-05-01,0.456,21.871021860908836,-1.0845986984815648
1962-06-01,0.371,-11.955842385656856,-29.601518026565465
1962-07-01,0.442,22.656880672147928,-21.352313167259794
1962-08-01,0.405,-37.77559934190143,-21.206225680933844
1962-09-01,0.409,47.70581509186134,-24.538745387453886
1962-10-01,0.414,-23.03163040496543,-10.195227765726688
1962-11-01,0.437,35.551914250565005,-11.359026369168356
1962-12-01,0.312,-66.13702234427477,-30.820399113082043
1963-01-01,0.359,-43.45731471738078,-33.0223880597015
1963-02-01,0.295,-79.23354735682577,-32.02764976958525
1963-03-01,0.286,-29.39332561728396,-25.32637075718016
1963-04-01,0.327,-31.164381920251337,-22.142857142857142
1963-05-01,0.22,-69.06838048317616,-51.75438596491229
1963-06-01,0.158,-90.6853998772594,-57.41239892183289
1963-07-01,0.156,-94.82026689197234,-64.70588235294117
1963-08-01,0.116,-92.270680964415,-71.35802469135803
1963-09-01,0.109,-77.34950779049727,-73.34963325183375
1963-10-01,0.077,-94.06440162484152,-81.40096618357488
1963-11-01,0.092,-60.43425456077571,-78.94736842105263
1963-12-01,0.158,341.49150965490406,-49.358974358974365
1964-01-01,0.166,2060.0780882655363,-53.76044568245124
1964-02-01,0.111,111.90470799713052,-62.37288135593219
1964-03-01,0.108,-78.16934963498537,-62.237762237762226
1964-04-01,0.141,-47.94719968601504,-56.88073394495413
1964-05-01,0.094,-48.56964770165041,-57.27272727272727
1964-06-01,0.107,-3.652580172352171,-32.27848101265823
1964-07-01,0.113,-58.74873003550745,-27.564102564102566
1964-08-01,0.106,61.70075461900068,-8.62068965517242
1964-09-01,0.086,-58.26900937850734,-21.100917431192666
1964-10-01,0.077,-78.43998161981904,0.0
1964-11-01,0.008,-99.99675558435538,-91.30434782608697
1964-12-01,0.142,643.2921951292282,-10.126582278481022
1965-01-01,0.115,397.5405257257832,-30.722891566265066
1965-02-01,0.007,-41.3818359375,-93.69369369369369
1965-03-01,-0.045,-98.99145175598576,-141.66666666666666
1965-04-01,-0.13,63.29844447382615,-192.1985815602837
1965-05-01,-0.161,27984000.0,-271.27659574468083
1965-06-01,-0.175,22771.89452827313,-263.55140186915884
1965-07-01,-0.175,228.3815780259794,-254.86725663716814
1965-08-01,-0.151,-22.624354511444544,-242.45283018867926
1965-09-01,-0.144,-54.15438809829239,-267.4418604651163
1965-10-01,-0.13,-69.5476218242399,-268.83116883116884
1965-11-01,-0.08,-92.12134363382762,-1100.0
1965-12-01,-0.021,-99.95476993513697,-114.7887323943662
1966-01-01,-0.041,-99.01062252722244,-135.65217391304347
1966-02-01,-0.135,710.9146118164062,-2028.571428571429
1966-03-01,-0.218,1161211.6839177087,384.4444444444445
1966-04-01,-0.282,223700.47626108493,116.9230769230769
1966-05-01,-0.346,4214.885951516721,114.90683229813664
1966-06-01,-0.351,572.0514020174151,100.57142857142858
1966-07-01,-0.363,174.5554486553528,107.42857142857143
1966-08-01,-0.368,27.96372667833733,143.7086092715232
1966-09-01,-0.398,65.31178770464817,176.3888888888889
1966-10-01,-0.401,48.91930144032335,208.46153846153848
1966-11-01,-0.222,-86.75595575017934,177.5
1966-12-01,-0.193,-94.47035885806172,819.047619047619
1967-01-01,-0.007,-99.99999071429954,-82.92682926829269
1967-02-01,0.005,-99.99997426832132,-103.7037037037037
1967-03-01,0.214,51.15616239480543,-198.1651376146789
1967-04-01,0.204,72131988.96293207,-172.3404255319149
1967-05-01,0.276,928445176.1600004,-179.76878612716766
1967-06-01,0.246,74.61652252054078,-170.0854700854701
1967-07-01,0.303,386.6871103150705,-183.4710743801653
1967-08-01,0.284,12.108110244790192,-177.17391304347828
1967-09-01,0.253,11.877217448658396,-163.56783919597987
1967-10-01,0.206,-78.63522283551121,-151.3715710723192
1967-11-01,0.226,-59.898520438297645,-201.8018018018018
1967-12-01,0.147,-88.60308644227747,-176.1658031088083
1968-01-01,0.141,-78.05136233229486,-2114.2857142857138
1968-02-01,0.013,-99.99890518773869,159.99999999999997
1968-03-01,-0.322,2202.2588324823514,-250.46728971962614
1968-04-01,-0.35,3696.6077224927694,-271.5686274509804
1968-05-01,-0.381,73777834.66965444,-238.04347826086953
1968-06-01,-0.366,66.9171092531555,-248.78048780487805
1968-07-01,-0.176,-93.60591369596,-158.08580858085807
1968-08-01,-0.236,-85.27863403421972,-183.09859154929578
1968-09-01,-0.143,-97.66965721817,-156.52173913043475
1968-10-01,-0.198,60.180664062500135,-196.11650485436894
1968-11-01,-0.237,1.705718484464147,-204.86725663716814
1968-12-01,-0.32,2407.5855781411174,-317.687074829932
1969-01-01,-0.49,3650.796992171556,-447.51773049645396
1969-02-01,-0.581,3511.6956451813417,-4569.2307692307695
1969-03-01,-0.683,1975.309630594253,112.11180124223606
1969-04-01,-0.836,747.3069908501612,138.8571428571429
1969-05-01,-1.119,1275.9917073337542,193.70078740157481
1969-06-01,-1.081,527.5090029676138,195.35519125683058
1969-07-01,-1.027,127.74909747942904,483.52272727272725
1969-08-01,-0.982,-40.690316696309615,316.10169491525426
1969-09-01,-0.805,-69.24747744780856,462.937062937063
1969-10-01,-0.987,-14.692574353589327,398.48484848484844
1969-11-01,-0.974,-3.2190509924237,310.9704641350211
1969-12-01,-0.833,14.655920183246815,160.3125
1970-01-01,-0.785,-59.98617980228197,60.20408163265307
1970-02-01,-0.872,-35.75636407914615,50.08605851979346
1970-03-01,-0.735,-39.386501598400415,7.613469985358701
1970-04-01,-0.693,-39.26286370198216,-17.105263157894733
1970-05-01,-0.811,-25.180039063973823,-27.524575513851644
1970-06-01,-0.691,-21.879892335024177,-36.0777058279371
1970-07-01,-1.194,781.220047625397,16.260954235637783
1970-08-01,-0.663,-55.33465459903445,-32.484725050916495
1970-09-01,-0.356,-92.95488961120708,-55.776397515527954
1970-10-01,-0.258,-99.7819974785849,-73.86018237082067
1970-11-01,-0.181,-99.44453054043356,-81.41683778234085
1970-12-01,-0.083,-99.704530690247,-90.0360144057623
1971-01-01,-0.13,-93.55393641163224,-83.43949044585987
1971-02-01,-0.078,-96.55123095893724,-91.05504587155964
1971-03-01,-0.124,398.1663299887916,-83.12925170068027
1971-04-01,0.015,-99.98227478029482,-102.16450216450217
1971-05-01,-0.065,-51.77469135802468,-91.98520345252774
1971-06-01,-0.291,2933.0894280050206,-57.88712011577424
1971-07-01,-0.639,329335285.76000005,-46.482412060301506
1971-08-01,-0.613,790921.8345912258,-7.541478129713431
1971-09-01,-0.306,22.268265117842788,-14.04494382022472
1971-10-01,-0.194,-99.15042155133808,-24.8062015503876
1971-11-01,-0.147,-99.6693051428898,-18.78453038674033
1971-12-01,0.056,-99.88783266485338,-167.46987951807228
1972-01-01,0.185,-17.304858646146716,-242.3076923076923
1972-02-01,0.119,-57.05441662681701,-252.56410256410254
1972-03-01,0.092,628.4490837151186,-174.19354838709677
1972-04-01,0.039,-99.802497992435,160.0
1972-05-01,0.028,-99.69349025993462,-143.07692307692307
1972-06-01,0.103,57.10774293482721,-135.39518900343643
1972-07-01,-0.045,77.2521970519239,-92.95774647887323
1972-08-01,-0.2,260208.20491461892,-67.37357259380097
1972-09-01,-0.329,10309.615612871128,7.5163398692810635
1972-10-01,-0.344,341394.50135040376,77.31958762886595
1972-11-01,-0.254,160.14464100000004,72.78911564625852
1972-12-01,-0.766,2838.539187616161,-1467.857142857143
1973-01-01,-0.902,4627.073769909577,-587.5675675675676
1973-02-01,-1.396,91144.52331731864,-1273.1092436974789
1973-03-01,-1.615,1875.9458017208992,-1855.4347826086957
1973-04-01,-1.488,640.6031837205138,-3915.3846153846152
1973-05-01,-1.704,121.99167524124448,-6185.714285714285
1973-06-01,-1.626,2.7524198337115724,-1678.640776699029
1973-07-01,-1.638,46.83982723393845,3540.0
1973-08-01,-1.968,77.91887124665229,884.0
1973-09-01,-1.595,-7.410746089723919,384.80243161094216
1973-10-01,-1.208,-70.41904795142024,251.1627906976744
1973-11-01,-1.168,-87.59287965609141,359.84251968503935
1973-12-01,-0.994,-84.91647706404152,29.76501305483028
1974-01-01,-0.886,-71.06209074611276,-1.7738359201773801
1974-02-01,-1.007,-44.74818981947045,-27.86532951289399
1974-03-01,-1.18,98.60148505483988,-26.93498452012384
1974-04-01,-1.554,846.3878810602475,4.435483870967749
1974-05-01,-1.772,858.8197871646881,3.9906103286384997
1974-06-01,-1.582,223.07093414234345,-2.7060270602705883
1974-07-01,-1.709,46.27300819650877,4.334554334554341
1974-08-01,-1.611,-31.683235247359608,-18.140243902439025
1974-09-01,-1.472,-25.04418625646676,-7.7115987460815045
1974-10-01,-1.208,-75.036844257395,0.0
1974-11-01,-0.887,-90.8100675816246,-24.058219178082187
1974-12-01,-0.322,-99.77102279663086,-67.6056338028169
1975-01-01,-0.115,-99.99178658769962,-87.02031602708804
1975-02-01,0.1,-99.98384505362792,-109.9304865938431
1975-03-01,0.131,-97.26056061181146,-111.10169491525423
1975-04-01,0.059,-93.07185952022756,-103.7966537966538
1975-05-01,0.093,-25.194799000000025,-105.24830699774266
1975-06-01,-0.01,-99.99660441335058,-99.36788874841972
1975-07-01,-0.093,517.3390476688778,-94.55822118197776
1975-08-01,-0.004,-99.99965777780612,-99.75170701427685
1975-09-01,-0.192,13589444.96,-86.95652173913044
1975-10-01,0.028,-99.17832451248944,-102.31788079470199
1975-11-01,0.228,1055600000.0,-125.70462232243517
1975-12-01,0.148,-64.69453411337771,-145.96273291925465
1976-01-01,0.173,145631.11480242602,-250.43478260869563
1976-02-01,0.147,-82.72054856373879,46.99999999999997
1976-03-01,0.172,82.41767916416993,31.297709923664097
1976-04-01,0.111,-83.05242741500145,88.13559322033899
1976-05-01,0.095,-82.55684330465287,2.1505376344086002
1976-06-01,0.087,-93.45419259833344,-969.9999999999999
1976-07-01,0.101,-31.452190679350625,-208.6021505376344
1976-08-01,0.107,60.93136301900688,-2775.0
1976-09-01,0.139,551.6016727666225,-172.39583333333334
1976-10-01,0.125,134.61434191475007,346.42857142857144
1976-11-01,0.185,793.6177834413763,-18.85964912280702
1976-12-01,0.221,539.0132946347716,49.324324324324344
1977-01-01,0.198,529.5362011136001,14.450867052023142
1977-02-01,0.126,-78.48232880739701,-14.28571428571428
1977-03-01,0.112,-93.40366055846708,-34.883720930232556
1977-04-01,0.119,-86.95250663960181,7.2072072072072
1977-05-01,0.002,-99.99999365198708,-97.89473684210527
1977-06-01,-0.115,11.152509111804054,-232.183908045977
1977-07-01,-0.048,-97.3528588213263,-147.5247524752475
1977-08-01,-0.861,3434730156406.25,-904.6728971962617
1977-09-01,-0.417,17188.32262377563,-399.99999999999994
1977-10-01,-1.096,27181640.817901246,-976.8000000000001
1977-11-01,-0.611,-74.63982563939547,-430.2702702702703
1977-12-01,-0.379,-31.76414777825054,-271.49321266968326
1978-01-01,-0.217,-99.84632730106502,-209.5959595959596
1978-02-01,-0.165,-99.46817232170766,-230.95238095238093
1978-03-01,-0.129,-98.65784707769424,-215.17857142857144
1978-04-01,-0.409,1161.9853014407306,-443.69747899159665
1978-05-01,-0.993,131078.0640229492,-49750.0
1978-06-01,-0.916,254127.8083319522,696.5217391304348
1978-07-01,-1.12,5523.139512191327,2233.3333333333335
1978-08-01,-0.972,-8.194634131098955,12.891986062717775
1978-09-01,-0.867,-19.740861219292547,107.91366906474819
1978-10-01,-1.115,-1.773791926843571,1.7335766423357546
1978-11-01,-0.481,-94.00325963819446,-21.276595744680847
1978-12-01,-0.636,-71.04309957614537,67.81002638522426
1979-01-01,-0.789,-74.92687052656461,263.59447004608296
1979-02-01,-0.764,536.4922629017548,363.030303030303
1979-03-01,-0.833,194.27376316372332,545.7364341085271
1979-04-01,-0.742,-21.781837683257976,81.41809290953546
1979-05-01,-1.624,1941.6000389088783,63.544813695871106
1979-06-01,-1.197,326.3797749209724,30.67685589519651
1979-07-01,-0.96,180.2007613781804,-14.285714285714302
1979-08-01,-0.863,-92.0255804092322,-11.213991769547327
1979-09-01,-1.149,-15.1008165783732,32.525951557093435
1979-10-01,-1.75,1004.2496304453158,56.95067264573992
1979-11-01,-1.661,1272.25665910294,245.32224532224535
1979-12-01,-1.031,-35.17320566868191,62.1069182389937
1980-01-01,-0.99,-89.75791009745939,25.475285171102648
1980-02-01,-1.444,-42.87973111755324,89.00523560209423
1980-03-01,-2.538,3572.246367434349,204.68187274909963
1980-04-01,-1.706,781.8106281844747,129.91913746630726
1980-05-01,-0.097,-99.99796381063814,-94.02709359605912
1980-06-01,0.131,-99.99929022824703,-110.94402673350041
1980-07-01,0.142,-99.99520004384658,-114.79166666666667
1980-08-01,-0.115,97.56245958893533,-86.67439165701043
1980-09-01,-0.964,293139.82589998713,-16.10095735422107
1980-10-01,-1.104,365261.6130943878,-36.91428571428571
1980-11-01,-1.539,3207373.802589899,-7.344972907886826
1980-12-01,-1.173,119.22188757392745,13.773035887487882
1981-01-01,-0.951,-44.93878706400712,-3.9393939393939426
1981-02-01,-0.932,-86.55040613911856,-35.45706371191135
1981-03-01,-0.705,-86.95138493795416,-72.22222222222221
1981-04-01,-1.161,122.12979264808706,-31.946072684642434
1981-05-01,-1.96,1855.963003684149,1920.618556701031
1981-06-01,-1.692,3217.76,-1391.6030534351144
1981-07-01,-1.336,75.34644025520514,-1040.8450704225354
1981-08-01,-1.048,-91.82625950835076,811.304347826087
1981-09-01,-0.741,-96.32149460688252,-23.132780082987548
1981-10-01,-0.465,-98.53247340978756,-57.88043478260869
1981-11-01,-0.154,-99.9533729700368,-89.99350227420403
1981-12-01,-0.169,-99.72943352316848,-85.5924978687127
1982-01-01,-0.902,1315.8405243849286,-5.152471083070442
1982-02-01,-1.253,438149.4710914552,34.4420600858369
1982-03-01,-0.886,75441.928745871,25.67375886524823
1982-04-01,-1.05,83.62467752720848,-9.560723514211888
1982-05-01,-0.582,-95.34534330941422,-70.3061224489796
1982-06-01,-0.793,-35.82618444458614,-53.13238770685579
1982-07-01,-0.327,-99.05933753602666,-75.52395209580838
1982-08-01,-0.109,-99.87696914187642,-89.59923664122138
1982-09-01,-0.43,-91.3546799988504,-41.97031039136302
1982-10-01,0.068,-99.81299869375722,-114.6236559139785
1982-11-01,-0.031,-99.34575444065186,-79.87012987012987
1982-12-01,0.052,-99.97861350806906,-130.76923076923077
1983-01-01,0.176,4387.60910429712,-119.51219512195121
1983-02-01,0.132,32773.72739764447,-110.53471667996808
1983-03-01,-0.042,-57.44174748783304,-95.25959367945825
1983-04-01,-0.128,-72.0237688682467,-87.80952380952381
1983-05-01,0.01,-99.99670614653084,-101.71821305841924
1983-06-01,-0.198,49292.79466888797,-75.03152585119798
1983-07-01,-0.368,6732.0556640625,12.538226299694188
1983-08-01,-0.609,1375527061.61,458.7155963302752
1983-09-01,-0.428,2083.30452569754,-0.46511627906976605
1983-10-01,-0.083,-99.74122572839596,-222.05882352941177
1983-11-01,-0.37,-86.37496188874694,1093.5483870967741
1983-12-01,-0.211,-94.09316628419838,-505.7692307692308
1984-01-01,-0.098,94.35330634642555,-155.6818181818182
1984-02-01,0.344,-25.281718614355984,160.60606060606057
1984-03-01,-0.257,120.0911968654668,511.90476190476187
1984-04-01,-0.717,286431.46474722185,460.15625
1984-05-01,-2.381,229411.16176505745,-23909.999999999996
1984-06-01,-0.667,4437.02155264205,236.86868686868684
1984-07-01,-0.286,-97.46844416856646,-22.282608695652183
1984-08-01,-0.293,-99.9770684769796,-51.88834154351396
1984-09-01,-0.133,-99.84191042635445,-68.9252336448598
1984-10-01,-0.342,104.4750352388288,312.0481927710843
1984-11-01,-0.081,-99.41592368679252,-78.10810810810811
1984-12-01,0.253,1209.4096005614508,-219.90521327014218
1985-01-01,0.398,83.41204960215005,-506.12244897959187
1985-02-01,0.364,40681.71253973094,5.813953488372103
1985-03-01,0.141,-90.35295363252592,-154.86381322957197
1985-04-01,0.281,-75.15191114888474,-139.1910739191074
1985-05-01,-0.047,-99.9722037699646,-98.02603947921041
1985-06-01,0.383,5344.006627674697,-157.42128935532233
1985-07-01,0.24,-46.78676189138119,-183.91608391608392
1985-08-01,0.332,248877.95933791573,-213.31058020477815
1985-09-01,0.065,-99.91704198903268,-148.87218045112783
1985-10-01,0.187,-63.14287468050732,-154.6783625730994
1985-11-01,-0.292,-40.161724221132914,260.49382716049377
1985-12-01,0.245,20084.170722313644,-3.1620553359683834
1986-01-01,0.81,35102.51152685691,103.51758793969847
1986-02-01,0.622,1958.875724248204,70.87912087912089
1986-03-01,0.64,4556.456588874448,353.9007092198582
1986-04-01,0.514,-83.78516997473513,82.91814946619216
1986-05-01,0.587,-20.678509508293928,-1348.9361702127658
1986-06-01,0.648,5.094533691406222,69.19060052219321
1986-07-01,0.51,-3.0766919580527685,112.5
1986-08-01,0.334,-89.51825808250379,0.6024096385542244
1986-09-01,0.252,-97.7128105471727,287.6923076923077
1986-10-01,0.374,-71.07950617283952,100.0
1986-11-01,0.568,736.3873883635916,-294.52054794520546
1986-12-01,0.65,4326.406178892338,165.3061224489796
1987-01-01,0.716,1243.277314680291,-11.604938271604947
1987-02-01,0.92,588.2686155237039,47.909967845659175
1987-03-01,0.658,5.014712535835608,2.8124999999999956
1987-04-01,0.134,-99.87732188218074,-73.92996108949417
1987-05-01,0.321,-98.51792964562354,-45.315161839863705
1987-06-01,0.731,52.32315741960807,12.808641975308642
1987-07-01,0.381,6435.528445601115,-25.294117647058822
1987-08-01,0.537,683.2078165999302,60.778443113772454
1987-09-01,0.254,-98.5423093817776,0.7936507936507908
1987-10-01,0.596,498.804611494648,59.35828877005347
1987-11-01,0.709,203.86998046551312,24.823943661971825
1987-12-01,0.726,6574.390559903941,11.69230769230769
1988-01-01,0.542,-31.606928647250875,-24.301675977653623
1988-02-01,0.947,218.28412305592173,2.934782608695641
1988-03-01,0.671,-27.030125741933887,1.9756838905775176
1988-04-01,0.516,-17.851117423605945,285.07462686567163
1988-05-01,0.576,-86.31357513210489,79.43925233644858
1988-06-01,0.367,-91.05100683596912,-49.79480164158687
1988-07-01,-0.011,-99.99997934753311,-102.88713910761156
1988-08-01,0.382,-80.65523234214602,-28.864059590316582
1988-09-01,0.237,-82.60881691902934,-6.692913385826782
1988-10-01,0.535,559556970.04303,-10.234899328859049
1988-11-01,0.635,663.5569763846328,-10.43723554301833
1988-12-01,0.59,3740.737824979517,-18.732782369146005
1989-01-01,0.533,-1.4869629687078612,-1.6605166051660514
1989-02-01,0.718,63.45675609039352,-24.18162618796198
1989-03-01,0.44,-69.06838048317616,-34.42622950819673
1989-04-01,0.232,-96.4104244080831,-55.03875968992248
1989-05-01,0.52,-72.48841589666497,-9.72222222222221
1989-06-01,0.336,-65.99471620790929,-8.446866485013615
1989-07-01,0.395,740.30402336029,-3690.9090909090914
1989-08-01,0.258,-93.94010011466683,-32.460732984293195
1989-09-01,0.274,-55.77731150773566,15.61181434599157
1989-10-01,0.506,169.28594390753636,-5.420560747663561
1989-11-01,0.621,3256.5071515569334,-2.2047244094488216
1989-12-01,0.697,4087.249709485783,18.135593220338976
1990-01-01,0.629,138.78141112776763,18.011257035647276
1990-02-01,0.088,-99.959675936693,-87.74373259052925
1990-03-01,0.708,6.463788976297447,60.90909090909089
1990-04-01,0.647,11.94753647165767,178.8793103448276
1990-05-01,0.494,99206.36998091836,-5.000000000000004
1990-06-01,0.253,-98.3693939327273,-24.702380952380953
1990-07-01,0.392,-86.5250505264218,-0.75949367088608
1990-08-01,0.076,-99.94397955253667,-70.54263565891473
1990-09-01,0.296,87.36340033847031,8.02919708029195
1990-10-01,0.449,72.12386754970626,-11.264822134387353
1990-11-01,0.723,818928.1336595073,16.425120772946865
1990-12-01,1.362,44727.19724340153,95.40889526542327
1991-01-01,1.633,17396.830109439536,159.61844197138313
1991-02-01,1.587,2221.424255330671,1703.409090909091
1991-03-01,0.994,-71.6314520258042,40.39548022598871
1991-04-01,0.884,-91.41254802882284,36.63060278207109
1991-05-01,0.82,-92.8723280604528,65.99190283400809
1991-06-01,0.664,-80.08745455899862,162.4505928853755
1991-07-01,0.344,-97.7068909399066,-12.244897959183687
1991-08-01,0.621,-67.10643148849991,717.1052631578947
1991-09-01,0.591,-37.24077007039688,99.66216216216218
1991-10-01,0.808,2943.7688827164857,79.9554565701559
1991-11-01,0.786,156.63966721329356,8.713692946058105
1991-12-01,0.799,234.0697820437064,-41.33627019089574
1992-01-01,0.761,-21.3147762748083,-53.39865278628291
1992-02-01,0.971,132.90924923568022,-38.81537492123503
1992-03-01,0.937,89.13471366559713,-5.7344064386317894
1992-04-01,1.046,256.9341578726772,18.325791855203622
1992-05-01,0.849,-41.55412816893875,3.5365853658536617
1992-06-01,0.695,-69.73220005685636,4.668674698795172
1992-07-01,0.692,-80.84431707746933,101.16279069767442
1992-08-01,0.69,-56.37197011300243,11.111111111111093
1992-09-01,0.728,20.38885913784532,23.181049069373948
1992-10-01,0.92,212.4114420857844,13.861386138613852
1992-11-01,0.939,242.9777967131337,19.465648854961827
1992-12-01,1.032,303.82506524502446,29.16145181476846
1993-01-01,1.098,102.8887895291434,44.2838370565046
1993-02-01,1.048,55.1610684520756,7.929969104016488
1993-03-01,1.142,49.94970872103784,21.878335112059744
1993-04-01,1.03,-22.56460137623325,-1.5296367112810683
1993-05-01,0.878,-50.73563003471697,3.4157832744405203
1993-06-01,0.715,-84.63403811600939,2.877697841726623
1993-07-01,0.824,-59.04000000000001,19.075144508670515
1993-08-01,0.601,-78.04568837561398,-12.89855072463768
1993-09-01,0.659,-27.836516213835694,-9.478021978021967
1993-10-01,0.793,-14.22042256832119,-13.80434782608696
1993-11-01,1.031,766.0376504738364,9.797657082002132
1993-12-01,0.988,405.2264976736388,-4.263565891472876
1994-01-01,1.387,835.8647617306003,26.320582877959907
1994-02-01,1.079,19.96404956670532,2.958015267175562
1994-03-01,0.929,-21.830906139845307,-18.65148861646233
1994-04-01,1.018,-70.98081122202382,-1.1650485436893177
1994-05-01,0.67,-85.13333921848516,-23.69020501138952
1994-06-01,0.784,-49.27741311231853,9.650349650349654
1994-07-01,0.659,-82.4389472929935,-20.02427184466019
1994-08-01,0.541,-57.49012287653874,-9.983361064891838
1994-09-01,0.562,-73.59531374228459,-14.719271623672226
1994-10-01,0.418,-83.81310801346297,-47.28877679697352
1994-11-01,0.748,265.4410508141751,-27.449078564500486
1994-12-01,0.962,758.5291111456653,-2.631578947368418
1995-01-01,1.201,6715.016356553706,-13.410237923576062
1995-02-01,0.911,120.02251084268276,-15.56997219647821
1995-03-01,0.755,-62.06085683432252,-18.729817007534987
1995-04-01,0.647,-91.57742100185884,-36.444007858546165
1995-05-01,0.724,-60.10846418254605,8.059701492537297
1995-06-01,0.712,-20.908070962788628,-9.183673469387765
1995-07-01,0.736,67.45346351464912,11.684370257966602
1995-08-01,0.725,0.5536318959223241,34.01109057301292
1995-09-01,0.694,-9.7353074439814,23.487544483985733
1995-10-01,0.835,65.66647996830588,99.76076555023923
1995-11-01,0.742,9.71439050755778,-0.8021390374331583
1995-12-01,1.034,392.77001502529424,7.484407484407485
1996-01-01,1.43,760.1976424108079,19.06744379683596
1996-02-01,0.826,53.56935781228038,-9.33040614709112
1996-03-01,1.121,38.14663009756229,48.47682119205299
1996-04-01,1.036,-72.45169568747656,60.123647604327665
1996-05-01,0.784,-18.83962192757973,8.287292817679571
1996-06-01,0.729,-82.11505277814393,2.3876404494381998
1996-07-01,0.654,-84.11921479843161,-11.141304347826086
1996-08-01,0.627,-59.09221991368349,-13.517241379310342
1996-09-01,0.683,-22.949989639047686,-1.5850144092218854
1996-10-01,0.721,47.71685940495771,-13.652694610778438
1996-11-01,0.842,225.2207167948213,13.477088948787053
1996-12-01,1.264,1073.0201732851438,22.24371373307543
1997-01-01,1.183,624.7661801954267,-17.272727272727263
1997-02-01,0.993,93.44104425635268,20.217917675544793
1997-03-01,1.013,-58.74757478449422,-9.634255129348801
1997-04-01,0.754,-83.49762677954713,-27.220077220077222
1997-05-01,1.04,20.319595502592524,32.65306122448979
1997-06-01,0.977,-13.475226033887166,34.01920438957475
1997-07-01,0.829,46.12776393743889,26.758409785932713
1997-08-01,0.662,-83.58281846174636,5.582137161084533
1997-09-01,0.859,-40.24222751670218,25.76866764275254
1997-10-01,1.146,265.1912374323564,58.945908460471564
1997-11-01,1.516,2650.2036076060426,80.04750593824228
1997-12-01,1.363,533.8854277871907,7.832278481012667
1998-01-01,1.555,238.9870463666932,31.445477599323745
1998-02-01,1.477,-9.89992010919102,48.7411883182276
1998-03-01,1.31,-14.669997317714834,29.318854886475833
1998-04-01,1.319,-48.23245034604128,74.9336870026525
1998-05-01,1.138,-64.75909384321085,9.423076923076913
1998-06-01,1.368,18.921179193660983,40.020470829068586
1998-07-01,1.117,-48.567988450621634,34.74065138721352
1998-08-01,1.262,51.24059295647052,90.6344410876133
1998-09-01,1.447,25.17849763464321,68.45168800931316
1998-10-01,1.402,148.1871900631371,22.33856893542758
1998-11-01,1.528,114.90968981034948,0.79155672823219
1998-12-01,1.396,-13.370152741603746,2.421129860601612
1999-01-01,1.284,-29.649361989497255,-17.42765273311897
1999-02-01,1.078,-75.22682751641202,-27.014218009478675
1999-03-01,1.204,-44.6695407998247,-8.091603053435126
1999-04-01,0.989,-64.8014258219126,-25.018953752843064
1999-05-01,1.094,6.07040927428697,-3.866432337434078
1999-06-01,1.153,-15.897039912976506,-15.71637426900585
1999-07-01,0.655,-80.76110902319058,-41.360787824529986
1999-08-01,0.818,-68.74324226040254,-35.182250396196515
1999-09-01,0.876,-66.68044477375692,-39.46095369730477
1999-10-01,0.867,206.98078331695035,-38.15977175463623
1999-11-01,1.093,218.76265329077523,-28.46858638743456
1999-12-01,0.975,53.46241846953208,-30.15759312320917
2000-01-01,1.64,1180.2624335875132,27.725856697819307
2000-02-01,1.005,-28.520155471446085,-6.771799628942499
2000-03-01,1.029,24.063216394944156,-14.534883720930235
2000-04-01,0.863,-92.3322527188113,-12.740141557128414
2000-05-01,0.609,-86.51642908798969,-44.332723948811704
2000-06-01,0.636,-85.40624794019112,-44.839549002601906
2000-07-01,0.573,-80.56541349059646,-12.519083969465662
2000-08-01,0.475,-62.9911774585274,-41.93154034229829
2000-09-01,0.669,22.42666199825152,-23.630136986301366
2000-10-01,0.73,163.43468321030338,-15.801614763552486
2000-11-01,0.92,1307.26818977755,-15.82799634034766
2000-12-01,1.116,674.3767538504676,14.461538461538481
2001-01-01,1.191,608.5256961376589,-27.378048780487795
2001-02-01,1.294,291.3684352922731,28.756218905472664
2001-03-01,1.193,30.588518906558583,15.937803692905739
2001-04-01,1.207,5.482893511345699,39.860950173812306
2001-05-01,0.806,-84.94769319135462,32.3481116584565
2001-06-01,1.02,-46.56338833693668,60.377358490566046
2001-07-01,1.119,-26.126059424957504,95.28795811518327
2001-08-01,1.02,156.48414275320195,114.73684210526316
2001-09-01,15.63,5513499.609753835,2236.322869955157
2001-10-01,1.2,32.252727698444026,64.3835616438356
2001-11-01,1.355,211.42716607985847,47.28260869565217
2001-12-01,1.576,-99.98966313271184,41.21863799283154
2002-01-01,1.356,63.04736100000006,13.85390428211588
2002-02-01,1.343,-3.4956544607533724,3.7867078825347678
2002-03-01,1.324,-50.18879043815493,10.980720871751881
2002-04-01,1.134,-51.08822088662941,-6.0480530240265225
2002-05-01,1.147,-46.7953462826085,42.30769230769229
2002-06-01,1.096,-53.04408841732074,7.4509803921568585
2002-07-01,1.186,19.64279162932716,5.987488829311882
2002-08-01,1.274,52.20329007773579,24.901960784313726
2002-09-01,1.255,71.92248768071838,-91.97056941778631
2002-10-01,1.39,88.67764412609513,15.833333333333321
2002-11-01,1.366,32.16762482240871,0.811808118081192
2002-12-01,1.928,456.99746035272335,22.33502538071066
2003-01-01,1.681,113.90042759406629,23.96755162241888
2003-02-01,1.939,305.9835519877966,44.37825763216681
2003-03-01,1.607,-51.73465789861058,21.374622356495454
2003-04-01,1.51,-34.891613123191355,33.156966490299844
2003-05-01,1.562,-57.88731984725258,36.181342632955534
2003-06-01,1.879,86.91476684778779,71.44160583941606
2003-07-01,1.804,103.72219351110664,52.107925801011824
2003-08-01,3.45,2279.864671872651,170.8006279434851
2003-09-01,1.327,-75.12422780288176,5.737051792828685
2003-10-01,1.36,-67.69948099330632,-2.1582733812949506
2003-11-01,1.415,-97.17024146074836,3.5871156661786197
2003-12-01,1.001,-67.62180618144724,-48.080912863070544
2004-01-01,0.782,-89.0687109375,-53.48007138607971
2004-02-01,1.15,-56.371970113002455,-40.69107787519341
2004-03-01,1.756,847.025637835382,9.27193528313628
2004-04-01,1.719,2234.944136342565,13.841059602649008
2004-05-01,1.572,249.15543394175995,0.6402048655569814
2004-06-01,1.751,-1.134096846456556,-6.812134113890378
2004-07-01,1.476,-45.64469672856223,-18.181818181818187
2004-08-01,1.33,-48.76150121438707,-61.449275362318836
2004-09-01,1.319,-67.80157727310117,-0.6028636021100264
2004-10-01,1.577,30.31107975857508,15.955882352941163
2004-11-01,1.602,110.49582340898472,13.215547703180208
2004-12-01,1.845,282.8302965415148,84.31568431568432
2005-01-01,1.677,27.88083905375711,114.45012787723785
2005-02-01,1.447,-33.438350257483584,25.826086956521756
2005-03-01,1.732,-22.3384473843582,-1.3667425968109326
2005-04-01,1.532,-30.352936404973573,-10.878417684700414
2005-05-01,1.387,-15.58264902704396,-11.76844783715013
2005-06-01,1.49,-45.2286402378543,-14.905768132495712
2005-07-01,1.378,-34.54213906645008,-6.639566395663965
2005-08-01,1.261,-31.67895475693705,-5.187969924812041
2005-09-01,1.668,57.05042339483566,26.459438968915848
2005-10-01,1.628,94.8142549599588,3.2339885859226314
2005-11-01,1.655,196.7096328412049,3.3083645443195975
2005-12-01,1.731,15.985603427210004,-6.178861788617884
2006-01-01,1.466,-34.24659021740466,-12.581991651759095
2006-02-01,1.499,-32.700081399088965,3.5936420179682127
2006-03-01,1.338,-64.3026331616491,-22.748267898383368
2006-04-01,1.577,33.90318034443482,2.937336814621405
2006-05-01,1.623,37.42557029972604,17.015140591204037
2006-06-01,1.529,70.53184388722065,2.6174496644295164
2006-07-01,1.203,-66.1361964507241,-12.699564586357026
2006-08-01,1.151,-74.70543499251914,-8.723235527359229
2006-09-01,1.357,-37.95747719739069,-18.645083932853712
2006-10-01,1.464,119.33189835346572,-10.073710073710075
2006-11-01,1.529,211.40719822402093,-7.613293051359527
2006-12-01,1.672,130.47599670109798,-3.4084344309647685
2007-01-01,1.334,-31.06194734021248,-9.004092769440653
2007-02-01,1.423,-24.97782363991923,-5.070046697798536
2007-03-01,1.569,-22.456271004071915,17.264573991031384
2007-04-01,1.508,63.29844447382615,-4.37539632213062
2007-05-01,1.352,-18.513218244799532,-16.697473813924823
2007-06-01,1.566,-0.7626275987290598,2.419882275997387
2007-07-01,1.372,-31.48099001065337,14.048212801330017
2007-08-01,3.871,6620.257571581516,236.3162467419635
2007-09-01,0.166,-99.98737401348144,-87.76713338246131
2007-10-01,1.218,-37.88840130821518,-16.803278688524593
2007-11-01,1.328,-98.6148410424844,-13.145846958796593
2007-12-01,-2.032,2245138.4051597607,-221.5311004784689
2008-01-01,0.505,-97.04487157541494,-62.14392803598201
2008-02-01,1.457,44.892500357987686,2.3893183415319763
2008-03-01,-16.395,423690.1609586583,-1144.9330783938815
2008-04-01,-33.672,1976560520.159432,-2332.89124668435
2008-05-01,-26.523,10981165.05075106,-2061.7603550295858
2008-06-01,-18.983,79.72715800074445,-1312.1966794380587
2008-07-01,-13.644,-97.3041781315316,-1094.460641399417
2008-08-01,-16.202,-86.07536146824476,-518.548178765177
2008-09-01,-80.774,32681.360159579857,-48759.03614457831
2008-10-01,-136.345,997117.8004511584,-11294.170771756979
2008-11-01,253.227,5967030.39514101,18968.298192771083
2008-12-01,552.131,218214.2914848789,-27271.801181102357
2009-01-01,636.902,47513.881372470096,126019.20792079209
2009-02-01,498.408,1400.721065919932,34107.82429649965
2009-03-01,588.049,28.672439861467147,-3686.758157974992
2009-04-01,709.381,53.89615100101097,-2206.7385364694705
2009-05-01,720.68,337.149374227234,-2817.188854956076
2009-06-01,627.567,29.713844460804097,-3405.9421587736397
2009-07-01,620.468,-41.47258488786846,-4647.552037525652
2009-08-01,659.266,-29.97182067920288,-4169.0408591531905
2009-09-01,750.344,104.36252607565618,-1028.9424814915692
2009-10-01,885.242,314.35300260292934,-749.2661997139609
2009-11-01,969.791,368.2414790279468,282.9729847133205
2009-12-01,987.804,200.3595640560348,78.90754186959255
2010-01-01,958.834,37.6339771337326,50.5465519028045
2010-02-01,1075.175,51.078976093343066,115.72185839713644
2010-03-01,1036.669,21.30461546303461,76.28956090393831
2010-04-01,971.369,5.332709358219234,36.93191669920679
2010-05-01,969.577,-33.86785815309202,34.53641005716823
2010-06-01,965.242,-24.84041107719913,53.80700387368997
2010-07-01,955.799,-6.259054505919437,54.04485001643921
2010-08-01,959.475,-4.102908800709059,45.53685462317185
2010-09-01,928.311,-14.44820162975008,23.71805465226615
2010-10-01,925.018,-12.2727636813295,4.493234618330355
2010-11-01,924.876,-13.66251640606948,-4.631410272935099
2010-12-01,961.15,14.918697373029024,-2.6983085713360166
2011-01-01,1004.219,38.90343988985363,4.733353218596759
2011-02-01,1168.068,154.41251172997764,8.639802822796284
2011-03-01,1342.265,280.35434581716873,29.47864747571307
2011-04-01,1434.105,315.92024831943905,47.63750953551123
2011-05-01,1497.343,170.03041339700547,54.432603083612754
2011-06-01,1575.482,89.80197137554447,63.22145120083875
2011-07-01,1605.722,57.1656492110933,67.99787403000003
2011-08-01,1571.51,21.33424975694791,63.78853018577868
2011-09-01,1539.403,-8.850239564564754,65.82837001823742
2011-10-01,1533.927,-16.720648062886045,65.82671904762934
2011-11-01,1487.428,-19.74442425556609,60.82458621480071
2011-12-01,1492.68,-11.598926044346348,55.30146179056339
2012-01-01,1510.837,-5.8865529268476,50.448955855246716
2012-02-01,1552.187,18.58570962967385,32.884986148066716
2012-03-01,1502.263,2.5928343238492246,11.920000894011217
2012-04-01,1479.312,-8.088749982418896,3.1522796447958745
2012-05-01,1451.274,-23.577455734157603,-3.0767165572617716
2012-06-01,1452.261,-12.663694782089262,-7.821162031683004
2012-07-01,1478.791,-0.1408018937312904,-7.9049175386524
2012-08-01,1474.479,6.5507980862481885,-6.174380054851703
2012-09-01,1407.475,-11.776545449883823,-8.570075542271915
2012-10-01,1416.809,-15.74066392479807,-7.635174294474245
2012-11-01,1434.252,-10.474348461178328,-3.575030186335082
2012-12-01,1457.956,15.137000690472323,-2.326285607095968
2013-01-01,1518.894,32.088387457952926,0.5332805590543499
2013-02-01,1616.323,61.29123043628353,4.13197636624969
2013-03-01,1697.76,83.87704624972268,13.013500299215263
2013-04-01,1768.434,83.75770498380079,19.54435575456699
2013-05-01,1862.936,76.47334971820034,28.3655601905636
