DATE,PAYEMS,3m growth rate,12m growth rate
1939-01-01,29923,,
1939-02-01,30100,,
1939-03-01,30280,,
1939-04-01,30094,2.3055362717591565,
1939-05-01,30299,2.670859591683339,
1939-06-01,30502,2.9650378900722085,
1939-07-01,30419,4.390280594977702,
1939-08-01,30663,4.892730678165846,
1939-09-01,31031,7.119816068918405,
1939-10-01,31411,13.696558655630952,
1939-11-01,31470,10.950279245364246,
1939-12-01,31542,6.751460229135731,
1940-01-01,31603,2.4675124894930622,5.614410319820884
1940-02-01,31715,3.150631538737758,5.365448504983394
1940-03-01,31825,3.637455027363501,5.102377807133429
1940-04-01,31701,1.246170121831902,5.339934870738361
1940-05-01,31879,2.084521147156537,5.214693554242711
1940-06-01,31977,1.9241781829892668,4.835748475509805
1940-07-01,31942,3.0757664503656024,5.006739209046973
1940-08-01,32352,6.068341143640921,5.508267292828495
1940-09-01,32810,10.834267102768605,5.732976700718639
1940-10-01,33267,17.653846798466088,5.908758078380183
1940-11-01,33669,17.30494896621664,6.987607244995231
1940-12-01,34174,17.69508823833863,8.344429649356421
1941-01-01,34481,15.415691328208482,9.10673037369869
1941-02-01,34843,14.69415685374129,9.862840927006156
1941-03-01,35092,11.185773663158404,10.265514532600161
1941-04-01,35468,11.95084838649918,11.882905902022012
1941-05-01,36182,16.28082743945496,13.497913987264344
1941-06-01,36650,18.977114828808684,14.613628545517088
1941-07-01,37137,20.193358735263843,16.2638532339866
1941-08-01,37544,15.928946071013762,16.048466864490596
1941-09-01,37835,13.574030255124004,15.315452605912828
1941-10-01,37949,9.037045259065325,14.074007274476209
1941-11-01,38024,5.212911879206272,12.934747096735876
1941-12-01,38104,2.8744013103051413,11.49997073798794
1942-01-01,38347,4.26156246216145,11.21197181056235
1942-02-01,38512,5.233275034954787,10.530092127543544
1942-03-01,38935,9.013037820659896,10.951213951897865
1942-04-01,39352,10.902583780731124,10.950716138491035
1942-05-01,39771,13.7317580028143,9.919296887955342
1942-06-01,40029,11.721883001601777,9.219645293315137
1942-07-01,40472,11.879734580758328,8.980262272127536
1942-08-01,40988,12.813446193032728,9.173236735563606
1942-09-01,41259,12.86929902413705,9.049821593762397
1942-10-01,41515,10.71373530926918,9.396822050646914
1942-11-01,41674,6.864593828543364,9.59920050494425
1942-12-01,41915,6.513116282104359,10.001574637833288
1943-01-01,42172,6.48210362944508,9.974704670508782
1943-02-01,42393,7.081847340690017,10.077378479434973
1943-03-01,42552,6.218955692010297,9.289842044433039
1943-04-01,42647,4.582050657995507,8.373144948160194
1943-05-01,42596,1.9292125270730096,7.103165623192775
1943-06-01,42781,2.170100002533615,6.875015613680091
1943-07-01,42700,0.4980315738793095,5.505040521842264
1943-08-01,42546,-0.4687015911072012,3.8011125207377816
1943-09-01,42492,-2.6748764942897685,2.9884388860612177
1943-10-01,42675,-0.2339864455728757,2.794170781645189
1943-11-01,42821,2.610611943452445,2.752315592455723
1943-12-01,42746,2.4125628673216992,1.9825838005487206
1944-01-01,42654,-0.1966913106584256,1.1429384425685196
1944-02-01,42538,-2.617471421932726,0.3420376005472514
1944-03-01,42294,-4.163020380132865,-0.606316976875354
1944-04-01,42063,-5.428142826745286,-1.36938119914648
1944-05-01,41985,-5.099530192125878,-1.4344069865715126
1944-06-01,41947,-3.2416218036164013,-1.9494635469016641
1944-07-01,41904,-1.5034660315759618,-1.8641686182669814
1944-08-01,41850,-1.2799835107136004,-1.6358764631222655
1944-09-01,41679,-2.531218330197682,-1.9133013273086696
1944-10-01,41708,-1.857857386653872,-2.265963678968952
1944-11-01,41711,-1.321950042142661,-2.592186076924874
1944-12-01,41860,1.7484341199912157,-2.0727085575258486
1945-01-01,41895,1.8055183634540617,-1.7794345196230132
1945-02-01,41897,1.795668624284108,-1.5068879590013684
1945-03-01,41798,-0.5911360831114543,-1.1727431787014742
1945-04-01,41446,-4.218482902339438,-1.4668473480255795
1945-05-01,41304,-5.542436039858723,-1.622007859949981
1945-06-01,41149,-6.067661305284888,-1.902400648437319
1945-07-01,40874,-5.407202019789381,-2.4579992363497505
1945-08-01,40466,-7.871784173605578,-3.3070489844683415
1945-09-01,38507,-23.31302658467418,-7.610547278005708
1945-10-01,38600,-20.46456580328895,-7.451807806655797
1945-11-01,38996,-13.757936729242124,-6.509074344897026
1945-12-01,39110,6.41246999732652,-6.569517439082661
1946-01-01,39829,13.357012484412634,-4.931376059195614
1946-02-01,39244,2.568220611099004,-6.33219562259828
1946-03-01,40195,11.56728591793308,-3.835111727833873
1946-04-01,40913,11.339096630856726,-1.286010712734642
1946-05-01,41349,23.24433770244734,0.10894828588030592
1946-06-01,41735,16.228742563664333,1.4240929305693983
1946-07-01,42153,12.6856594188949,3.12912854137104
1946-08-01,42642,13.107191764033011,5.377353827904918
1946-09-01,42915,11.798196092152825,11.44726932765472
1946-10-01,43093,9.222713910412406,11.639896373057002
1946-11-01,43395,7.25276754404478,11.28064416863268
1946-12-01,43379,4.39547561083502,10.91536691383277
1947-01-01,43535,4.166309469058604,9.304777925632068
1947-02-01,43557,1.501642262991587,10.990215064723262
1947-03-01,43607,2.1190332530307776,8.488617987311864
1947-04-01,43499,-0.3303582945653804,6.320729352528542
1947-05-01,43638,0.7459303952068064,5.535804977145764
1947-06-01,43810,1.875129383660834,4.971846172277461
1947-07-01,43743,2.2626791496072496,3.7719735250160147
1947-08-01,43960,2.9843857963562925,3.0908493973078155
1947-09-01,44203,3.636793772606484,3.0012816031690592
1947-10-01,44411,6.249758194465982,3.0585013807346906
1947-11-01,44484,4.853901155735141,2.5095057034220547
1947-12-01,44581,3.4647094240674026,2.7709260241130407
1948-01-01,44679,2.435753841217525,2.627770759159298
1948-02-01,44533,0.4413364010825926,2.240742016208652
1948-03-01,44683,0.9183337627972632,2.46749375100328
1948-04-01,44379,-2.6588952228630003,2.0230350122991236
1948-05-01,44796,2.383302252023056,2.653650488106707
1948-06-01,45034,3.17935264961835,2.7938826751883195
1948-07-01,45160,7.22737767620425,3.2393754429280053
1948-08-01,45178,3.4548988516067918,2.770700636942669
1948-09-01,45294,2.3294427411662437,2.468158269800691
1948-10-01,45245,0.7550069206289534,1.8779131296300378
1948-11-01,45192,0.124011766228671,1.5915834906932824
1948-12-01,45032,-2.293773767108398,1.0116417307821646
1949-01-01,44668,-5.004362916424565,-0.024620067593272843
1949-02-01,44497,-6.0110755269337846,-0.08083892843508966
1949-03-01,44240,-6.851571879023299,-0.9914285074860696
1949-04-01,44236,-3.8127811645715326,-0.3222244755402337
1949-05-01,43984,-4.5324091557732205,-1.8126618448075726
1949-06-01,43739,-4.453468696291152,-2.8756050983701154
1949-07-01,43531,-6.22411353893777,-3.6071744906997383
1949-08-01,43624,-3.233942145762325,-3.439727300898665
1949-09-01,43780,0.3754789530124647,-3.3426060846911243
1949-10-01,42942,-5.3033763847226245,-5.090065200574645
1949-11-01,43242,-3.456919751207088,-4.314922995220394
1949-12-01,43522,-2.336485302569513,-3.353171078344286
1950-01-01,43526,5.551876962012448,-2.5566401002955152
1950-02-01,43297,0.5097361057245564,-2.6968110209677043
1950-03-01,43954,4.029913387254669,-0.6464737793851705
1950-04-01,44382,8.101680525995159,0.3300479247671628
1950-05-01,44718,13.788471577922667,1.6687886504183291
1950-06-01,45083,10.677060634623082,3.0727725828208152
1950-07-01,45454,10.017292816596823,4.41754152213365
1950-08-01,46192,13.85119140666049,5.886667889235286
1950-09-01,46438,12.575218041992551,6.071265417999094
1950-10-01,46706,11.481362905376734,8.765311350193294
1950-11-01,46776,5.153869133837796,8.172609962536415
1950-12-01,46861,3.693654219622,7.671981986121956
1951-01-01,47288,5.078311476876918,8.643109865367826
1951-02-01,47577,7.0276259121967,9.885211446520547
1951-03-01,47873,8.922190491568415,8.916139600491423
1951-04-01,47861,4.93570592090582,7.838763462665055
1951-05-01,47952,3.190255335654202,7.231987119280836
1951-06-01,48064,1.6054652846798412,6.6122485193975455
1951-07-01,48061,1.682013550680428,5.7354688256259
1951-08-01,48012,0.5014406621603129,3.9400762036716275
1951-09-01,47954,-0.9123082083823952,3.2645678108445653
1951-10-01,48006,-0.4569664446313126,2.783368303858169
1951-11-01,48147,1.1294714403933703,2.93099025141097
1951-12-01,48314,3.0368620921681577,3.1006593969398866
1952-01-01,48296,2.4383485011503447,2.1316190153950254
1952-02-01,48522,3.152046084019622,1.986253862160292
1952-03-01,48504,1.5823466031388955,1.3180707288033
1952-04-01,48620,2.7105764497618257,1.5858423350953776
1952-05-01,48642,0.9929177964681069,1.4389389389389384
1952-06-01,48282,-1.8182461116720616,0.45356191744341245
1952-07-01,48143,-3.8669369643528175,0.1706165081875044
1952-08-01,48924,2.3392279680776618,1.8995251187203133
1952-09-01,49320,8.880790391233951,2.8485632064061406
1952-10-01,49597,12.639064088754438,3.314169062200567
1952-11-01,49816,7.494830900836003,3.466467277296603
1952-12-01,50166,7.039882470947534,3.8332574409073894
1953-01-01,50144,4.485077123302017,3.826403842968351
1953-02-01,50339,4.266050876815464,3.7446931288899865
1953-03-01,50473,2.470435185267261,4.059459013689604
1953-04-01,50435,2.341599785642523,3.7330316742081537
1953-05-01,50490,1.2052745046311486,3.7991858887381325
1953-06-01,50519,0.3650500134620982,4.63319663642765
1953-07-01,50536,0.8034404342018187,4.970608395820775
1953-08-01,50489,-0.007922125502402,3.1988390156160618
1953-09-01,50368,-1.1902400705421812,2.124898621248983
1953-10-01,50240,-2.322380389633916,1.2964493820190715
1953-11-01,49908,-4.524137667671324,0.18467962100530144
1953-12-01,49703,-5.177459629131076,-0.9229358529681431
1954-01-01,49469,-5.998669125941591,-1.3461231652839856
1954-02-01,49382,-4.149576763883244,-1.901110471006573
1954-03-01,49157,-4.322224302789279,-2.607334614546386
1954-04-01,49179,-2.3243636999466744,-2.490334093387525
1954-05-01,48965,-3.335204871892694,-3.0204000792236063
1954-06-01,48895,-2.1149606141320443,-3.21463211860884
1954-07-01,48835,-2.768722067126106,-3.3659173658382113
1954-08-01,48826,-1.1306789534568429,-3.293786765434059
1954-09-01,48886,-0.0736068341405604,-2.9423443456162657
1954-10-01,48942,0.8793052337276785,-2.5835987261146443
1954-11-01,49180,2.9317864836706287,-1.4586839785204808
1954-12-01,49331,3.691143339348546,-0.7484457678610945
1955-01-01,49496,4.605269157509073,0.054579635731477616
1955-02-01,49644,3.827637021141439,0.5305576930865419
1955-03-01,49962,5.21546605127774,1.6376101063938053
1955-04-01,50248,6.2171659487845865,2.173692023017959
1955-05-01,50512,7.179367652173019,3.1593995711222345
1955-06-01,50790,6.795656830035268,3.875651907147981
1955-07-01,50987,6.013876769319992,4.40667554008396
1955-08-01,51111,4.828471714186766,4.679883668537266
1955-09-01,51266,3.80179925101074,4.868469500470485
1955-10-01,51429,3.5129013518675256,5.081525070491599
1955-11-01,51592,3.817829094094738,4.904432696217964
1955-12-01,51805,4.272306303837548,5.015102065638244
1956-01-01,51975,4.314738233179738,5.008485534184581
1956-02-01,52167,4.533139279904219,5.082185158327279
1956-03-01,52294,3.829494121055177,4.667547335975342
1956-04-01,52375,3.1141228791820463,4.233004298678544
1956-05-01,52506,2.6247915760541973,3.9475768134304756
1956-06-01,52586,2.252302962189545,3.536129159283319
1956-07-01,51955,-3.169259575546679,1.8985231529605517
1956-08-01,52631,0.9556781048515316,2.9739195085206616
1956-09-01,52604,0.1369888876336267,2.6099169039909498
1956-10-01,52777,6.480333674099192,2.6210892687005494
1956-11-01,52821,1.4518541521590267,2.382152271670024
1956-12-01,52929,2.494291805507776,2.169674741820282
1957-01-01,52887,0.8363065570274886,1.7546897546897533
1957-02-01,53097,2.1065165438785893,1.7827362125481638
1957-03-01,53156,1.726573364384465,1.6483726622557038
1957-04-01,53238,2.681261988420691,1.647732696897375
1957-05-01,53150,0.3998674696160664,1.2265264922104224
1957-06-01,53067,-0.6680467157739067,0.9146921233788463
1957-07-01,53123,-0.8612488607962709,2.24809931671639
1957-08-01,53128,-0.1654663730163097,0.9443103874142711
1957-09-01,52934,-0.9987437382813712,0.6273287202494204
1957-10-01,52763,-2.6832601528550937,-0.02652670670936219
1957-11-01,52558,-4.222950655911994,-0.4979080290036131
1957-12-01,52384,-4.091791495086305,-1.0296812711368064
1958-01-01,52076,-5.107355361898103,-1.5334581277062442
1958-02-01,51576,-7.266787183553403,-2.8645686196960285
1958-03-01,51299,-8.031105513594571,-3.493490857099857
1958-04-01,51027,-7.817247818512129,-4.153048574326612
1958-05-01,50914,-5.036165146557858,-4.206961429915335
1958-06-01,50914,-2.9683814167680955,-4.057135319501759
1958-07-01,51039,0.0941010344859494,-3.9229712177399567
1958-08-01,51233,2.529839088563701,-3.566857400993828
1958-09-01,51506,4.732729272273728,-2.6976990214229057
1958-10-01,51485,3.541449723051904,-2.4221518867388103
1958-11-01,51944,5.6677380165037095,-1.1682331899996234
1958-12-01,52085,4.572954894188608,-0.570784972510685
1959-01-01,52478,7.940949118099527,0.7719486903756012
1959-02-01,52688,5.853517466486768,2.1560415697223556
1959-03-01,53014,7.32765016462138,3.3431450905475835
1959-04-01,53321,6.582043349876177,4.495659160836429
1959-05-01,53550,6.706542267718008,5.177357897631296
1959-06-01,53681,5.128409768662445,5.434654515457438
1959-07-01,53804,3.6728680438022687,5.417425890005689
1959-08-01,53336,-1.5889494907495472,4.104776218452955
1959-09-01,53428,-1.8719250344997884,3.731604084960982
1959-10-01,53358,-3.2747380104643176,3.6379528017869367
1959-11-01,53634,2.253688340302329,3.2535037732943195
1959-12-01,54174,5.703153592385024,4.01075165594702
1960-01-01,54274,7.045681261094927,3.422386523876675
1960-02-01,54513,6.718467920088278,3.4637868205283917
1960-03-01,54454,2.083495939284808,2.7162636284755015
1960-04-01,54813,4.032004851533166,2.798147071510293
1960-05-01,54475,-0.2785411540023208,1.7273576097105448
1960-06-01,54348,-0.7763682559274732,1.242525288277041
1960-07-01,54306,-3.6488346368583446,0.9330161326295494
1960-08-01,54272,-1.4822807026580564,1.7549122543872864
1960-09-01,54227,-0.8875874669545092,1.4954705397918655
1960-10-01,54142,-1.2025086966771736,1.4693204392968173
1960-11-01,53961,-2.2725307231727943,0.6096878845508469
1960-12-01,53742,-3.529843319715442,-0.7974305017166894
1961-01-01,53683,-3.3482030068659463,-1.088919187824744
1961-02-01,53557,-2.961290922623028,-1.753710124190555
1961-03-01,53659,-0.6163367058589997,-1.4599478458882764
1961-04-01,53627,-0.4166118541598318,-2.16372028533377
1961-05-01,53786,1.721328190731053,-1.2648003671408947
1961-06-01,53977,2.391681068397933,-0.6826378155589952
1961-07-01,54123,3.751273339075123,-0.3369793392995257
1961-08-01,54298,3.862397318577648,0.047906839622635644
1961-09-01,54388,3.0807056626488194,0.2969000682316869
1961-10-01,54522,2.981608002007996,0.7018580769088789
1961-11-01,54742,3.311176803232807,1.4473415985619242
1961-12-01,54872,3.607406812860381,2.102638532246659
1962-01-01,54891,2.7347710560481358,2.250246819291024
1962-02-01,55188,3.298967630182825,3.0453535485557515
1962-03-01,55275,2.9702685981504606,3.011610354274219
1962-04-01,55602,5.282716589560699,3.6828463274096945
1962-05-01,55628,3.227441021223232,3.42468300301193
1962-06-01,55644,2.697143220363296,3.088352446412368
1962-07-01,55746,1.0399652588509278,2.9987251261016645
1962-08-01,55838,1.518603184925027,2.8362002283693677
1962-09-01,55978,2.422681880200095,2.9234389938957106
1962-10-01,56041,2.133605423704843,2.7860313268038617
1962-11-01,56056,1.570829783009775,2.400350736180634
1962-12-01,56028,0.3577621958868571,2.1067210963697347
1963-01-01,56115,0.5292318147838149,2.2298737497950416
1963-02-01,56230,1.2474085338410212,1.888091614119003
1963-03-01,56320,2.1010256108227487,1.8905472636815857
1963-04-01,56580,3.356050025748836,1.7589295349088152
1963-05-01,56616,2.7742689724156837,1.7760839864816358
1963-06-01,56659,2.429496105686124,1.8240960391057381
1963-07-01,56794,1.5215070214607884,1.8799555125031286
1963-08-01,56910,2.0933870117223474,1.9198395357999942
1963-09-01,57078,2.9910219968970475,1.9650577012397807
1963-10-01,57283,3.4887615694613183,2.2162345425670527
1963-11-01,57255,2.447020828488733,2.138932496075352
1963-12-01,57361,1.998049621453868,2.3791675590776107
1964-01-01,57487,1.4321340499034774,2.4449790608571664
1964-02-01,57753,3.524828305341954,2.7085185843855664
1964-03-01,57897,3.790448218773612,2.8000710227272796
1964-04-01,57922,3.0612999471688385,2.3718628490632776
1964-05-01,58089,2.347539353384609,2.6017380245866972
1964-06-01,58219,2.243268058336878,2.753313683616021
1964-07-01,58412,3.427043168785038,2.8488924886431732
1964-08-01,58619,3.699824378722205,3.002987172728866
1964-09-01,58903,4.782967079112055,3.197379025193592
1964-10-01,58793,2.634690956346364,2.6360351238587265
1964-11-01,59218,4.150490833531539,3.4285215265042357
1964-12-01,59421,3.564322217699245,3.591290249472645
1965-01-01,59582,5.4770132538122684,3.6443021900603556
1965-02-01,59800,3.9895726255321895,3.544404619673447
1965-03-01,60003,3.975743140546606,3.6374941706824204
1965-04-01,60259,4.623049000389523,4.0347363696005
1965-05-01,60491,4.7028058768216585,4.135034171702046
1965-06-01,60690,4.6590267237238026,4.2443188649753605
1965-07-01,60965,4.769442147178471,4.370677258097655
1965-08-01,61228,4.963242385073796,4.450775345877611
1965-09-01,61490,5.377871522261324,4.391966453321561
1965-10-01,61719,5.039636623724375,4.976782950351222
1965-11-01,61996,5.11250454616301,4.691141207065419
1965-12-01,62322,5.523103558984399,4.8821123845105285
1966-01-01,62529,5.353849728703519,4.946124668524043
1966-02-01,62796,5.262394422296768,5.010033444816053
1966-03-01,63192,5.701919811172851,5.3147342632868355
1966-04-01,63437,5.936254354930814,5.273900994042391
1966-05-01,63712,5.963679461209859,5.324759055066042
1966-06-01,64111,5.945325811371749,5.636842972483103
1966-07-01,64301,5.56023830356096,5.471992126630032
1966-08-01,64507,5.08541068990529,5.355392957470428
1966-09-01,64643,3.360787377691365,5.1276630346397845
1966-10-01,64854,3.484703731323324,5.079473095805187
1966-11-01,65019,3.2128484008405067,4.876121040067094
1966-12-01,65199,3.4850766597193106,4.61634735727352
1967-01-01,65407,3.454610729224372,4.6026643637352205
1967-02-01,65429,2.5462983189721733,4.192942225619456
1967-03-01,65530,2.0462225229419984,3.699835422205333
1967-04-01,65466,0.3613061533053852,3.198448854769298
1967-05-01,65620,1.17280091798746,2.9947262682069375
1967-06-01,65750,1.3496741720259386,2.556503564130952
1967-07-01,65888,2.603476252451342,2.46807981213355
1967-08-01,66143,3.226369134623241,2.5361588664795987
1967-09-01,66164,2.542519328101656,2.352922976965788
1967-10-01,66225,2.0616459964641454,2.1139790914978196
1967-11-01,66703,3.4298540459577698,2.5900121502945295
1967-12-01,66900,4.524346068799456,2.6089357198729957
1968-01-01,66804,3.543299855742421,2.135857018361942
1968-02-01,67215,3.105858814124196,2.7296764431673948
1968-03-01,67295,2.3827330874356623,2.693422859758887
1968-04-01,67556,4.579326035663356,3.192496868603545
1968-05-01,67652,2.6260819849597272,3.096616885096015
1968-06-01,67905,3.675424999640442,3.2775665399239484
1968-07-01,68126,3.417932850979133,3.396673142302098
1968-08-01,68330,4.069417112003149,3.306472340232536
1968-09-01,68484,3.4545176507619013,3.506438546641677
1968-10-01,68721,3.5395615000721525,3.7689694224235515
1968-11-01,68984,3.8837957014902,3.4196362982174655
1968-12-01,69248,4.537585411982015,3.5097159940209233
1969-01-01,69439,4.2451717853570825,3.9443745883479986
1969-02-01,69699,4.210791918632273,3.6956036598973396
1969-03-01,69905,3.849407048234044,3.8784456497511055
1969-04-01,70072,3.6965295186419,3.724317603173666
1969-05-01,70328,3.658967715011663,3.955537160763911
1969-06-01,70636,4.2488880497367765,4.021795154995944
1969-07-01,70729,3.803505023510589,3.820861345154558
1969-08-01,71008,3.9240478076179697,3.9192155714912857
1969-09-01,70914,1.5835861871551948,3.5482740494130027
1969-10-01,71121,2.235410759309464,3.4923822412363137
1969-11-01,71086,0.4401116205112965,3.0470833816537146
1969-12-01,71241,1.8572849601357968,2.878061460258774
1970-01-01,71176,0.3096909920845991,2.5014761157274634
1970-02-01,71305,1.2380165708419932,2.304193747399541
1970-03-01,71451,1.1843200652055907,2.2115728488663278
1970-04-01,71348,0.970127422829492,1.8209841306085162
1970-05-01,71124,-1.0114970464968345,1.1318393811853067
1970-06-01,71029,-2.341610942435768,0.5563735205843967
1970-07-01,71053,-1.6436365373514006,0.4580864991728939
1970-08-01,70937,-1.0475439973094192,-0.09998873366381389
1970-09-01,70944,-0.4778191621218841,0.04230476351636536
1970-10-01,70521,-2.96147860515269,-0.8436326823301088
1970-11-01,70409,-2.944213394896644,-0.9523675547927879
1970-12-01,70792,-0.8542636412119609,-0.6302550497606751
1971-01-01,70865,1.9655151392174552,-0.43694503765314696
1971-02-01,70807,2.280318646877477,-0.6984082462660357
1971-03-01,70860,0.3847781666269201,-0.8271402779527204
1971-04-01,71036,0.9687148282730318,-0.43729326680496117
1971-05-01,71247,2.5088949188372345,0.17293740509531919
1971-06-01,71254,2.242722616380344,0.3167720226949555
1971-07-01,71315,1.5803142226884503,0.3687388287616278
1971-08-01,71373,0.7092769654936326,0.6146298828537899
1971-09-01,71614,2.0363065592548413,0.9444068561118568
1971-10-01,71642,1.846769785124436,1.58959742488054
1971-11-01,71847,2.683047147465878,2.04235254015821
1971-12-01,72109,2.7936207559924986,1.8603797039213443
1972-01-01,72441,4.536256053174714,2.223946941367383
1972-02-01,72648,4.5346082014722455,2.600025421215424
1972-03-01,72944,4.712953183167556,2.94101044312729
1972-04-01,73162,4.041002699034091,2.9928486964356127
1972-05-01,73469,4.597634704290465,3.118727806083066
1972-06-01,73758,4.538972844349964,3.514188677126895
1972-07-01,73709,3.024330392392516,3.3569375306737648
1972-08-01,74141,3.7091902072934113,3.878217253022842
1972-09-01,74264,2.7724764876333463,3.7003937777529528
1972-10-01,74674,5.340550805007371,4.232154322883219
1972-11-01,74973,4.564869372820524,4.350912355421932
1972-12-01,75268,5.518389768443921,4.380867852833914
1973-01-01,75617,5.147780913129529,4.384257533717095
1973-02-01,76014,5.670749841632006,4.633300297324072
1973-03-01,76284,5.509684638845425,4.578855012064054
1973-04-01,76455,4.507100169547562,4.5009704491402625
1973-05-01,76648,3.378199159097805,4.3269950591405815
1973-06-01,76887,3.199557065966929,4.242251687952492
1973-07-01,76913,2.417798185257647,4.346823318726334
1973-08-01,77168,2.741445033996137,4.082761225233011
1973-09-01,77276,2.039159358443832,4.0558009264246575
1973-10-01,77607,3.6584180251698175,3.9277392398960886
1973-11-01,77920,3.955338563627242,3.930748402758333
1973-12-01,78031,3.965717522122425,3.6708827124408705
1974-01-01,78100,2.5653233070231263,3.283653146779164
1974-02-01,78254,1.7256347722625742,2.946825584760693
1974-03-01,78296,1.3653701897921255,2.6375124534633754
1974-04-01,78382,1.4521435567792065,2.5204368582826486
1974-05-01,78549,1.5164583118964623,2.4801690846466995
1974-06-01,78604,1.5828250830005386,2.233147346105313
1974-07-01,78636,1.302530250054712,2.240193465343965
1974-08-01,78619,0.3569421775940995,1.8803130831432702
1974-09-01,78610,0.0305362934349462,1.7262798281484582
1974-10-01,78630,-0.0305168794270116,1.3181800610769567
1974-11-01,78265,-1.7889630769308609,0.44276180698152867
1974-12-01,77652,-4.786309596464234,-0.4857043995335153
1975-01-01,77293,-6.629958137255065,-1.033290653008967
1975-02-01,76918,-6.708607634074381,-1.7072609706852093
1975-03-01,76648,-5.072351003835152,-2.1048329416572975
1975-04-01,76460,-4.241679908993968,-2.4520935929167376
1975-05-01,76624,-1.5201574553223685,-2.4506995633298945
1975-06-01,76521,-0.6611246439708007,-2.6499923668006686
1975-07-01,76770,1.6316526315276692,-2.372958950099191
1975-08-01,77153,2.79026652746297,-1.8646891972678326
1975-09-01,77228,3.747252457253092,-1.758046050120854
1975-10-01,77540,4.07274851981414,-1.3862393488490388
1975-11-01,77685,2.7868150778489253,-0.7410719989778269
1975-12-01,78017,4.149654496227773,0.4700458455674017
1976-01-01,78503,5.061072034105529,1.5654716468503027
1976-02-01,78816,5.951932000018445,2.4675628591487087
1976-03-01,79048,5.3917364170164905,3.131197161047905
1976-04-01,79292,4.081244036243725,3.703897462725614
1976-05-01,79312,2.541117383739966,3.508039256629769
1976-06-01,79376,1.6701100441240735,3.7310019471779032
1976-07-01,79547,1.292603261943026,3.617298423863491
1976-08-01,79704,1.9917075903362005,3.306417119230609
1976-09-01,79892,2.6257477687471558,3.449526078624343
1976-10-01,79911,1.8429661858281765,3.0577766314160426
1976-11-01,80240,2.717209103768292,3.288923215549988
1976-12-01,80448,2.8129530430279326,3.1159875411769233
1977-01-01,80690,3.956727610145761,2.785880794364548
1977-02-01,80988,3.781278539165833,2.755785627283802
1977-03-01,81391,4.771830336647831,2.964021860135624
1977-04-01,81728,5.245763522715596,3.072188871512882
1977-05-01,82088,5.544595950513576,3.500100867460154
1977-06-01,82488,5.501238450026569,3.920580528119322
1977-07-01,82834,5.52395247782822,4.132148289690374
1977-08-01,83075,4.89691150716427,4.22939877546924
1977-09-01,83532,5.159478529884631,4.556150803584846
1977-10-01,83800,4.746987080773368,4.866664163882328
1977-11-01,84173,5.392528657245421,4.901545363908277
1977-12-01,84410,4.271130425453262,4.924920445505165
1978-01-01,84594,3.8441818793896183,4.8382699219234215
1978-02-01,84948,3.734067945085817,4.889613276040894
1978-03-01,85460,5.069327571846416,4.9993242496099155
1978-04-01,86162,7.622937453436784,5.425313234142526
1978-05-01,86509,7.555477771429264,5.385683656563689
1978-06-01,86950,7.158540881796749,5.409271651634184
1978-07-01,87204,4.925860559856643,5.2756114638916385
1978-08-01,87483,4.580208454176482,5.3060487511285
1978-09-01,87621,3.122747680987792,4.895130010056037
1978-10-01,87956,3.494258531816952,4.959427207637224
1978-11-01,88391,4.216748328050723,5.0111080750359305
1978-12-01,88671,4.8802233916785065,5.0479800971448885
1979-01-01,88808,3.9313278974667742,4.981440764120393
1979-02-01,89055,3.038859474233369,4.834722418420689
1979-03-01,89479,3.695058798656148,4.702784928621573
1979-04-01,89417,2.771340441542347,3.777767461293835
1979-05-01,89789,3.3378227584871745,3.791513021766524
1979-06-01,90108,2.8416211519258328,3.63197239792985
1979-07-01,90217,3.6270525449328295,3.45511673776433
1979-08-01,90300,2.295955263807969,3.220054181955345
1979-09-01,90327,0.9757166348491886,3.0883007498202497
1979-10-01,90481,1.1756589924410088,2.870753558597472
1979-11-01,90573,1.214797432480319,2.46857711757984
1979-12-01,90672,1.5365576459656085,2.256656629563225
1980-01-01,90800,1.417716290532267,2.2430411674623896
1980-02-01,90883,1.3761062061362406,2.0526640839930277
1980-03-01,90994,1.428089482494288,1.6931347019971232
1980-04-01,90849,0.2160338254123095,1.601485176196915
1980-05-01,90420,-2.0222655381126886,0.70275868981724
1980-06-01,90101,-3.8681238962093634,-0.007768455631018689
1980-07-01,89840,-4.369072495472237,-0.41788133056962495
1980-08-01,90099,-1.4124957713444577,-0.22259136212624542
1980-09-01,90213,0.4981476583986399,-0.12620811053173364
1980-10-01,90490,2.925593473800792,0.00994683966799581
1980-11-01,90747,2.908020240066977,0.19211023152594375
1980-12-01,90943,3.2762843196399998,0.29887947767779366
1981-01-01,91033,2.421956555253013,0.2566079295154289
1981-02-01,91105,1.58737615749156,0.2442701055202834
1981-03-01,91210,1.1795438154500015,0.2373782886783804
1981-04-01,91283,1.1030361872975236,0.4777157701240542
1981-05-01,91296,0.8412336624620709,0.9688122096881191
1981-06-01,91490,1.233601460498135,1.541603311838946
1981-07-01,91601,1.4007671701415036,1.9601513802315118
1981-08-01,91565,1.1838031617326106,1.6270990799009954
1981-09-01,91477,-0.0568246998266075,1.4011284404686686
1981-10-01,91380,-0.9615680890887824,0.9835340921648728
1981-11-01,91171,-1.7101042594971916,0.46723307657552393
1981-12-01,90895,-2.5207178734936164,-0.052780312943268015
1982-01-01,90565,-3.520076388180149,-0.5140992826777158
1982-02-01,90563,-2.6409496896481865,-0.5949179518138448
1982-03-01,90434,-2.013332760513886,-0.8507839052735444
1982-04-01,90150,-1.8203773859179373,-1.2411949651085052
1982-05-01,90107,-1.9989067979724773,-1.302357167893442
1982-06-01,89865,-2.493099362005091,-1.7761503989507044
1982-07-01,89521,-2.761830383760211,-2.270717568585501
1982-08-01,89363,-3.2620594320724616,-2.4048490143613876
1982-09-01,89183,-3.0012818929880503,-2.5077341845491263
1982-10-01,88907,-2.7153939200631805,-2.706281462026705
1982-11-01,88786,-2.5578176499366334,-2.6159634094174655
1982-12-01,88771,-1.8351201420803376,-2.336762198140707
1983-01-01,88990,0.3739471607306477,-1.7390824269861382
1983-02-01,88917,0.5914906077763682,-1.8175192959597242
1983-03-01,89090,1.4451729525176038,-1.486166707211889
1983-04-01,89364,1.6917151969160216,-0.8718801996672187
1983-05-01,89644,3.310794589113475,-0.5138335534420224
1983-06-01,90021,4.246023163681456,0.17359372391920758
1983-07-01,90437,4.890025250603958,1.023223601166201
1983-08-01,90129,2.1817420080619154,0.8571780267000895
1983-09-01,91247,5.559918656531138,2.3143424195194218
1983-10-01,91520,4.876806900763864,2.9390261734171697
1983-11-01,91875,7.976985417826921,3.4791521185772556
1983-12-01,92230,4.379318184139103,3.8965427898750793
1984-01-01,92673,5.135368907279569,4.138667265984952
1984-02-01,93157,5.699411286679434,4.768491964416244
1984-03-01,93429,5.302326739450947,4.870355819957339
1984-04-01,93792,4.918071279664438,4.955015442460042
1984-05-01,94098,4.102124967767296,4.9685422337245155
1984-06-01,94479,4.571743668896744,4.95217782517412
1984-07-01,94789,4.320240435853107,4.812189701117897
1984-08-01,95032,4.029834106910868,5.439980472433947
1984-09-01,95344,3.712790777727904,4.490010630486485
1984-10-01,95629,3.592112861195917,4.489729020979016
1984-11-01,95982,4.059013279353385,4.470204081632656
1984-12-01,96107,3.239670827682484,4.203621381329281
1985-01-01,96372,3.1442519303559457,3.9914538215014117
1985-02-01,96503,2.188983070716155,3.591785909808176
1985-03-01,96842,3.0943622776445023,3.6530413469051393
1985-04-01,97038,2.793075466144357,3.460849539406352
1985-05-01,97312,3.395666195126301,3.4155880039958397
1985-06-01,97459,2.5729399776083017,3.154140073455469
1985-07-01,97648,2.5382881477811203,3.016172762662328
1985-08-01,97840,2.188066573253433,2.954794174593811
1985-09-01,98045,2.426893178631273,2.8328998154052654
1985-10-01,98233,2.4179831548784003,2.7230233506572166
1985-11-01,98443,2.488133625810529,2.564022420870571
1985-12-01,98609,2.320914974652144,2.60334835131677
1986-01-01,98732,2.047438609824659,2.448844062590805
1986-02-01,98847,1.6516919359937932,2.4289400329523536
1986-03-01,98934,1.3248699724803137,2.1602197393692846
1986-04-01,99121,1.5853219235469451,2.1465817514787933
1986-05-01,99248,1.6326110293576337,1.9894771456757665
1986-06-01,99155,0.8965233881649937,1.7402189638719978
1986-07-01,99473,1.4280706799744802,1.868957889562517
1986-08-01,99588,1.377362292783757,1.7865903515944304
1986-09-01,99934,3.179782619497118,1.9266663266867212
1986-10-01,100121,2.631304868274986,1.9219610517850372
1986-11-01,100308,2.923428011200069,1.8944973233241624
1986-12-01,100509,2.321459018105698,1.9268018132219122
1987-01-01,100678,2.2439463205033983,1.970992180853215
1987-02-01,100919,2.4588480484168285,2.096168826570355
1987-03-01,101164,2.632324060064728,2.254027937817127
1987-04-01,101499,3.302001366368956,2.3990879833738488
1987-05-01,101728,3.245295368148038,2.498790907625348
1987-06-01,101900,2.942038573469508,2.7683929201754776
1987-07-01,102247,2.9805586742570838,2.7886964301870876
1987-08-01,102420,2.7488715888241533,2.84371611037475
1987-09-01,102647,2.964688065229293,2.7147917625632845
1987-10-01,103138,3.531504396772922,3.0133538418513517
1987-11-01,103372,3.7701846795692,3.054591857080191
1987-12-01,103661,4.010343869767952,3.136037568774941
1988-01-01,103753,2.4065724006662625,3.054291900911821
1988-02-01,104214,3.298160201663713,3.2649946987187706
1988-03-01,104489,3.233515019211297,3.2867423194021583
1988-04-01,104732,3.828106943178322,3.1852530566803594
1988-05-01,104962,2.902073817848927,3.1790657439446424
1988-06-01,105326,3.242871070004383,3.3621197252208024
1988-07-01,105550,3.160957003435172,3.230412628243373
1988-08-01,105674,2.741096766421136,3.177113844952162
1988-09-01,106013,2.6346802162554805,3.2791995869338564
1988-10-01,106276,2.77981933879905,3.042525548294517
1988-11-01,106617,3.617532384184496,3.1391479317416815
1988-12-01,106898,3.381260100497485,3.1226787316348537
1989-01-01,107161,3.3727881637363177,3.2847242971287605
1989-02-01,107427,3.0737219966934903,3.0830790488801885
1989-03-01,107621,2.732953274838024,2.997444707098351
1989-04-01,107791,2.372420808846032,2.920788297750443
1989-05-01,107913,1.821917974908116,2.811493683428279
1989-06-01,108027,1.5175597133537222,2.5644190418320223
1989-07-01,108069,1.035623829274246,2.3865466603505414
1989-08-01,108120,0.7694953038916097,2.314665859151721
1989-09-01,108369,1.2723764409837468,2.2223689547508307
1989-10-01,108476,1.5149765049226491,2.0700816741314965
1989-11-01,108752,2.358723730315493,2.0024949116932644
1989-12-01,108836,1.734914530039089,1.8129431794795092
1990-01-01,109199,2.692800024081432,1.9018112932876807
1990-02-01,109435,2.535902583426064,1.8691762778444865
1990-03-01,109644,3.002839213039765,1.8797446594995382
1990-04-01,109686,1.7958682503718348,1.7580317466207696
1990-05-01,109839,1.4848729369447922,1.7847710655806148
1990-06-01,109856,0.7756581503771232,1.6930952447073322
1990-07-01,109824,0.5042052872409997,1.623962468422957
1990-08-01,109616,-0.8096279172539522,1.383647798742138
1990-09-01,109518,-1.2250337983970685,1.0602663123217893
1990-10-01,109367,-1.6541207753726028,0.821379844389547
1990-11-01,109214,-1.4588891803201665,0.4248197734294523
1990-12-01,109166,-1.2794484824475203,0.3032084971884341
1991-01-01,109055,-1.1362383032319625,-0.1318693394628201
1991-02-01,108734,-1.7464604618762314,-0.6405628912139583
1991-03-01,108574,-2.151592330112595,-0.9758855933749255
1991-04-01,108364,-2.5105136777836545,-1.2052586474117
1991-05-01,108249,-1.7722687598454856,-1.4475732663261631
1991-06-01,108334,-0.8812621858356406,-1.385450043693559
1991-07-01,108292,-0.2655061593578423,-1.394959207459212
1991-08-01,108310,0.2255968408041431,-1.1914319077506952
1991-09-01,108336,0.0073847744381794,-1.0792746397852437
1991-10-01,108357,0.2403078556122206,-0.9234961185732415
1991-11-01,108296,-0.0516934200096241,-0.8405515776365613
1991-12-01,108328,-0.0295344628252536,-0.7676382756535927
1992-01-01,108369,0.04430537411646,-0.629040392462521
1992-02-01,108311,0.0554152203086966,-0.3890227527728163
1992-03-01,108365,0.1366921225708806,-0.19249544089745552
1992-04-01,108519,0.5548144706010172,0.14303643276365463
1992-05-01,108649,1.254112547467212,0.36951842511248056
1992-06-01,108715,1.298202601430254,0.3516901434452713
1992-07-01,108793,1.013792914485978,0.462638052672415
1992-08-01,108925,1.0199945231372798,0.5678146062228828
1992-09-01,108959,0.9007871236934584,0.5750627676857079
1992-10-01,109139,1.2782223303604567,0.7216884926677603
1992-11-01,109272,1.2803733573117926,0.9012336559060419
1992-12-01,109495,1.982279900407491,1.077283804741147
1993-01-01,109794,2.422305946479897,1.314951692827293
1993-02-01,110044,2.856064867057251,1.6000221584141938
1993-03-01,109994,1.835413503181993,1.5032528953075275
1993-04-01,110296,1.8414608158443315,1.637501267059216
1993-05-01,110568,1.918340360072568,1.7662380693793667
1993-06-01,110749,2.7740026720999955,1.8709469714390803
1993-07-01,111055,2.7811364764595448,2.0791778882832457
1993-08-01,111206,2.328136021189353,2.094101445949037
1993-09-01,111448,2.548630036416144,2.2843454877522706
1993-10-01,111733,2.46448760881095,2.376785567029205
1993-11-01,111984,2.827913986497066,2.4818800790687545
1993-12-01,112314,3.144591888678816,2.5745467829581203
1994-01-01,112595,3.1218231545271147,2.5511412281181034
1994-02-01,112781,2.8773714856264343,2.4871869434044624
1994-03-01,113242,3.346207789834965,2.952888339363957
1994-04-01,113586,3.5673353258083296,2.9828824254732655
1994-05-01,113921,4.104952424098829,3.032522972288554
1994-06-01,114238,3.5648166958980987,3.1503670462035727
1994-07-01,114610,3.655136204224663,3.2011165638647476
1994-08-01,114896,3.467625699390031,3.3181662859917527
1994-09-01,115247,3.5800584117040346,3.408764625655003
1994-10-01,115458,2.9926116207667386,3.3338404947508726
1994-11-01,115869,3.43068425035824,3.4692456065152255
1994-12-01,116165,3.22447215495969,3.4287800274231284
1995-01-01,116501,3.662694158434632,3.4690705626359897
1995-02-01,116697,2.8891858598316444,3.47221606476269
1995-03-01,116907,2.579570684840471,3.2364317126154507
1995-04-01,117069,1.9645065346965973,3.066399028049238
1995-05-01,117049,1.2120134790149173,2.745762414304642
1995-06-01,117286,1.3030768139226323,2.668113937568939
1995-07-01,117380,1.066863057621359,2.4168920687549056
1995-08-01,117634,2.014200187221449,2.383024648377674
1995-09-01,117875,2.023947384912006,2.280319661249308
1995-10-01,118031,2.2369596471696784,2.2285159971591417
1995-11-01,118175,1.8523336885747368,1.990178563722833
1995-12-01,118320,1.518646988795247,1.8551198725950124
1996-01-01,118316,0.9693518233891528,1.5579265414030763
1996-02-01,118739,1.9227432777212397,1.749830758288562
1996-03-01,118993,2.294671416498284,1.7843242919585611
1996-04-01,119158,2.8771456209014667,1.784417736548538
1996-05-01,119486,2.5402902130519767,2.0820340199403597
1996-06-01,119769,2.634185057164085,2.1170472179117716
1996-07-01,120015,2.908037713025502,2.2448457999659333
1996-08-01,120199,2.4083403067849174,2.180492034615833
1996-09-01,120410,2.158035229451172,2.150583244962889
1996-10-01,120665,2.184059266444338,2.2316171175369215
1996-11-01,120961,2.5600103371475447,2.3575206261899684
1996-12-01,121143,2.45733892143234,2.3859026369168257
1997-01-01,121363,2.333998680719862,2.5753068055039074
1997-02-01,121675,2.382079304188278,2.4726500981143484
1997-03-01,121990,2.826162400983323,2.5186355499903446
1997-04-01,122286,3.076993821495133,2.625086020242029
1997-05-01,122546,2.89425824555396,2.5609694859648924
1997-06-01,122814,2.729359484056637,2.542394108659174
1997-07-01,123111,2.726023851158943,2.5796775403074568
1997-08-01,123093,1.7974420021456217,2.4076739407149716
1997-09-01,123585,2.5348598455380067,2.636824184037878
1997-10-01,123929,2.6843705751057545,2.7050097377035565
1997-11-01,124235,3.762979034795433,2.7066575177123298
1997-12-01,124549,3.1568167708354133,2.811553288262636
1998-01-01,124812,2.880623685435535,2.841887560459111
1998-02-01,125016,2.538400665840501,2.7458393260735514
1998-03-01,125164,1.9898036865224176,2.601852610869737
1998-04-01,125442,2.034375045828462,2.5808350915067946
1998-05-01,125844,2.6756969872221648,2.6912343120134574
1998-06-01,126076,2.9465864257429253,2.6560489846434443
1998-07-01,126205,2.455285100244775,2.513179163519097
1998-08-01,126544,2.243610353017256,2.803571283501083
1998-09-01,126752,2.162049467637406,2.562608730833027
1998-10-01,126954,2.3951322221503317,2.4409137490014388
1998-11-01,127231,2.18932482029075,2.411558739485642
1998-12-01,127596,2.690189858341774,2.446426707560878
1999-01-01,127702,2.377669751421707,2.3154824856584266
1999-02-01,128120,2.824346365614283,2.4828821910795495
1999-03-01,128227,1.992840444951649,2.447189287654594
1999-04-01,128597,2.833011089886206,2.5151065831220842
1999-05-01,128808,2.1653502052015883,2.3552970344235646
1999-06-01,129089,2.7162178085955224,2.389828357498658
1999-07-01,129414,2.565592827280572,2.5426884830236585
1999-08-01,129569,2.384232670004205,2.3904728789986063
1999-09-01,129772,2.1332249720455776,2.3826054026760968
1999-10-01,130177,2.379261325017401,2.5387148100886936
1999-11-01,130466,2.798070209437542,2.5426193301946842
1999-12-01,130772,3.1181402085882937,2.4891062415749676
2000-01-01,131005,2.568605453315453,2.5864904230160857
2000-02-01,131124,2.0326971101565228,2.344676865438644
2000-03-01,131596,2.544339326824674,2.6273717703759747
2000-04-01,131888,2.7234611761597805,2.5591576786394787
2000-05-01,132105,3.026338402234807,2.559623625861751
2000-06-01,132061,1.4209260362423093,2.3022875690415168
2000-07-01,132236,1.0596256670234894,2.1805986987497583
2000-08-01,132230,0.3790243446784247,2.053731988361407
2000-09-01,132353,0.8873774692298442,1.9888727922818372
2000-10-01,132351,0.3483169571812494,1.6700338769521483
2000-11-01,132556,0.9898133975642098,1.6019499333159493
2000-12-01,132709,1.0802593611044076,1.4812039274462396
2001-01-01,132698,1.0528580582301883,1.2923170871340872
2001-02-01,132789,0.7049550469879318,1.2697904273817118
2001-03-01,132747,0.1145855203217971,0.8746466457947077
2001-04-01,132463,-0.7064958955135148,0.4359759796190632
2001-05-01,132410,-1.1367824134398408,0.23087695393815277
2001-06-01,132299,-1.3431179767648294,0.18021974693511744
2001-07-01,132177,-0.8608444061151688,-0.04461719955231036
2001-08-01,132028,-1.1490071277536429,-0.15276412311880927
2001-09-01,131771,-1.5868526935163496,-0.4397331378963809
2001-10-01,131454,-2.1700884569537338,-0.67774327356801
2001-11-01,131142,-2.657379693478046,-1.0667189716044523
2001-12-01,130982,-2.373638657516386,-1.30134354113135
2002-01-01,130852,-1.8192745092221465,-1.391128728390778
2002-02-01,130736,-1.2326134933995148,-1.5460617972874235
2002-03-01,130717,-0.8068188624609784,-1.529224765908077
2002-04-01,130623,-0.6981920106222006,-1.3890671357284723
2002-05-01,130634,-0.3117142691902108,-1.3412884223245936
2002-06-01,130684,-0.1009432763641515,-1.2207197333313213
2002-07-01,130590,-0.1010158904678371,-1.2006627476792486
2002-08-01,130587,-0.1438358813900864,-1.0914351501196684
2002-09-01,130501,-0.5589543315478784,-0.9637932473761324
2002-10-01,130628,0.1164456374306954,-0.6283566875104563
2002-11-01,130615,0.085794165661035,-0.4018544783517153
2002-12-01,130472,-0.0888585829668997,-0.3893664778366501
2003-01-01,130580,-0.1469012759037546,-0.20786843151040513
2003-02-01,130444,-0.522648962122163,-0.22335087504589124
2003-03-01,130232,-0.7337623418295136,-0.371030546906681
2003-04-01,130177,-1.2287891226981815,-0.3414406344977583
2003-05-01,130196,-0.7583136057248696,-0.3352879036085499
2003-06-01,130194,-0.1166637120771363,-0.37495026169998
2003-07-01,130191,0.0430252921035378,-0.30553641167011536
2003-08-01,130149,-0.1443195060791491,-0.33540857818925573
2003-09-01,130254,0.1844677613721534,-0.18927058030207
2003-10-01,130454,0.8104953699431316,-0.13320268242643651
2003-11-01,130474,1.0026028093680803,-0.10795084791179743
2003-12-01,130588,1.0296401556737722,0.08890796492733166
2004-01-01,130769,0.9693616358957824,0.14473885740542425
2004-02-01,130825,1.080426529670464,0.29207935972523913
2004-03-01,131142,1.707769087655131,0.6987529946556936
2004-04-01,131411,1.978277006357376,0.9479401123086317
2004-05-01,131694,2.683575323531296,1.1505729822728794
2004-06-01,131793,2.0004681663577277,1.2281671966450025
2004-07-01,131848,1.3368277101658554,1.272745427871369
2004-08-01,131937,0.7401199697218752,1.3738100177488777
2004-09-01,132093,0.9136324052323452,1.4118568335713233
2004-10-01,132447,1.8296655599493008,1.5277415794072935
2004-11-01,132503,1.7270441951002358,1.5550991002038828
2004-12-01,132624,1.6176797734148929,1.5591019082917157
2005-01-01,132774,0.9912281768534426,1.5332379998317602
2005-02-01,133032,1.6065338285717434,1.6869864322568207
2005-03-01,133156,1.6142164872157585,1.5357398850101456
2005-04-01,133518,2.2603127337730067,1.60336653704789
2005-05-01,133690,1.993198616001224,1.515634728992965
2005-06-01,133942,2.382128897250335,1.630587360481961
2005-07-01,134296,2.351222999033542,1.8566834536739352
2005-08-01,134498,2.4395382883980243,1.941077938713165
2005-09-01,134566,1.8765559209793503,1.8721658225643978
2005-10-01,134655,1.073575043359165,1.6670819271104698
2005-11-01,134993,1.4802878032152966,1.8792027350324148
2005-12-01,135149,1.7442732318972087,1.9038786343346548
2006-01-01,135429,2.319109023534094,1.9996384834380265
2006-02-01,135737,2.2228511091195946,2.03334536051476
2006-03-01,136047,2.6844146189234808,2.17113761302532
2006-04-01,136205,2.3117505528950533,2.0124627391063354
2006-05-01,136244,1.5024574654243228,1.910389707532345
2006-06-01,136325,0.8198733201692177,1.7791282794045182
2006-07-01,136520,0.9282902448261688,1.6560433668910468
2006-08-01,136694,1.3277190016138585,1.6327380332793018
2006-09-01,136843,1.5285820987412937,1.692106475632782
2006-10-01,136852,0.9763054203117072,1.6315769930563384
2006-11-01,137063,1.0841641679042224,1.533412843628934
2006-12-01,137249,1.192053435872431,1.5538405759569107
2007-01-01,137477,1.839343501179913,1.5122315013771148
2007-02-01,137558,1.4524356956064688,1.3415649380787764
2007-03-01,137793,1.5948906048460332,1.2833800083794644
2007-04-01,137842,1.0662326974454572,1.2018648360926587
2007-05-01,137993,1.270933732255175,1.283726255835127
2007-06-01,138069,0.803612234989437,1.2792958004768096
2007-07-01,138038,0.569981399778996,1.111924992675073
2007-08-01,138015,0.0637866027860978,0.9663920874361631
2007-09-01,138095,0.0753459359481123,0.9149170947728491
2007-10-01,138174,0.3946771763718049,0.9660070733346959
2007-11-01,138284,0.7819076752918708,0.8908312235978988
2007-12-01,138392,0.8630566158082997,0.8327929529541089
2008-01-01,138403,0.6645821133655971,0.673567214879589
2008-02-01,138324,0.1157541261002981,0.5568560170982506
2008-03-01,138275,-0.3377412324165996,0.3498000624124531
2008-04-01,138035,-1.059326419490603,0.14001537992773816
2008-05-01,137858,-1.340766380139835,-0.0978310494010537
2008-06-01,137687,-1.6901392399604642,-0.27667325757411154
2008-07-01,137491,-1.5671172120022114,-0.39626769440298526
2008-08-01,137213,-1.8583975804226105,-0.5810962576531575
2008-09-01,136753,-2.685915794703375,-0.971794778956514
2008-10-01,136272,-3.499528156081177,-1.376525250770766
2008-11-01,135545,-4.774564278780302,-1.9807063723930485
2008-12-01,134839,-5.481974065694562,-2.56734493323314
2009-01-01,134055,-6.350481593048207,-3.1415503999190797
2009-02-01,133312,-6.428634314592152,-3.62337699893005
2009-03-01,132512,-6.726399136150352,-4.167781594648345
2009-04-01,131817,-6.512482919858742,-4.504654616582748
2009-05-01,131475,-5.3989967353942125,-4.6301266520622715
2009-06-01,131008,-4.463257024518141,-4.850857379418539
2009-07-01,130668,-3.441328504741814,-4.9625066367980475
2009-08-01,130485,-2.978129845815236,-4.903325486652143
2009-09-01,130244,-2.3123559201712496,-4.759676204543961
2009-10-01,130045,-1.893527499062142,-4.569537395796641
2009-11-01,130057,-1.30558698931581,-4.0488398686783
2009-12-01,129788,-1.3931108317950192,-3.745948872358884
2010-01-01,129790,-0.7820399128016575,-3.1815299690425625
2010-02-01,129698,-1.099568025603903,-2.710933749399902
2010-03-01,129879,0.280752460375866,-1.9869898575223366
2010-04-01,130110,0.9898617662442932,-1.2949771273811472
2010-05-01,130650,2.968536412712175,-0.6274957216200749
2010-06-01,130511,1.960680372405688,-0.3793661455788966
2010-07-01,130427,0.9781274031442244,-0.18443689350108317
2010-08-01,130422,-0.6962230779340661,-0.04828141165651445
2010-09-01,130357,-0.4711561159827071,0.08676023463651816
2010-10-01,130625,0.6086203911333188,0.44599946172478866
2010-11-01,130750,1.0097664906038697,0.5328432917874437
2010-12-01,130822,1.4345036886111109,0.7966838228495643
2011-01-01,130841,0.6630778290350303,0.8097696278603905
2011-02-01,131053,0.9301870326034578,1.0447346913599276
2011-03-01,131288,1.4324679959525357,1.0848559043417305
2011-04-01,131602,2.3468637372859646,1.1467220044577564
2011-05-01,131703,1.9987389514772635,0.8059701492537208
2011-06-01,131939,1.9982269950906015,1.0941606454628383
2011-07-01,131999,1.212139765086606,1.2052719145575708
2011-08-01,132125,1.2878448673610876,1.305761297940533
2011-09-01,132358,1.2763478963852437,1.5350153808387779
2011-10-01,132562,1.7170196763384604,1.4828708133971302
2011-11-01,132694,1.7337708555076323,1.4868068833651993
2011-12-01,132896,1.6358335358816145,1.5853602605066408
2012-01-01,133250,2.0922275201754603,1.8411659953684323
2012-02-01,133512,2.4887185474473217,1.87634010667439
2012-03-01,133752,2.601450692117302,1.8767899579550384
2012-04-01,133834,1.7646544376679565,1.6960228567954871
2012-05-01,133934,1.2703127307516215,1.6939629317479499
2012-06-01,134007,0.7647890685630765,1.5673909912914397
2012-07-01,134159,0.9748965244896102,1.6363760331517652
2012-08-01,134331,1.1909407318373866,1.669631031220442
2012-09-01,134518,1.5340401053373087,1.6319376237174943
2012-10-01,134677,1.5534039367969044,1.5954798509376644
2012-11-01,134833,1.5032152117697706,1.6119794414216182
2012-12-01,135072,1.6575679187281311,1.6373705754876067
2013-01-01,135263,1.7518530068018068,1.5106941838649135
2013-02-01,135541,2.1169774319347967,1.5197135837977216
2013-03-01,135680,1.81271476349838,1.4414737723547955
2013-04-01,135871,1.8101378491530264,1.5220347594781636
2013-05-01,136093,1.6390059136808466,1.6119879940866388
2013-06-01,136274,1.7627127036812684,1.691702672248474
2013-07-01,136386,1.5247858895796718,1.6599706318621843
2013-08-01,136628,1.5817507499177097,1.7099552597687806
2013-09-01,136815,1.597458483745262,1.7075781679775304
2013-10-01,137040,1.9319260354539791,1.7545683375780552
2013-11-01,137304,1.99383311982162,1.8326374107229038
2013-12-01,137373,1.641407728582256,1.7035358919687216
2014-01-01,137548,1.4910440182387186,1.6893015828423064
2014-02-01,137714,1.199790521733313,1.6032049343003285
2014-03-01,137968,1.7437977932147852,1.6863207547169745
2014-04-01,138293,2.1841817847057854,1.7825731760272578
2014-05-01,138511,2.335116306315288,1.7767262092833525
2014-06-01,138837,2.543328031717129,1.8807696259007578
2014-07-01,139069,2.263472457386295,1.9672107107767678
2014-08-01,139257,2.171808561371358,1.9242029452235299
2014-09-01,139566,2.1169049552466346,2.010744435917111
2014-10-01,139818,2.1717930506849115,2.0271453590192667
2014-11-01,140109,2.469824800520714,2.042912078307979
2014-12-01,140377,2.344686667429219,2.186747031803926
2015-01-01,140568,2.1629725499752395,2.195597173350383
2015-02-01,140839,2.100436213804069,2.2691955792439433
2015-03-01,140910,1.5274391887997396,2.1323785225559444
2015-04-01,141194,1.7932790807842158,2.0977200581374422
2015-05-01,141525,1.9626051262614077,2.1760004620571705
2015-06-01,141699,2.25860922672827,2.0614101428293674
2015-07-01,142001,2.3058913603118736,2.108305948845546
2015-08-01,142126,1.7094906460075387,2.0602195939880996
2015-09-01,142281,1.6530688272918148,1.9453161944886332
2015-10-01,142587,1.660938688642566,1.9804317040724273
2015-11-01,142824,1.978973064603351,1.9377770164657582
2015-12-01,143097,2.313862502988417,1.9376393568746986
2016-01-01,143205,1.7449821415017608,1.8759603892777976
2016-02-01,143417,1.6711572411763689,1.830458892778286
2016-03-01,143654,1.5661002022647752,1.947342275211117
2016-04-01,143851,1.816652587938683,1.8818080088389033
2016-05-01,143892,1.3314043082861549,1.6724960254371979
2016-06-01,144150,1.3882655746257244,1.729722863252392
2016-07-01,144521,1.8760952275828968,1.7746353898916212
2016-08-01,144664,2.1633866451499006,1.7857394143224958
2016-09-01,144953,2.2469225779058632,1.877973868612104
2016-10-01,145071,1.5309820868705692,1.7420943003219058
2016-11-01,145201,1.4931080645561368,1.6642861143785437
2016-12-01,145415,1.281004061419666,1.6198802211087493
2017-01-01,145612,1.500048344221816,1.680807234384285
2017-02-01,145795,1.6464209635902227,1.658101898659159
2017-03-01,145934,1.4352994061918922,1.5871468946218048
2017-04-01,146154,1.4972218822190575,1.6009621066242152
2017-05-01,146295,1.3788620744237925,1.6700025018764109
2017-06-01,146506,1.5770740088560942,1.6344086021505388
2017-07-01,146734,1.5968407728185865,1.5312653524401254
2017-08-01,146924,1.7309361178407645,1.5622407786318737
2017-09-01,146966,1.2618486685298749,1.3887260008416558
2017-10-01,147215,1.3176776455132266,1.4778970297302685
2017-11-01,147411,1.3324622218515936,1.5220280852060286
2017-12-01,147590,1.7091991474986967,1.4957191486435484
2018-01-01,147671,1.2447728170525751,1.414031810565053
2018-02-01,148049,1.7424856858250235,1.5460063788195644
2018-03-01,148244,1.7842939431192972,1.5829073416750106
2018-04-01,148397,1.9810835093452277,1.5346825950709464
2018-05-01,148667,1.6802014196086734,1.6213814552787253
2018-06-01,148881,1.729898083895698,1.6210940166273113
2018-07-01,149030,1.71718216055623,1.564736189294913
2018-08-01,149259,1.6023608746077,1.5892570308458698
2018-09-01,149364,1.3040092739499576,1.6316699100472176
2018-10-01,149576,1.4735500211176644,1.6037767890500376
2018-11-01,149668,1.10059477250819,1.531093337674938
2018-12-01,149908,1.4648220021520109,1.5705671115929354
2019-01-01,150145,1.5303391706073644,1.6753458702114754
2019-02-01,150095,1.1460855027038086,1.381974886692916
2019-03-01,150263,0.950617753401084,1.3619438223469338
2019-04-01,150482,0.9008259799702544,1.40501492617775
2019-05-01,150545,1.2046444351066832,1.2632258672065744
2019-06-01,150720,1.2220947669704385,1.2352147016744919
2019-07-01,150913,1.1505833206027385,1.263503992484738
2019-08-01,151108,1.504310595398639,1.2387862708446384
2019-09-01,151329,1.6260643461536215,1.3155780509359616
2019-10-01,151524,1.6293378310646034,1.3023479702626073
2019-11-01,151758,1.7317575782147543,1.3964240853088228
2019-12-01,151919,1.5686600883410895,1.3414894468607441
2020-01-01,152234,1.887505360497577,1.3913217223350705
2020-02-01,152523,2.031665994527576,1.61764215996536
2020-03-01,150840,-2.810863650697648,0.3839933982417554
2020-04-01,130161,-46.558717602585,-13.503940670644997
2020-05-01,132994,-42.19214730143284,-11.658308147065666
2020-06-01,137840,-30.26754378211401,-8.545647558386415
2020-07-01,139566,32.1889097129441,-7.518901618813489
2020-08-01,141149,26.877037445406906,-6.590650395743447
2020-09-01,141865,12.201843315377726,-6.25392357049871
2020-10-01,142545,8.815165412452686,-5.925793933634271
2020-11-01,142809,4.787888604282986,-5.896888467164829
2020-12-01,142503,1.811064802114526,-6.198039744864037
2021-01-01,142736,0.5370493032673007,-6.239079312111617
2021-02-01,143272,1.3031573749947345,-6.065314739416349
2021-03-01,144057,4.433885429471318,-4.496817820206845
2021-04-01,144326,4.530785302950213,10.882676070405118
2021-05-01,144940,4.73883383170266,8.982360106470978
2021-06-01,145878,5.15301672098536,5.831398723157277
2021-07-01,146821,7.096285889821141,5.198257455254152
