DATE,PCE,3m growth rate,12m growth rate
1959-01-01,306.1,,
1959-02-01,309.6,,
1959-03-01,312.7,,
1959-04-01,312.2,8.212710794482426,
1959-05-01,316.1,8.6661236947561,
1959-06-01,318.2,7.223301713635899,
1959-07-01,317.8,7.370253031358809,
1959-08-01,320.2,5.290048800198699,
1959-09-01,324.2,7.758451228109586,
1959-10-01,322.8,6.443349618526373,
1959-11-01,322.9,3.41579376935306,
1959-12-01,322.9,-1.5943265076456714,
1960-01-01,323.6,0.995017217316918,5.717085919634113
1960-02-01,325.3,3.0063677205585337,5.071059431524549
1960-03-01,330.2,9.35435809467926,5.596418292292937
1960-04-01,336.5,16.924688743483074,7.783472133247926
1960-05-01,330.0,5.9057417683143765,4.397342613097122
1960-06-01,330.1,-0.1210836852295282,3.73978629792584
1960-07-01,331.4,-5.925971494403126,4.279421019509111
1960-08-01,331.6,1.95354426874641,3.560274828232357
1960-09-01,333.4,4.059152534244581,2.8377544725478154
1960-10-01,335.4,4.9161189315777065,3.903345724907048
1960-11-01,335.4,4.663232950852758,3.8711675441313043
1960-12-01,331.3,-2.49579142493197,2.6014245896562427
1961-01-01,332.2,-3.762068610179159,2.65760197775029
1961-02-01,333.7,-2.012067683474872,2.582231786043643
1961-03-01,337.7,7.953940394801862,2.271350696547536
1961-04-01,337.6,6.662372463279009,0.326894502228825
1961-05-01,339.9,7.641522461062,3.0000000000000027
1961-06-01,340.9,3.844562834170029,3.271735837624945
1961-07-01,340.6,3.602163003048431,2.7761013880507113
1961-08-01,342.1,2.6142412914016644,3.1664656212303965
1961-09-01,344.4,4.170456227119446,3.299340131973616
1961-10-01,346.5,7.111075798644917,3.3094812164579768
1961-11-01,349.9,9.436822091763531,4.323196183661304
1961-12-01,352.4,9.62031048855698,6.3688499849079205
1962-01-01,353.2,7.9617271835553,6.321493076459972
1962-02-01,354.0,4.770080637701724,6.08330836080313
1962-03-01,357.4,5.79730226316435,5.833580100681068
1962-04-01,359.0,6.7320902310458175,6.338862559241698
1962-05-01,362.0,9.35061603953673,6.501912327155046
1962-06-01,360.4,3.400094709188961,5.720152537400991
1962-07-01,361.4,2.701029853340131,6.1068702290076216
1962-08-01,362.9,0.998189966923535,6.0800935399005995
1962-09-01,368.8,9.6540105130146,7.08478513356563
1962-10-01,366.5,5.765328593675734,5.772005772005762
1962-11-01,371.7,10.058191365115189,6.230351529008282
1962-12-01,373.6,5.3085955198648005,6.015891032917153
1963-01-01,374.4,8.904905963603138,6.0022650056625215
1963-02-01,373.4,1.8420212341181184,5.480225988700549
1963-03-01,375.0,1.507375863851812,4.924454392837174
1963-04-01,376.4,2.153934603219998,4.8467966573816135
1963-05-01,377.2,4.133264115657975,4.198895027624316
1963-06-01,381.7,7.340488866384165,5.91009988901221
1963-07-01,384.4,8.776494026291815,6.36413945766463
1963-08-01,386.3,10.00491665309109,6.448057316065037
1963-09-01,385.5,4.042047362590928,4.528199566160507
1963-10-01,386.0,1.675356236228276,5.320600272851306
1963-11-01,389.4,3.2487865316049858,4.761904761904767
1963-12-01,394.7,9.89323951603993,5.64775160599571
1964-01-01,396.8,11.670236329027528,5.982905982905984
1964-02-01,400.2,11.56412111087668,7.177289769683992
1964-03-01,401.8,7.391825319701528,7.146666666666679
1964-04-01,402.8,6.186961449234252,7.013815090329456
1964-05-01,408.4,8.451258599780132,8.27147401908801
1964-06-01,411.4,9.904992203355569,7.78097982708934
1964-07-01,414.9,12.56824410169839,7.934443288241422
1964-08-01,417.7,9.424599916845455,8.128397618431272
1964-09-01,416.6,5.1525751835754585,8.067444876783414
1964-10-01,419.6,4.608790021383746,8.704663212435237
1964-11-01,416.4,-1.2391128880835711,6.933744221879823
1964-12-01,421.0,4.292078027841861,6.663288573600212
1965-01-01,424.4,4.654903801118482,6.955645161290325
1965-02-01,431.4,15.20668485634047,7.796101949025491
1965-03-01,433.3,12.208659161937383,7.839721254355392
1965-04-01,437.1,12.517927725212765,8.515392254220465
1965-05-01,437.6,5.8738461410181575,7.149853085210589
1965-06-01,435.2,1.7655515237023245,5.785123966942152
1965-07-01,441.0,3.617028108255061,6.290672451193058
1965-08-01,444.4,6.362110867467297,6.392147474263821
1965-09-01,452.0,16.358521018305304,8.497359577532393
1965-10-01,458.5,16.84308151654794,9.27073403241181
1965-11-01,459.1,13.902424899151766,10.254562920268985
1965-12-01,461.7,8.864368825057456,9.667458432304032
1966-01-01,465.2,5.974521475349892,9.61357210179077
1966-02-01,470.2,10.0275209980504,8.993973110802035
1966-03-01,475.0,12.03015589032972,9.623817216708975
1966-04-01,476.9,10.446120485447777,9.105467856325777
1966-05-01,473.1,2.489952779706428,8.11243144424132
1966-06-01,475.5,0.4217179181866592,9.260110294117641
1966-07-01,480.6,3.139679168887044,8.979591836734691
1966-08-01,483.2,8.81678995140267,8.730873087308733
1966-09-01,489.2,12.03241771501762,8.230088495575227
1966-10-01,488.3,6.564323254282756,6.499454743729549
1966-11-01,490.1,5.835437056646864,6.75234153779134
1966-12-01,491.8,2.1429282573637964,6.519384881957979
1967-01-01,494.2,4.921397642018865,6.233877901977647
1967-02-01,493.0,2.387954566198092,4.8490004253509245
1967-03-01,495.8,3.2932618717754103,4.37894736842106
1967-04-01,501.3,5.87169208001288,5.1163765988677
1967-05-01,502.2,7.676060148621655,6.150919467343052
1967-06-01,506.8,9.174279665730944,6.582544689800218
1967-07-01,506.7,4.378919946319115,5.4307116104868935
1967-08-01,509.8,6.192168894118599,5.5049668874172175
1967-09-01,515.6,7.128545847155898,5.39656582174981
1967-10-01,512.2,4.413025304817819,4.89453204996928
1967-11-01,517.4,6.097798618426098,5.57029177718833
1967-12-01,525.1,7.576259234982885,6.771045140300935
1968-01-01,530.9,15.423065596150389,7.4261432618373036
1968-02-01,533.6,13.124737931075758,8.235294117647074
1968-03-01,544.3,15.44769441412912,9.78217022993142
1968-04-01,544.0,10.241394300967666,8.517853580690193
1968-05-01,549.8,12.70823748331984,9.47829549980086
1968-06-01,556.3,9.114609436814035,9.767166535122328
1968-07-01,563.2,14.882793070006397,11.15058219853957
1968-08-01,567.0,13.1132012201856,11.220086308356226
1968-09-01,568.2,8.835024104414057,10.201706749418161
1968-10-01,571.6,6.100711425768002,11.597032409215146
1968-11-01,576.7,7.020646475461145,11.461151913413236
1968-12-01,576.5,5.972292363325171,9.78861169301084
1969-01-01,583.5,8.591182165266575,9.907703899039365
1969-02-01,588.7,8.586625662773773,10.326086956521753
1969-03-01,588.9,8.885229480695433,8.194010655888295
1969-04-01,593.9,7.322272376041528,9.172794117647065
1969-05-01,600.3,8.117807508017648,9.185158239359769
1969-06-01,600.9,8.403323870292144,8.01725687578645
1969-07-01,602.7,6.059961409847281,7.013494318181812
1969-08-01,609.9,6.5518905996883925,7.566137566137554
1969-09-01,613.2,8.442561815598392,7.919746568109809
1969-10-01,618.5,10.905746654845403,8.205038488453464
1969-11-01,620.5,7.135304896402506,7.594936708860756
1969-12-01,622.8,6.410830042012261,8.031222896790968
1970-01-01,628.7,6.761588139159258,7.74635818337619
1970-02-01,634.0,8.990812006549165,7.694921012400191
1970-03-01,632.3,6.242507365710193,7.369672270334515
1970-04-01,636.0,4.726025363244846,7.088735477353092
1970-05-01,642.4,5.405942900125527,7.01316008662336
1970-06-01,646.3,9.15506596654101,7.5553336661674075
1970-07-01,648.5,8.09645686527871,7.59913721586194
1970-08-01,652.9,6.700030934524692,7.0503361206755155
1970-09-01,659.1,8.160484217475794,7.4853228962817875
1970-10-01,658.3,6.183124042264354,6.434923201293441
1970-11-01,656.6,2.2861516176466257,5.817888799355364
1970-12-01,665.6,4.003512413873223,6.87219010918434
1971-01-01,676.1,11.262374295058386,7.53936694766979
1971-02-01,679.4,14.63009611696724,7.160883280757102
1971-03-01,682.0,10.226050238717368,7.860192946386224
1971-04-01,688.8,7.728052813958119,8.301886792452828
1971-05-01,691.1,7.068421939167302,7.580946450809467
1971-06-01,699.8,10.855757508549658,8.277889524988403
1971-07-01,698.9,5.995543997215802,7.771781033153435
1971-08-01,704.9,8.229703927603271,7.964466227599942
1971-09-01,713.0,7.761187070096276,8.17781823698982
1971-10-01,715.8,10.028860260328232,8.734619474403772
1971-11-01,720.9,9.393132797160074,9.79287237282973
1971-12-01,728.4,8.923510323698292,9.435096153846146
1972-01-01,731.5,9.066291307903285,8.194054134003848
1972-02-01,736.2,8.763493901662311,8.360317927583182
1972-03-01,749.2,11.920934143818918,9.853372434017604
1972-04-01,752.5,11.987279688977528,9.247967479674802
1972-05-01,758.0,12.38117539911281,9.68021993922732
1972-06-01,761.6,6.786577268068439,8.831094598456701
1972-07-01,769.9,9.574945029206972,10.158821004435548
1972-08-01,776.3,10.012370335516874,10.129096325719967
1972-09-01,781.1,10.641692272539082,9.551192145862553
1972-10-01,794.9,13.635155196239968,11.050572785694325
1972-11-01,800.5,13.06469105185557,11.041753363850738
1972-12-01,806.1,13.43031376033148,10.667215815485998
1973-01-01,816.5,11.32040260689764,11.619958988380041
1973-02-01,825.8,13.254161525378796,12.17060581363758
1973-03-01,832.8,13.921889990541716,11.158569140416441
1973-04-01,835.7,9.743006120981068,11.056478405315628
1973-05-01,841.6,7.875641934785937,11.02902374670185
1973-06-01,844.3,5.639002346671695,10.858718487394947
1973-07-01,854.1,9.102142409870172,10.93648525782569
1973-08-01,853.3,5.677875854446368,9.918845807033371
1973-09-01,869.2,12.328953669108888,11.278965561387789
1973-10-01,868.2,6.768769744578829,9.22128569631402
1973-11-01,876.9,11.530409756700587,9.544034978138672
1973-12-01,876.6,3.4491662176993065,8.745813174544104
1974-01-01,884.5,7.723938420985532,8.328230251071655
1974-02-01,889.7,5.967839999791513,7.7379510777427996
1974-03-01,901.4,11.80580417548609,8.237271853986549
1974-04-01,910.8,12.434796656794788,8.986478401340193
1974-05-01,922.4,15.532139209061778,9.600760456273761
1974-06-01,928.0,12.33670725078846,9.913537841999286
1974-07-01,937.9,12.443422416585936,9.811497482730358
1974-08-01,954.8,14.80808268001712,11.894995898277273
1974-09-01,955.1,12.202743314275844,9.88265071329959
1974-10-01,959.2,9.398290834599354,10.481455885740608
1974-11-01,956.2,0.5878015039543438,9.04322043562551
1974-12-01,961.8,2.8356531275357755,9.719370294318953
1975-01-01,975.6,7.016436680604499,10.29960429621255
1975-02-01,989.4,14.628515123271658,11.20602450264132
1975-03-01,990.6,12.526342662093604,9.895717772354118
1975-04-01,995.0,8.194493067759634,9.244620114185341
1975-05-01,1018.9,12.4704997411629,10.46183868169992
1975-06-01,1026.8,15.43835925068815,10.646551724137932
1975-07-01,1039.8,19.2633294824234,10.864697728968963
1975-08-01,1047.0,11.496305692578112,9.65647255969837
1975-09-01,1054.8,11.362005759835082,10.438697518584439
1975-10-01,1060.9,8.367372938833405,10.602585487906602
1975-11-01,1075.8,11.46523425341488,12.50784354737502
1975-12-01,1092.1,14.912995009231356,13.547515075899351
1976-01-01,1107.1,18.590419526169065,13.478884788847868
1976-02-01,1107.7,12.39900405762766,11.956741459470388
1976-03-01,1114.9,8.616057128716538,12.547950736927117
1976-04-01,1125.4,6.777620909490345,13.105527638190972
1976-05-01,1122.7,5.5276501973003045,10.187457061536964
1976-06-01,1140.5,9.505894383246316,11.073237241916644
1976-07-01,1149.6,8.882824243093058,10.559723023658396
1976-08-01,1158.0,13.182516805592371,10.601719197707737
1976-09-01,1168.8,10.301051668837149,10.80773606370875
1976-10-01,1176.8,9.80537978304401,10.924686586860188
1976-11-01,1189.0,11.1458319319504,10.522401933444891
1976-12-01,1211.5,15.433765346645531,10.933064737661402
1977-01-01,1215.0,13.630383616420438,9.746183723240897
1977-02-01,1231.3,15.00801279569568,11.15825584544552
1977-03-01,1238.3,9.14650101816461,11.068257242802026
1977-04-01,1247.3,11.065346957224389,10.831704282921617
1977-05-01,1257.1,8.648513218962517,11.971140999376484
1977-06-01,1263.6,8.426384714727586,10.793511617711516
1977-07-01,1280.5,11.07968559752006,11.386569241475296
1977-08-01,1285.7,9.41560600315925,11.027633851468055
1977-09-01,1294.5,10.146258685991397,10.754620123203296
1977-10-01,1311.4,10.007523042341091,11.437797416723328
1977-11-01,1327.0,13.481512586754762,11.606391925988223
1977-12-01,1336.0,13.45342560438132,10.276516714816353
1978-01-01,1329.5,5.636170616596048,9.423868312757211
1978-02-01,1355.1,8.743095029780346,10.054414033947868
1978-03-01,1377.5,13.016173152018794,11.24121779859486
1978-04-01,1396.4,21.698715364196453,11.953820251743785
1978-05-01,1412.0,17.883604238065143,12.322010977646979
1978-06-01,1425.8,14.780473346087142,12.836340614118402
1978-07-01,1426.8,8.99662288072356,11.425224521671229
1978-08-01,1447.0,10.28979706473625,12.54569495216613
1978-09-01,1452.9,7.822265703647946,12.236384704519132
1978-10-01,1466.9,11.724811766381247,11.857556809516545
1978-11-01,1480.6,9.61673335953841,11.574981160512433
1978-12-01,1496.5,12.55479197421856,12.01347305389222
1979-01-01,1502.4,10.037386115889202,13.004889056036117
1979-02-01,1517.8,10.435121616159826,12.006493985683719
1979-03-01,1531.2,9.602584957215289,11.157894736842099
1979-04-01,1538.4,9.934697374036872,10.169006015468351
1979-05-01,1558.8,11.250864518287894,10.396600566572234
1979-06-01,1575.7,12.141525155841215,10.513395988217145
1979-07-01,1586.1,12.99134428468216,11.164844407064756
1979-08-01,1615.6,15.39149219624152,11.65169315825847
1979-09-01,1633.9,15.61328759929208,12.457842934820018
1979-10-01,1641.6,14.748525393391908,11.909468948121882
1979-11-01,1657.3,10.730979969158906,11.934350938808592
1979-12-01,1666.3,8.171010353308649,11.346475108586706
1980-01-01,1697.3,14.278642063358337,12.972577209797652
1980-02-01,1701.4,11.07624569259036,12.096455395967865
1980-03-01,1708.2,10.44399124075066,11.559561128526653
1980-04-01,1695.2,-0.4939859417431691,10.192407696307848
1980-05-01,1700.1,-0.3052805476334463,9.064665127020778
1980-06-01,1718.8,2.5053445882268432,9.08167798438788
1980-07-01,1747.1,12.820307748728489,10.150684067839343
1980-08-01,1763.8,15.850919105563444,9.173062639267137
1980-09-01,1780.5,15.150686640272838,8.97239733153803
1980-10-01,1817.1,17.015733332746684,10.690789473684204
1980-11-01,1826.8,15.07120439563796,10.227478428769675
1980-12-01,1851.7,16.98080193304783,11.12644781852008
1981-01-01,1870.0,12.16338632710019,10.17498379779651
1981-02-01,1884.2,13.173301695220571,10.744093099800157
1981-03-01,1902.9,11.527343614378749,11.397962767825787
1981-04-01,1904.4,7.563831836714652,12.340726757904674
1981-05-01,1913.8,6.433465508485381,12.569848832421627
1981-06-01,1934.5,6.809792598349884,12.54945310681872
1981-07-01,1942.1,8.156758248680918,11.1613530994219
1981-08-01,1966.6,11.500788429488807,11.497902256491654
1981-09-01,1965.5,6.565654445411218,10.390339792193215
1981-10-01,1963.9,4.566152264622647,8.07880689009961
1981-11-01,1970.6,0.8160724824620491,7.871688197941751
1981-12-01,1988.8,4.826781674238023,7.404007128584533
1982-01-01,1997.1,6.935465955814735,6.796791443850259
1982-02-01,2021.2,10.673398044912275,7.270990340728156
1982-03-01,2024.1,7.291029937402094,6.369225918335153
1982-04-01,2026.3,5.978002858522791,6.400966183574863
1982-05-01,2044.5,4.691470821561627,6.829344759117983
1982-06-01,2048.1,4.8278722542751895,5.8723184285345065
1982-07-01,2072.2,9.373396694102777,6.69893414345295
1982-08-01,2080.1,7.1490676598520375,5.7713820807484995
1982-09-01,2104.6,11.499683334360466,7.077079623505456
1982-10-01,2125.8,10.754895943775631,8.243800600845264
1982-11-01,2149.3,13.985943594535488,9.06830406982646
1982-12-01,2161.6,11.28152343026656,8.688656476267088
1983-01-01,2174.0,9.382677042211183,8.857843873616744
1983-02-01,2177.0,5.255684865041732,7.708292103700765
1983-03-01,2202.8,7.844734231781625,8.828615186996714
1983-04-01,2226.4,9.995423030179662,9.875141884222472
1983-05-01,2245.9,13.27340207883907,9.85081927121545
1983-06-01,2276.0,13.96953062145112,11.127386358087987
1983-07-01,2304.4,14.767439611053156,11.205482096322772
1983-08-01,2320.4,13.943555378245788,11.552329214941604
1983-09-01,2334.9,10.760296530862767,10.94269694953911
1983-10-01,2357.6,9.559243584401925,10.904130209803364
1983-11-01,2366.3,8.150314754313982,10.096310426650534
1983-12-01,2393.6,10.441720614814564,10.73279052553664
1984-01-01,2419.4,10.904767032579564,11.287948482060717
1984-02-01,2403.5,6.438143499358429,10.404225999081307
1984-03-01,2431.6,6.503096342540604,10.386780461231137
1984-04-01,2457.5,6.449444825406747,10.379985627021204
1984-05-01,2474.5,12.350064667381533,10.178547575582165
1984-06-01,2495.6,10.951037837560706,9.648506151142344
1984-07-01,2494.6,6.176783804876496,8.253775386217654
1984-08-01,2512.2,6.234850853105756,8.265816238579538
1984-09-01,2533.8,6.264797608163164,8.518566105614811
1984-10-01,2531.3,6.015851163064112,7.36766202918222
1984-11-01,2571.4,9.764451911814652,8.667540041414856
1984-12-01,2582.6,7.92927494264315,7.896056149732611
1985-01-01,2618.8,14.56048734601081,8.24171282136068
1985-02-01,2640.8,11.24064209889677,9.873101726648637
1985-03-01,2648.5,10.604124482293289,8.920052640236875
1985-04-01,2659.5,6.363017483981581,8.219735503560521
1985-05-01,2696.4,8.691411476438393,8.967468175388982
1985-06-01,2689.4,6.321646399621206,7.765667574931889
1985-07-01,2715.7,8.72444277179123,8.863144391886468
1985-08-01,2752.1,8.522444406850461,9.549398933205966
1985-09-01,2794.7,16.605538132774413,10.296787433893751
1985-10-01,2755.8,6.038509375472123,8.8689606131237
1985-11-01,2771.1,2.7902570391058923,7.766197402193353
1985-12-01,2811.3,2.3971786489664915,8.855417021606149
1986-01-01,2827.1,10.75769250186751,7.954024744157628
1986-02-01,2820.2,7.278042325271761,6.793395940624047
1986-03-01,2823.6,1.7615989969527843,6.611289409099497
1986-04-01,2835.2,1.1509855089465892,6.606504982139483
1986-05-01,2857.5,5.396289874016458,5.974632843791716
1986-06-01,2861.7,5.507594402157667,6.406633449840093
1986-07-01,2881.2,6.64949997142239,6.094193025739214
1986-08-01,2898.6,5.878601239887704,5.323207732277169
1986-09-01,2971.8,16.300585045757376,6.336995026299785
1986-10-01,2932.9,7.373076724137451,6.426446041077005
1986-11-01,2928.4,4.1761830821752,5.676446176608563
1986-12-01,2997.1,3.449077266086187,6.6090420801764305
1987-01-01,2935.5,0.3550696406485309,3.8343178522160626
1987-02-01,3001.7,10.39452830787695,6.435713779164609
1987-03-01,3013.3,2.179683149035583,6.718373707323999
1987-04-01,3038.8,14.83654879227312,7.181151241535
1987-05-01,3048.4,6.369880398109595,6.680664916885393
1987-06-01,3072.8,8.135350006540175,7.376734109096006
1987-07-01,3094.7,7.563703959190415,7.410106899902824
1987-08-01,3130.8,11.25857386686988,8.01076381701511
1987-09-01,3126.5,7.175755951527041,5.205599300087482
1987-10-01,3134.5,5.244371036535211,6.873742711991548
1987-11-01,3144.2,1.723045210885643,7.36921185630377
1987-12-01,3174.1,6.230368562598176,5.905708851890168
1988-01-01,3213.7,10.496426865256336,9.47709078521546
1988-02-01,3221.4,10.188929518723366,7.319185794716332
1988-03-01,3260.5,11.340815486206491,8.203630571134624
1988-04-01,3263.0,6.278878776125163,7.3779123338159724
1988-05-01,3293.6,9.270970059865656,8.043563836766833
1988-06-01,3318.5,7.307597040507541,7.995964592554006
1988-07-01,3342.7,10.133974001747802,8.01370084337738
1988-08-01,3368.0,9.346507251817185,7.576338316085329
1988-09-01,3375.0,6.9862144098655765,7.9481848712617875
1988-10-01,3413.7,8.770669856939396,8.907321741904607
1988-11-01,3430.2,7.594343272749726,9.09611347878634
1988-12-01,3459.7,10.422775139800232,8.997826155445644
1989-01-01,3483.7,8.45799847840314,8.40153094563898
1989-02-01,3488.0,6.912413743537638,8.27590488607437
1989-03-01,3498.8,4.597837331448562,7.308694985431696
1989-04-01,3543.0,6.984685716961359,8.58106037388906
1989-05-01,3551.8,7.519715500279167,7.839446198688371
1989-06-01,3566.6,7.979459571041314,7.476269398824775
1989-07-01,3585.7,4.90862513768584,7.269572501271426
1989-08-01,3620.6,7.976234164188467,7.499999999999996
1989-09-01,3621.9,6.347724165617996,7.315555555555564
1989-10-01,3633.6,5.451475940933559,6.441690833992442
1989-11-01,3643.3,2.5315556849196064,6.21246574543759
1989-12-01,3684.2,7.059934037090865,6.4890019365841045
1990-01-01,3730.7,11.125273046924589,7.090162757987195
1990-02-01,3728.2,9.652130251070012,6.886467889908254
1990-03-01,3754.9,7.899817173552459,7.319652452269354
1990-04-01,3770.0,4.28073708781751,6.4069997177533144
1990-05-01,3775.8,5.205663593151577,6.306661411115488
1990-06-01,3804.5,5.389380600329097,6.670218134918415
1990-07-01,3821.7,5.599282776011849,6.581699528683371
1990-08-01,3848.3,7.904549157605278,6.289012870794908
1990-09-01,3870.1,7.077542199840381,6.852756840332419
1990-10-01,3870.6,5.217214402087156,6.522457067371201
1990-11-01,3871.9,2.4756887127958205,6.274531331485189
1990-12-01,3861.3,-0.9064397038858308,4.807013734324972
1991-01-01,3841.0,-3.0240462480589203,2.9565497091698756
1991-02-01,3866.7,-0.5361227199884633,3.714929456574212
1991-03-01,3913.0,5.464236142629697,4.210498282244535
1991-04-01,3907.1,7.063362474691659,3.636604774535801
1991-05-01,3933.2,7.058759859631669,4.1686530006885825
1991-06-01,3940.5,2.840915889258322,3.574714154290981
1991-07-01,3966.0,6.16777894985947,3.775806578224361
1991-08-01,3969.1,3.701262041288711,3.1390484109866668
1991-09-01,3984.7,4.562796999061081,2.961163794217203
1991-10-01,3976.0,1.012393857678262,2.723092027075902
1991-11-01,4003.6,3.5224540430595086,3.4014308220770006
1991-12-01,4020.5,3.642468104034191,4.122963768678933
1992-01-01,4084.7,11.392296747842876,6.344701900546723
1992-02-01,4099.5,9.931167590626488,6.020637753122826
1992-03-01,4117.0,9.952017393655677,5.2133912599028776
1992-04-01,4131.5,4.662322312871026,5.743390238284163
1992-05-01,4158.4,5.872089792448665,5.725617817553141
1992-06-01,4177.1,5.968313296681971,6.004314173328273
1992-07-01,4204.8,7.287801454667808,6.0211800302572005
1992-08-01,4220.9,6.148828112963156,6.344007457610035
1992-09-01,4255.3,7.701374014596718,6.790975481215655
1992-10-01,4284.7,7.820242402595068,7.764084507042246
1992-11-01,4300.5,7.759496990268411,7.415825756818872
1992-12-01,4336.4,7.844154371510603,7.857231687601041
1993-01-01,4340.7,5.331291051928466,6.267290131466208
1993-02-01,4355.3,5.195337925945531,6.239785339675574
1993-03-01,4352.5,1.4933940800742729,5.720184600437217
1993-04-01,4393.4,4.94551843653539,6.339102021057719
1993-05-01,4422.4,6.306491319144314,6.348595613697583
1993-06-01,4440.0,8.287109505966628,6.293840224078906
1993-07-01,4468.9,7.053177835220081,6.280917047184165
1993-08-01,4481.1,5.415981673364856,6.1645620602241324
1993-09-01,4511.5,6.598714229413583,6.020727093271905
1993-10-01,4532.8,5.843375633951542,5.790370387658417
1993-11-01,4554.1,6.677224557231898,5.896988722241603
1993-12-01,4571.1,5.389912091887394,5.412323586385037
1994-01-01,4585.1,4.695742002579673,5.630428271937715
1994-02-01,4632.6,7.0752163192507656,6.366955204004321
1994-03-01,4646.0,6.717079814545812,6.743251005169437
1994-04-01,4671.1,7.716296121175881,6.320844903719225
1994-05-01,4669.5,3.224385838235766,5.587463820549932
1994-06-01,4708.9,5.5263821064458485,6.056306306306292
1994-07-01,4720.6,4.3066863346229445,5.632258497616882
1994-08-01,4762.6,8.216855814629875,6.281939702305239
1994-09-01,4775.0,5.734236321778297,5.840629502382799
1994-10-01,4812.9,8.05342681218466,6.1794034592304925
1994-11-01,4825.6,5.397145492118471,5.961660920928402
1994-12-01,4841.6,5.696868771476371,5.9176128284220475
1995-01-01,4851.2,3.221309787424942,5.8035811650781755
1995-02-01,4850.8,2.105278956987977,4.710098001122476
1995-03-01,4885.4,3.668039830373204,5.152819629789063
1995-04-01,4890.2,3.254685160447668,4.6905439832159335
1995-05-01,4933.1,6.9611839186451085,5.645144019702331
1995-06-01,4977.5,7.756769390241547,5.704092250844162
1995-07-01,4970.2,6.706033083200169,5.287463458034991
1995-08-01,5005.3,5.9841140435163975,5.095955990425383
1995-09-01,5020.5,3.500586516209747,5.141361256544497
1995-10-01,5013.9,3.5636173764780343,4.176276257557809
1995-11-01,5055.6,4.080739680872059,4.766246684350128
1995-12-01,5097.5,6.277432052528953,5.285442828816911
1996-01-01,5085.7,5.85229550107933,4.833855540897103
1996-02-01,5132.8,6.249415203760145,5.813474066133417
1996-03-01,5173.3,6.082004586560852,5.89306914479879
1996-04-01,5208.0,9.971702904185143,6.498711709132565
1996-05-01,5223.8,7.282477727029035,5.892846283270159
1996-06-01,5229.8,4.440674350328089,5.068809643395289
1996-07-01,5251.9,3.414608128892027,5.66777996861294
1996-08-01,5275.0,3.9785343990099697,5.388288414280851
1996-09-01,5296.6,5.207907239474396,5.499452245792269
1996-10-01,5328.5,5.962961488275065,6.274556732284253
1996-11-01,5351.2,5.9046125982967546,5.846981564997211
1996-12-01,5378.6,6.337950410067261,5.514467876410012
1997-01-01,5411.1,6.346293881388321,6.398332579585908
1997-02-01,5434.0,6.33440481717038,5.8681421446384
1997-03-01,5454.2,5.741933206464034,5.429803027081359
1997-04-01,5459.3,3.610937044212448,4.825268817204309
1997-05-01,5460.2,1.9425906901952672,4.525441249664985
1997-06-01,5494.2,2.965947944446224,5.055642663199356
1997-07-01,5548.8,6.7206457474263015,5.6531921780689
1997-08-01,5587.0,9.61764887219758,5.91469194312797
1997-09-01,5601.7,8.059145090854503,5.7602990597741766
1997-10-01,5637.7,6.564257179580224,5.802758750117287
1997-11-01,5661.1,5.411652241032972,5.791224398265826
1997-12-01,5692.1,6.613131393088012,5.828654296657132
1998-01-01,5689.9,3.755394763750109,5.152371976123149
1998-02-01,5723.8,4.50438052554667,5.333087964666916
1998-03-01,5750.3,4.1530342840891965,5.428843826775709
1998-04-01,5788.1,7.084242288541298,6.022750169435653
1998-05-01,5837.9,8.215334126884756,6.917329035566455
1998-06-01,5871.7,8.71598907304374,6.870882021040381
1998-07-01,5890.0,7.230190165036898,6.149077277970005
1998-08-01,5925.0,6.102792156630099,6.049758367639169
1998-09-01,5965.6,6.551872747564591,6.496242212185588
1998-10-01,5998.8,7.596055941344537,6.405094276034551
1998-11-01,6015.4,6.244052357736596,6.25850099803924
1998-12-01,6070.5,7.221365413200664,6.647810122801778
1999-01-01,6073.9,5.102493284725096,6.7488005061600465
1999-02-01,6099.2,5.689891624762233,6.5585799643593345
1999-03-01,6133.0,4.182315346932897,6.655304940611795
1999-04-01,6199.5,8.531575497026878,7.107686460150986
1999-05-01,6232.1,9.004933693567608,6.752428099145247
1999-06-01,6260.3,8.564721706202526,6.618185534002086
1999-07-01,6287.6,5.806649897743221,6.750424448217318
1999-08-01,6331.9,6.561061019696624,6.867510548523192
1999-09-01,6386.5,8.310630474085311,7.055451253855427
1999-10-01,6411.4,8.111494358692205,6.878042275121676
1999-11-01,6448.7,7.585193354591069,7.203178508494856
1999-12-01,6541.0,10.033500772348036,7.750597150152383
2000-01-01,6542.9,8.460009797971368,7.721562752103273
2000-02-01,6625.3,11.412392104910673,8.62572140608604
2000-03-01,6686.5,9.199034685422111,9.02494700798957
2000-04-01,6679.1,8.59020484904487,7.736107750625054
2000-05-01,6709.7,5.193817851317473,7.663548402625109
2000-06-01,6746.9,3.662504501160102,7.772790441352639
2000-07-01,6768.5,5.462472721129164,7.648387301991222
2000-08-01,6802.8,5.666762500344169,7.436946256258015
2000-09-01,6888.6,8.66927666909838,7.861896187270023
2000-10-01,6893.8,7.613061220961015,7.524097700970156
2000-11-01,6909.8,6.441527056321217,7.150278350675343
2000-12-01,6952.2,3.744518668167318,6.28650053508637
2001-01-01,6987.4,5.542579290414307,6.793623622552691
2001-02-01,7001.8,5.433080775423993,5.682761535326697
2001-03-01,6996.7,2.585028219104224,4.639198384805199
2001-04-01,7004.2,0.965205154191362,4.867422257489773
2001-05-01,7052.8,2.945523982858256,5.1134924065159515
2001-06-01,7069.7,4.239166149986318,4.7844195111829135
2001-07-01,7082.3,4.535336681686775,4.636182315136295
2001-08-01,7121.7,3.965303728115188,4.687775621802781
2001-09-01,7007.0,-3.5006185222134723,1.7187817553639295
2001-10-01,7212.9,7.582682281145536,4.628796889959075
2001-11-01,7182.3,3.4473726126697635,3.9436742018582382
2001-12-01,7166.7,9.433031633161535,3.0853542763441766
2002-01-01,7184.6,-1.5601980645666311,2.822222858287793
2002-02-01,7225.2,2.410698326153482,3.190608129338157
2002-03-01,7243.4,4.350125187616283,3.525947946889252
2002-04-01,7312.5,7.3131987986235325,4.401644727449239
2002-05-01,7288.9,3.573457669031277,3.3476066243194103
2002-06-01,7322.5,4.440188341227369,3.575823585159199
2002-07-01,7387.3,4.154833347043896,4.306510596840019
2002-08-01,7412.6,6.9631768677064665,4.084698878076876
2002-09-01,7391.5,3.822815859386952,5.487369773084061
2002-10-01,7435.2,2.618975799813672,3.08197812253046
2002-11-01,7463.8,2.7916205731303823,3.9193573089400413
2002-12-01,7519.9,7.131685198317395,4.928349170468982
2003-01-01,7541.3,5.831329158412069,4.964785791832527
2003-02-01,7548.6,4.622640521765642,4.476000664341484
2003-03-01,7611.5,4.962156620270464,5.081867631222914
2003-04-01,7634.5,5.035843308444998,4.403418803418813
2003-05-01,7650.3,5.498968392618542,4.958224149048562
2003-06-01,7699.6,4.710841186285086,5.149880505291904
2003-07-01,7757.0,6.574368524324337,5.004534809741035
2003-08-01,7852.1,10.976091112928255,5.9290937053125825
2003-09-01,7853.7,8.249170222460855,6.2531285936548775
2003-10-01,7867.4,5.815614900317834,5.812890036582741
2003-11-01,7922.6,3.640054064137521,6.147002867172224
2003-12-01,7950.4,5.016777187812149,5.724810170348005
2004-01-01,8007.1,7.294159955020429,6.176653892564943
2004-02-01,8040.4,6.081511991563238,6.515115385634407
2004-03-01,8098.8,7.6779500990810545,6.402154634434742
2004-04-01,8107.2,5.095117033425956,6.191630100203027
2004-05-01,8176.5,6.944670004973341,6.878161640719971
2004-06-01,8157.6,2.9359147850875456,5.94836095381579
2004-07-01,8236.9,6.554458428450372,6.186670104421799
2004-08-01,8271.6,4.734155164710008,5.342519835458037
2004-09-01,8341.5,9.326889335112051,6.2110852209786405
2004-10-01,8397.1,8.009542575165106,6.732846937997317
2004-11-01,8444.5,8.626969075823698,6.587483906798264
2004-12-01,8504.4,8.043364234051253,6.968202857717842
2005-01-01,8497.7,4.878937416975981,6.127062232268865
2005-02-01,8559.1,5.539891110605577,6.451171583503323
2005-03-01,8598.4,4.495085047023206,6.1688151331061425
2005-04-01,8678.4,8.78100697536599,7.045589105979877
2005-05-01,8671.6,5.362130767976914,6.055158074970968
2005-06-01,8753.4,7.407972753883429,7.303618711385695
2005-07-01,8853.8,8.332851724320411,7.489468125144172
2005-08-01,8850.1,8.491512798247957,6.993810145558288
2005-09-01,8900.4,6.888504683564811,6.700233770904518
2005-10-01,8938.5,3.881867478791068,6.447464005430437
2005-11-01,8946.2,4.414713237105561,5.941145124045244
2005-12-01,8981.1,3.676428510295837,5.6053337096091616
2006-01-01,9071.6,6.090620971536054,6.753592148463694
2006-02-01,9096.0,6.867929388124283,6.27285579091259
2006-03-01,9132.9,6.934213940012546,6.216272794938593
2006-04-01,9191.6,5.397157048846468,5.913532448377601
2006-05-01,9231.8,6.106928300166725,6.460168826975399
2006-06-01,9259.6,5.665714838581581,5.782895789064835
2006-07-01,9343.8,6.789774651862701,5.5343468341277235
2006-08-01,9342.2,4.869957768947275,5.560389148145228
2006-09-01,9375.4,5.096999840744565,5.336838793762078
2006-10-01,9393.6,2.148999246128147,5.091458298372209
2006-11-01,9400.2,2.5065774126113327,5.074780353669706
2006-12-01,9488.3,4.904569827199912,5.647415127322919
2007-01-01,9538.7,6.323314853679429,5.149036553639941
2007-02-01,9566.0,7.244031342258683,5.167106420404566
2007-03-01,9611.7,5.3045648414763,5.242584502184422
2007-04-01,9643.6,4.472020196319448,4.917533400060936
2007-05-01,9685.8,5.10429959340486,4.917784180766471
2007-06-01,9706.8,4.016801991574659,4.829582271372401
2007-07-01,9751.1,4.534028612268215,4.359040219182786
2007-08-01,9798.9,4.75320366671621,4.888570144077398
2007-09-01,9845.1,5.822057490149213,5.009919576764732
2007-10-01,9882.7,5.5086356918051305,5.206736501447806
2007-11-01,9955.9,6.564561113178025,5.911576349439351
2007-12-01,9972.8,5.290190416074703,5.106288797782543
2008-01-01,9996.4,4.682010495859457,4.798347783240886
2008-02-01,9981.7,1.0406075450105856,4.345598996445754
2008-03-01,10035.3,2.530482680278512,4.407128811760641
2008-04-01,10070.3,2.9900173149280063,4.424696171554188
2008-05-01,10132.3,6.173004697016671,4.609841210844734
2008-06-01,10187.1,6.189319416827299,4.948077636296211
2008-07-01,10185.1,4.638511952015612,4.450779912009928
2008-08-01,10175.7,1.7243722349943311,3.845329577809764
2008-09-01,10116.4,-2.7472939902100317,2.7556855694711
2008-10-01,10034.1,-5.799651369620539,1.5319700081961374
2008-11-01,9885.2,-10.93959545785552,-0.710131680711934
2008-12-01,9801.5,-11.88168065966314,-1.7176720680250224
2009-01-01,9847.2,-7.244998855114026,-1.492537313432829
2009-02-01,9824.5,-2.433666222024866,-1.574882034122449
2009-03-01,9773.2,-1.1499329413223958,-2.611780415134557
2009-04-01,9772.5,-3.0000117400253545,-2.957210808019617
2009-05-01,9791.6,-1.332794820911254,-3.362513940566292
2009-06-01,9852.4,3.281133812933512,-3.2855277753237044
2009-07-01,9886.3,4.739964793670959,-2.933697263649848
2009-08-01,10004.1,8.967614217078545,-1.6863704708275584
2009-09-01,9927.8,3.096503348172241,-1.8642995532007434
2009-10-01,9976.7,3.7080605576409456,-0.5720493118466008
2009-11-01,9985.7,-0.7336711559570608,1.0166713875288336
2009-12-01,10052.6,5.123915865203377,2.5618527776360756
2010-01-01,10056.1,3.221622444122474,2.1214152246323836
2010-02-01,10093.4,4.384467674045056,2.7370349636113733
2010-03-01,10156.0,4.178274687720718,3.9168337903654926
2010-04-01,10182.3,5.115127198925595,4.193399846508061
2010-05-01,10210.8,4.734349658342141,4.281220638097949
2010-06-01,10231.3,2.998881306983203,3.845763468799479
2010-07-01,10268.1,3.413397011643049,3.861909915742001
2010-08-01,10307.1,3.826180957205039,3.0287582091342635
2010-09-01,10327.1,3.798302965672584,4.022039122464194
2010-10-01,10386.4,4.688702698648273,4.106568304148661
2010-11-01,10433.6,5.000356354929814,4.485414142223365
2010-12-01,10471.0,5.691268097507618,4.162107315520358
2011-01-01,10514.3,5.017404674881987,4.556438380684358
2011-02-01,10540.6,4.165667172434162,4.430618027622013
2011-03-01,10619.7,5.8026036273629344,4.565773926742822
2011-04-01,10652.1,5.346347315963596,4.613888807047539
2011-05-01,10672.2,5.088329992684226,4.51874485838526
2011-06-01,10694.8,2.8588527534244346,4.530216101570672
2011-07-01,10731.6,3.01891409443078,4.513980191077227
2011-08-01,10750.3,2.9595211171565383,4.29994857913476
2011-09-01,10783.2,3.3474991151771327,4.416535135710897
2011-10-01,10802.9,2.6841746192570293,4.01005160594623
2011-11-01,10806.8,2.11889828183518,3.5769053826100183
2011-12-01,10817.8,1.2896686619430886,3.3120045840893786
2012-01-01,10896.8,3.5224391072733674,3.6379026658931224
2012-02-01,10987.2,6.846343362278939,4.236950458228184
2012-03-01,10993.9,6.67222101695959,3.5236400274960555
2012-04-01,11018.5,4.542765467699406,3.439697336675396
2012-05-01,11006.8,0.7154692326939882,3.1352485897940374
2012-06-01,10989.8,-0.1490902054984033,2.7583498522646632
2012-07-01,11016.8,-0.0617001084079804,2.6575720302657535
2012-08-01,11056.0,1.800009720821305,2.8436415727933317
2012-09-01,11105.3,4.270636569677966,2.9870539357518933
2012-10-01,11137.4,4.4511941404646205,3.09639078395616
2012-11-01,11178.4,4.502448005792914,3.438575711589009
2012-12-01,11181.2,2.7619845572309343,3.3592782266264942
2013-01-01,11245.8,3.950396861442118,3.2027751266426874
2013-02-01,11282.1,3.762683544730772,2.684032328527741
2013-03-01,11268.9,3.174515129563038,2.5013871328645854
2013-04-01,11259.3,0.4810446045901528,2.1854154376729884
2013-05-01,11295.1,0.461704345343561,2.6192898935203823
2013-06-01,11318.5,1.7722557888518953,2.9909552494131075
2013-07-01,11346.8,3.144965846105108,2.9954251688330658
2013-08-01,11376.9,2.928452196507547,2.9024963820549976
2013-09-01,11413.9,3.4143370825231445,2.7788533402969717
2013-10-01,11465.2,4.23964891912072,2.943236302907337
2013-11-01,11531.3,5.54005611428563,3.156981321119301
2013-12-01,11558.6,5.168259283522425,3.375308553643608
2014-01-01,11543.7,2.7669782537078413,2.648988955876863
2014-02-01,11615.4,2.949347179497286,2.9542372430664487
2014-03-01,11695.2,4.811677926385438,3.7829779304102473
2014-04-01,11737.4,6.882719163673867,4.2462675299530295
2014-05-01,11778.6,5.739685148740548,4.280617258811348
2014-06-01,11838.0,4.974237845519558,4.589830807969264
2014-07-01,11879.2,4.920694384173863,4.692071773539697
2014-08-01,11958.8,6.261444985119469,5.114750063725615
2014-09-01,11964.9,4.357327907588937,4.827447235388438
2014-10-01,12035.5,5.367765909434841,4.974182744304501
2014-11-01,12058.4,3.3732888001339,4.571037090354091
2014-12-01,12067.6,3.4778347205624005,4.4036475005623466
2015-01-01,12036.5,0.0332391554386246,4.268995209508208
2015-02-01,12083.1,0.8218667683489889,4.026550958210651
2015-03-01,12132.2,2.1585261874410344,3.7365756891716284
2015-04-01,12170.3,4.521168065455949,3.6882103361902896
2015-05-01,12233.6,5.076022886098297,3.8629378703750827
2015-06-01,12270.3,4.631506863630341,3.6517992904206764
2015-07-01,12327.5,5.267645587464953,3.773823153074285
2015-08-01,12359.3,4.173772313814661,3.34899822724688
2015-09-01,12356.4,2.836458277917675,3.272070807110805
2015-10-01,12362.3,1.1339731775313444,2.7153005691495924
2015-11-01,12397.5,1.242059581658439,2.8121475485968217
2015-12-01,12432.8,2.4962448800592174,3.026285259703654
2016-01-01,12452.1,2.9374213712862973,3.4528309724587647
2016-02-01,12526.3,4.220887435261411,3.66793289801457
2016-03-01,12506.8,2.40213941242462,3.08765104432831
2016-04-01,12586.0,4.371160082437364,3.4156923001076533
2016-05-01,12624.4,3.169601144942269,3.194480774261055
2016-06-01,12701.7,6.380636387755323,3.5158064594997818
2016-07-01,12720.6,4.346881910941036,3.1888055161224838
2016-08-01,12749.8,4.0328515652994446,3.159564052980346
2016-09-01,12806.8,3.3511004986862547,3.645074617202426
2016-10-01,12828.1,3.423435831696397,3.7679072664472013
2016-11-01,12853.6,3.2965064554390637,3.6789675337769667
2016-12-01,12962.9,4.965402077675685,4.263721768225981
2017-01-01,13015.1,5.959692719525211,4.521325720159641
2017-02-01,13034.7,5.756005260111818,4.058660578143591
2017-03-01,13089.6,3.967312598365158,4.659865033421817
2017-04-01,13127.7,3.505764310909876,4.303988558716032
2017-05-01,13128.7,2.915961907899378,3.9946452900732066
2017-06-01,13176.8,2.6914569364185903,3.740444192509651
2017-07-01,13198.3,2.168592171971939,3.755326006634907
2017-08-01,13241.0,3.4656628099976494,3.8526094526972976
2017-09-01,13365.1,5.839805615117788,4.359402817253333
2017-10-01,13394.8,6.089633947815876,4.41764563731184
2017-11-01,13495.7,7.919151040987704,4.995487645484542
2017-12-01,13601.8,7.2745468328822,4.928681082165243
2018-01-01,13620.1,6.899642051024779,4.648446804096773
2018-02-01,13657.2,4.873319582804303,4.775714055559388
2018-03-01,13725.0,3.672572139991326,4.854235423542352
2018-04-01,13809.3,5.6733494855062405,5.192074773189503
2018-05-01,13872.1,6.444240080979835,5.662403741421462
2018-06-01,13912.9,5.589623660286058,5.586333555946821
2018-07-01,13962.6,4.514976686982108,5.7908973125326835
2018-08-01,14014.5,4.1697419249173695,5.84170379880673
2018-09-01,14030.7,3.430041907420556,4.980134828770466
2018-10-01,14119.6,4.574160812433248,5.411055036282741
2018-11-01,14187.8,5.038811572362856,5.1283001252250715
2018-12-01,14050.6,0.5685354786252317,3.299563293093577
2019-01-01,14104.4,-0.4299122639659147,3.555774186679983
2019-02-01,14117.9,-1.9561911773209983,3.37331224555546
2019-03-01,14244.4,5.632403559685684,3.7843351548269455
2019-04-01,14329.3,6.532332702989829,3.765578269716796
2019-05-01,14372.2,7.402057927661687,3.605077818066471
2019-06-01,14425.7,5.189149171352203,3.6857880096888618
2019-07-01,14487.4,4.486914371388218,3.758612292839447
2019-08-01,14536.4,4.648847924447752,3.724000142709327
2019-09-01,14564.7,3.910297734974821,3.805939831939953
2019-10-01,14607.9,3.3687688611797384,3.45831326666477
2019-11-01,14667.6,3.659419212819337,3.3817787112871756
2019-12-01,14686.3,3.38163760057053,4.524361948955913
2020-01-01,14769.9,4.510294350729738,4.718385751963927
2020-02-01,14785.1,3.2430518561261445,4.725915327350383
2020-03-01,13762.2,-22.89156684602539,-3.3851899693914778
2020-04-01,12021.8,-56.10977829456788,-16.103368622333257
2020-05-01,13058.1,-39.155280182738736,-9.143346182212886
2020-06-01,13889.3,3.745668652930867,-3.7183637535786906
2020-07-01,14129.2,90.80611821370238,-2.472493339039439
2020-08-01,14270.5,42.6385117875226,-1.8292011777331418
2020-09-01,14481.7,18.183474009306,-0.5698709894470855
2020-10-01,14546.0,12.332142535030922,-0.4237433169723248
2020-11-01,14467.3,5.631437381741278,-1.3655949166871295
2020-12-01,14389.5,-2.522444818240277,-2.020931071815224
2021-01-01,14857.9,8.85675682116689,0.5958063358587395
2021-02-01,14699.6,6.579117320095596,-0.578284894928005
2021-03-01,15458.9,33.208377102736364,12.328697446629167
2021-04-01,15614.6,21.98143252511975,29.885707631136782
2021-05-01,15623.1,27.598856437500817,19.642980219174298
2021-06-01,15790.0,8.846424804218223,13.684634934805938
2021-07-01,15832.3,5.694548705519975,12.05376100557709
