DATE,PPIACO,3m growth rate,12m growth rate
1913-01-01,12.1,,
1913-02-01,12.0,,
1913-03-01,12.0,,
1913-04-01,12.0,-3.265029639709671,
1913-05-01,11.9,-3.2918976658950494,
1913-06-01,11.9,-3.2918976658950494,
1913-07-01,12.0,0.0,
1913-08-01,12.0,3.4039522919416587,
1913-09-01,12.2,10.471811898596409,
1913-10-01,12.2,6.8351929012345325,
1913-11-01,12.1,3.3752319637345485,
1913-12-01,11.9,-9.479170947434657,
1914-01-01,11.8,-12.483748730033785,-2.4793388429751984
1914-02-01,11.8,-9.554586637350438,-1.6666666666666607
1914-03-01,11.7,-6.555100471007114,-2.500000000000002
1914-04-01,11.7,-3.346982379249108,-2.500000000000002
1914-05-01,11.6,-6.609236119976969,-2.5210084033613467
1914-06-01,11.6,-3.3752218203143447,-2.5210084033613467
1914-07-01,11.6,-3.3752218203143447,-3.3333333333333326
1914-08-01,12.0,14.523082056495262,0.0
1914-09-01,12.1,18.38850172792004,-0.8196721311475419
1914-10-01,11.7,3.493122451507946,-4.098360655737709
1914-11-01,11.7,-9.631210937500011,-3.3057851239669422
1914-12-01,11.6,-15.532337566177157,-2.5210084033613467
1915-01-01,11.8,3.462884513737708,0.0
1915-02-01,11.8,3.462884513737708,0.0
1915-03-01,11.8,7.076969761664809,0.8547008547008739
1915-04-01,11.8,0.0,0.8547008547008739
1915-05-01,11.9,3.433165542398209,2.586206896551735
1915-06-01,11.8,0.0,1.7241379310344973
1915-07-01,11.9,3.433165542398209,2.586206896551735
1915-08-01,11.8,-3.319211516339915,-1.6666666666666607
1915-09-01,11.8,0.0,-2.4793388429751984
1915-10-01,12.1,6.894075541464106,3.418803418803429
1915-11-01,12.3,18.057183098696107,5.128205128205132
1915-12-01,12.8,38.45602190113837,10.344827586206895
1916-01-01,13.3,45.97049561944677,12.71186440677965
1916-02-01,13.5,45.11577589187472,14.406779661016934
1916-03-01,13.9,39.06547464430332,17.796610169491522
1916-04-01,14.1,26.31935130632057,19.491525423728806
1916-05-01,14.2,22.41039618697087,19.327731092436974
1916-06-01,14.3,12.0172608894493,21.18644067796609
1916-07-01,14.4,8.786127617768514,21.00840336134453
1916-08-01,14.7,14.846023222548688,24.576271186440657
1916-09-01,15.0,21.065635579484976,27.118644067796605
1916-10-01,15.7,41.30210812508628,29.75206611570247
1916-11-01,16.8,70.59558517284475,36.58536585365852
1916-12-01,17.1,68.89601600000009,33.59375
1917-01-01,17.6,57.92542765558888,32.33082706766916
1917-02-01,18.0,31.7810287380258,33.33333333333333
1917-03-01,18.5,36.99429194029526,33.09352517985611
1917-04-01,19.7,56.96912356050237,39.71631205673758
1917-05-01,20.8,78.30491693339437,46.47887323943662
1917-06-01,21.0,66.03141352317114,46.85314685314685
1917-07-01,21.2,34.1153659827379,47.22222222222221
1917-08-01,21.5,14.156461839711575,46.25850340136055
1917-09-01,21.3,5.837905039566826,42.000000000000014
1917-10-01,21.1,-1.8734844376882556,34.39490445859874
1917-11-01,21.2,-5.465658352153313,26.190476190476186
1917-12-01,21.2,-1.8647507269308417,23.976608187134495
1918-01-01,21.6,9.820946758979863,22.72727272727273
1918-02-01,21.1,-1.8734844376882556,17.22222222222223
1918-03-01,21.8,11.810484842432343,17.83783783783783
1918-04-01,22.1,9.585751480482418,12.182741116751284
1918-05-01,22.1,20.348109788808657,6.25
1918-06-01,22.2,7.543935061607909,5.714285714285716
1918-07-01,22.7,11.310038773460109,7.0754716981132
1918-08-01,23.2,21.445896411569223,7.906976744186034
1918-09-01,23.7,29.89172555079311,11.267605633802802
1918-10-01,23.5,14.859790633723511,11.374407582938373
1918-11-01,23.5,5.273608468613,10.8490566037736
1918-12-01,23.5,-3.3330391074122945,10.8490566037736
1919-01-01,23.2,-5.009430706638407,7.407407407407396
1919-02-01,22.4,-17.449325855522137,6.16113744075828
1919-03-01,22.6,-14.461366601628246,3.669724770642202
1919-04-01,22.9,-5.07294889331249,3.6199095022624306
1919-05-01,23.3,17.066224124817975,5.429864253393668
1919-06-01,23.4,14.92901194518559,5.405405405405395
1919-07-01,24.3,26.78946375468012,7.048458149779746
1919-08-01,24.9,30.428861768693928,7.3275862068965525
1919-09-01,24.3,16.295166485767343,2.5316455696202667
1919-10-01,24.4,1.6562794930319091,3.8297872340425476
1919-11-01,24.9,0.0,5.957446808510625
1919-12-01,26.0,31.05943684643668,10.63829787234043
1920-01-01,27.2,54.42453802553424,17.24137931034482
1920-02-01,27.1,40.3071409662366,20.98214285714286
1920-03-01,27.3,21.550625000000025,20.79646017699115
1920-04-01,28.5,20.53240547477513,24.45414847161573
1920-05-01,28.8,27.55361971950152,23.605150214592264
1920-06-01,28.7,22.14536700957579,22.649572649572658
1920-07-01,28.6,1.410912954631205,17.695473251028805
1920-08-01,27.8,-13.18210880306867,11.646586345381538
1920-09-01,26.8,-23.965343342824287,10.288065843621407
1920-10-01,24.9,-42.54428204599784,2.049180327868849
1920-11-01,23.0,-53.14756569350152,-7.630522088353409
1920-12-01,20.8,-63.716083090365046,-19.999999999999996
1921-01-01,19.6,-61.60922343774309,-27.941176470588225
1921-02-01,18.1,-61.64668075800186,-33.21033210332103
1921-03-01,17.7,-47.56277197946049,-35.164835164835175
1921-04-01,17.0,-43.4058684332729,-40.35087719298246
1921-05-01,16.6,-29.25136703048925,-42.36111111111111
1921-06-01,16.1,-31.54417028307001,-43.90243902439024
1921-07-01,16.1,-19.55337687527685,-43.70629370629371
1921-08-01,16.1,-11.51469504683912,-42.086330935251794
1921-09-01,16.1,0.0,-39.92537313432835
1921-10-01,16.2,2.5077153014900766,-34.93975903614458
1921-11-01,16.2,2.5077153014900766,-29.565217391304355
1921-12-01,16.0,-2.4614204935833883,-23.076923076923084
1922-01-01,15.7,-11.785789532029634,-19.897959183673475
1922-02-01,16.0,-4.847572478284679,-11.602209944751385
1922-03-01,16.0,0.0,-9.6045197740113
1922-04-01,16.1,10.587208239950098,-5.294117647058815
1922-05-01,16.6,15.865041503906284,0.0
1922-06-01,16.6,15.865041503906284,3.105590062111796
1922-07-01,17.1,27.256782176930816,6.211180124223592
1922-08-01,17.0,9.992565897980189,5.590062111801242
1922-09-01,17.1,12.603551782836965,6.211180124223592
1922-10-01,17.2,2.3597805342205014,6.172839506172845
1922-11-01,17.3,7.247882688186169,6.790123456790131
1922-12-01,17.3,4.761080953728736,8.125000000000004
1923-01-01,17.6,9.63188556455905,12.101910828025497
1923-02-01,17.8,12.07160632218338,11.250000000000004
1923-03-01,18.0,17.19406214385055,12.5
1923-04-01,17.9,6.994499778187291,11.180124223602462
1923-05-01,17.5,-6.573046916669756,5.421686746987953
1923-06-01,17.3,-14.671444806431932,4.216867469879504
1923-07-01,17.0,-18.64512884711284,-0.5847953216374324
1923-08-01,16.9,-13.024962692211606,-0.5882352941176561
1923-09-01,17.2,-2.292168425189212,0.5847953216374213
1923-10-01,17.1,2.3737839585253884,-0.5813953488371992
1923-11-01,17.0,2.387954566198092,-1.7341040462427793
1923-12-01,16.9,-6.79632628789305,-2.3121387283237094
1924-01-01,17.2,2.3597805342205014,-2.272727272727282
1924-02-01,17.2,4.789580584523634,-3.370786516853941
1924-03-01,17.0,2.387954566198092,-5.555555555555558
1924-04-01,16.7,-11.130630916913574,-6.703910614525133
1924-05-01,16.5,-15.311978047091646,-5.714285714285716
1924-06-01,16.4,-13.387673040313253,-5.202312138728338
1924-07-01,16.5,-4.705048739874396,-2.941176470588236
1924-08-01,16.7,4.937353634854191,-1.1834319526627168
1924-09-01,16.7,7.520306172611568,-2.9069767441860517
1924-10-01,16.9,10.055320177313632,-1.1695906432748648
1924-11-01,17.1,9.930589527692124,0.588235294117645
1924-12-01,17.5,20.583062644751248,3.550295857988184
1925-01-01,17.7,20.322333796228342,2.9069767441860517
1925-02-01,17.9,20.06811218999296,4.06976744186045
1925-03-01,17.9,9.461130502290647,5.294117647058805
1925-04-01,17.5,-4.44374311421215,4.790419161676662
1925-05-01,17.5,-8.643369987936222,6.060606060606055
1925-06-01,17.7,-4.394926099652086,7.92682926829269
1925-07-01,18.0,11.927763431903337,9.090909090909083
1925-08-01,17.9,9.461130502290647,7.18562874251496
1925-09-01,17.8,2.279110826356967,6.586826347305408
1925-10-01,17.8,-4.370917543057451,5.3254437869822535
1925-11-01,18.0,2.253432719261994,5.263157894736836
1925-12-01,17.8,0.0,1.7142857142857126
1926-01-01,17.8,0.0,0.5649717514124353
1926-02-01,17.6,-8.596957780826065,-1.6759776536312665
1926-03-01,17.3,-10.771333362957169,-3.351955307262555
1926-04-01,17.3,-10.771333362957169,-1.1428571428571344
1926-05-01,17.3,-6.645825869821653,-1.1428571428571344
1926-06-01,17.3,0.0,-2.259887005649708
1926-07-01,17.1,-4.544703920945292,-4.999999999999993
1926-08-01,17.1,-4.544703920945292,-4.469273743016744
1926-09-01,17.2,-2.292168425189212,-3.370786516853941
1926-10-01,17.1,0.0,-3.93258426966292
1926-11-01,17.0,-2.3187420321271968,-5.555555555555558
1926-12-01,16.9,-6.79632628789305,-5.056179775280912
1927-01-01,16.4,-15.395989470530946,-7.86516853932585
1927-02-01,16.6,-9.084764789693578,-5.681818181818176
1927-03-01,16.5,-9.136605264618902,-4.624277456647407
1927-04-01,16.3,-2.4168067856322195,-5.780346820809246
1927-05-01,16.2,-9.295735514958514,-6.358381502890187
1927-06-01,16.2,-7.076773444436856,-6.358381502890187
1927-07-01,16.2,-2.431497242046976,-5.2631578947368585
1927-08-01,16.4,5.030476072730394,-4.093567251462005
1927-09-01,16.6,10.248399640009788,-3.48837209302324
1927-10-01,16.7,12.92908944795117,-2.3391812865497186
1927-11-01,16.6,4.968009060214329,-2.35294117647058
1927-12-01,16.6,0.0,-1.7751479289940697
1928-01-01,16.6,-2.373781477426073,1.2195121951219745
1928-02-01,16.5,-2.3879520253150432,-0.6024096385542244
1928-03-01,16.5,-2.3879520253150432,0.0
1928-04-01,16.7,2.431499973418716,2.4539877300613355
1928-05-01,16.8,7.473489515743514,3.70370370370372
1928-06-01,16.7,4.937353634854191,3.0864197530864113
1928-07-01,16.8,2.416809451583979,3.70370370370372
1928-08-01,16.8,0.0,2.4390243902439046
1928-09-01,17.0,7.381582742148263,2.409638554216853
1928-10-01,16.7,-2.359778111157107,0.0
1928-11-01,16.5,-6.953798140748669,-0.6024096385542244
1928-12-01,16.5,-11.255776990218036,-0.6024096385542244
1929-01-01,16.5,-4.705048739874396,-0.6024096385542244
1929-02-01,16.4,-2.402292766550229,-0.60606060606061
1929-03-01,16.6,2.446370171368928,0.60606060606061
1929-04-01,16.5,0.0,-1.19760479041916
1929-05-01,16.3,-2.4168067856322195,-2.9761904761904767
1929-06-01,16.4,-4.732879193092455,-1.7964071856287456
1929-07-01,16.6,2.446370171368928,-1.1904761904761862
1929-08-01,16.6,7.567712843362062,-1.1904761904761862
1929-09-01,16.6,4.968009060214329,-2.35294117647058
1929-10-01,16.4,-4.732879193092455,-1.7964071856287456
1929-11-01,16.1,-11.51469504683912,-2.4242424242424176
1929-12-01,16.1,-11.51469504683912,-2.4242424242424176
1930-01-01,15.9,-11.648667247291932,-3.6363636363636376
1930-02-01,15.7,-9.573628278035695,-4.2682926829268215
1930-03-01,15.5,-14.094041362433064,-6.62650602409639
1930-04-01,15.5,-9.689489880587654,-6.060606060606055
1930-05-01,15.3,-9.808187705105798,-6.134969325153373
1930-06-01,15.0,-12.29219476330261,-8.536585365853655
1930-07-01,14.5,-23.414735560967227,-12.650602409638568
1930-08-01,14.5,-19.33107200426434,-12.650602409638568
1930-09-01,14.5,-12.681358024691358,-12.650602409638568
1930-10-01,14.3,-5.404137591706803,-12.804878048780477
1930-11-01,14.0,-13.0959265129418,-13.043478260869568
1930-12-01,13.7,-20.308819606351648,-14.906832298136663
1931-01-01,13.5,-20.5688364962999,-15.094339622641506
1931-02-01,13.2,-20.97152852977926,-15.923566878980889
1931-03-01,13.1,-16.400647446927163,-15.483870967741941
1931-04-01,12.9,-16.62731900624903,-16.774193548387096
1931-05-01,12.6,-16.979287616966044,-17.647058823529417
1931-06-01,12.4,-19.72107320191776,-17.333333333333336
1931-07-01,12.4,-14.62555381980154,-14.482758620689651
1931-08-01,12.4,-6.199628120706935,-14.482758620689651
1931-09-01,12.3,-3.186993971306551,-15.172413793103445
1931-10-01,12.1,-9.33185288626358,-15.384615384615397
1931-11-01,12.1,-9.33185288626358,-13.571428571428578
1931-12-01,11.8,-15.295285407242265,-13.868613138686126
1932-01-01,11.6,-15.532337566177157,-14.074074074074073
1932-02-01,11.4,-21.20876204797876,-13.636363636363624
1932-03-01,11.4,-12.885313889715766,-12.977099236641221
1932-04-01,11.3,-9.95039398679587,-12.4031007751938
1932-05-01,11.1,-10.11804505797227,-11.904761904761907
1932-06-01,11.0,-13.313526590230518,-11.290322580645162
1932-07-01,11.1,-6.893898761109107,-10.483870967741938
1932-08-01,11.2,3.6525940848817,-9.677419354838722
1932-09-01,11.3,11.3635414247661,-8.130081300813007
1932-10-01,11.1,0.0,-8.264462809917362
1932-11-01,11.0,-6.953798140748624,-9.090909090909083
1932-12-01,10.8,-16.558664203096164,-8.47457627118644
1933-01-01,10.5,-19.93083838581637,-9.482758620689658
1933-02-01,10.3,-23.126233863807112,-9.649122807017541
1933-03-01,10.4,-14.011903485052922,-8.771929824561408
1933-04-01,10.4,-3.7554467531532474,-7.964601769911505
1933-05-01,10.8,20.87768197922857,-2.7027027027026973
1933-06-01,11.2,34.50509435944118,1.8181818181818077
1933-07-01,11.9,71.41723611442391,7.207207207207222
1933-08-01,12.0,52.41579027587249,7.14285714285714
1933-09-01,12.2,40.78851625950119,7.964601769911495
1933-10-01,12.3,14.138615481417771,10.81081081081081
1933-11-01,12.3,10.381289062500066,11.818181818181817
1933-12-01,12.2,0.0,12.962962962962955
1934-01-01,12.4,3.2919068439647203,18.0952380952381
1934-02-01,12.7,13.656541886164495,23.300970873786397
1934-03-01,12.7,17.429053695618755,22.115384615384603
1934-04-01,12.7,10.034314748256934,22.115384615384603
1934-05-01,12.7,0.0,17.59259259259258
1934-06-01,12.9,6.449581254299308,15.178571428571441
1934-07-01,12.9,6.449581254299308,8.403361344537807
1934-08-01,13.2,16.70268310466558,9.999999999999986
1934-09-01,13.4,16.428781484474044,9.836065573770503
1934-10-01,13.2,9.631885564558962,7.317073170731692
1934-11-01,13.2,0.0,7.317073170731692
1934-12-01,13.3,-2.951825546082532,9.016393442622972
1935-01-01,13.6,12.68339122083173,9.677419354838701
1935-02-01,13.7,16.03434199295315,7.874015748031504
1935-03-01,13.7,12.58374856860749,7.874015748031504
1935-04-01,13.8,6.013387538762771,8.661417322834652
1935-05-01,13.8,2.9518314793523626,8.661417322834652
1935-06-01,13.8,2.9518314793523626,6.976744186046524
1935-07-01,13.7,-2.8671966656021897,6.201550387596888
1935-08-01,13.9,2.930209189336419,5.3030303030303205
1935-09-01,13.9,2.930209189336419,3.731343283582089
1935-10-01,13.9,5.968535505950401,5.3030303030303205
1935-11-01,13.9,0.0,5.3030303030303205
1935-12-01,14.0,2.908901344317427,5.263157894736836
1936-01-01,13.9,0.0,2.205882352941191
1936-02-01,13.9,0.0,1.4598540145985384
1936-03-01,13.7,-8.29983314244066,0.0
1936-04-01,13.7,-5.632365755979773,-0.7246376811594346
1936-05-01,13.5,-11.023386350535269,-2.1739130434782705
1936-06-01,13.7,0.0,-0.7246376811594346
1936-07-01,13.9,5.968535505950401,1.4598540145985384
1936-08-01,14.0,15.658370355316942,0.7194244604316502
1936-09-01,14.0,9.05105565983655,0.7194244604316502
1936-10-01,14.0,2.908901344317427,0.7194244604316502
1936-11-01,14.2,5.837905039566826,2.1582733812949506
1936-12-01,14.5,15.0694046751354,3.571428571428581
1937-01-01,14.8,24.8920283215327,6.474820143884896
1937-02-01,14.9,21.22486136395314,7.194244604316546
1937-03-01,15.1,17.60770635716218,10.21897810218979
1937-04-01,15.2,11.257037148889529,10.948905109489049
1937-05-01,15.1,5.47820136835695,11.851851851851848
1937-06-01,15.0,-2.6228079742489085,9.48905109489051
1937-07-01,15.2,0.0,9.352517985611497
1937-08-01,15.1,0.0,7.857142857142851
1937-09-01,15.1,2.693452049382694,7.857142857142851
1937-10-01,14.7,-12.52277710392753,5.000000000000004
1937-11-01,14.4,-17.293016930468863,1.4084507042253502
1937-12-01,14.1,-23.97285859817456,-2.758620689655178
1938-01-01,14.0,-17.729752520811783,-5.405405405405405
1938-02-01,13.8,-15.65363377700616,-7.38255033557047
1938-03-01,13.7,-10.873712218806997,-9.27152317880795
1938-04-01,13.5,-13.53846704498125,-11.184210526315786
1938-05-01,13.5,-8.416185441018332,-10.596026490066224
1938-06-01,13.5,-5.712785572874612,-9.999999999999998
1938-07-01,13.6,2.996047651573708,-10.526315789473683
1938-08-01,13.4,-2.930203428038114,-11.258278145695355
1938-09-01,13.5,0.0,-10.596026490066224
1938-10-01,13.4,-5.7538626138934905,-8.843537414965985
1938-11-01,13.4,0.0,-6.944444444444442
1938-12-01,13.3,-5.795534480779585,-5.6737588652482245
1939-01-01,13.3,-2.951825546082532,-4.999999999999993
1939-02-01,13.3,-2.951825546082532,-3.6231884057971064
1939-03-01,13.2,-2.9737691144534173,-3.649635036496346
1939-04-01,13.1,-5.880715116664792,-2.9629629629629672
1939-05-01,13.1,-5.880715116664792,-2.9629629629629672
1939-06-01,13.0,-5.924251067313923,-3.703703703703709
1939-07-01,13.0,-3.018649706191268,-4.411764705882348
1939-08-01,12.9,-5.968436236015117,-3.731343283582089
1939-09-01,13.6,19.77942509015793,0.7407407407407307
1939-10-01,13.7,23.341395959525247,2.238805970149249
1939-11-01,13.6,23.53692651348656,1.4925373134328401
1939-12-01,13.7,2.973775226159425,3.007518796992481
1940-01-01,13.7,0.0,3.007518796992481
1940-02-01,13.6,0.0,2.2556390977443552
1940-03-01,13.5,-5.712785572874612,2.2727272727272707
1940-04-01,13.5,-5.712785572874612,3.053435114503822
1940-05-01,13.5,-2.9088957488049294,3.053435114503822
1940-06-01,13.4,-2.930203428038114,3.076923076923088
1940-07-01,13.4,-2.930203428038114,3.076923076923088
1940-08-01,13.4,-2.930203428038114,3.875968992248069
1940-09-01,13.4,0.0,-1.4705882352941124
1940-10-01,13.6,6.105144224978876,-0.7299270072992692
1940-11-01,13.7,9.26047271762198,0.7352941176470562
1940-12-01,13.8,12.485657745789958,0.7299270072992803
1941-01-01,13.9,9.119801562350393,1.4598540145985384
1941-02-01,13.9,5.968535505950401,2.205882352941191
1941-03-01,14.0,5.924347428153687,3.703703703703698
1941-04-01,14.4,15.183631647038464,6.666666666666665
1941-05-01,14.6,21.717275361147426,8.148148148148149
1941-06-01,15.0,31.7810287380258,11.940298507462677
1941-07-01,15.3,27.44293212890625,14.179104477611947
1941-08-01,15.6,30.342777216377613,16.417910447761198
1941-09-01,15.8,23.10149056790129,17.910447761194035
1941-10-01,15.9,16.633356495985897,16.91176470588236
1941-11-01,15.9,7.917059648646818,16.058394160583944
1941-12-01,16.2,10.517667472886604,17.391304347826075
1942-01-01,16.5,15.970433234678596,18.705035971223015
1942-02-01,16.7,21.696303635347224,20.143884892086316
1942-03-01,16.8,15.65837035531703,19.999999999999996
1942-04-01,17.0,12.68339122083173,18.055555555555557
1942-05-01,17.0,7.381582742148263,16.43835616438356
1942-06-01,17.0,4.847615657185012,13.33333333333333
1942-07-01,17.0,0.0,11.111111111111116
1942-08-01,17.1,2.3737839585253884,9.615384615384626
1942-09-01,17.2,4.789580584523634,8.860759493670866
1942-10-01,17.2,4.789580584523634,8.176100628930815
1942-11-01,17.3,4.761080953728736,8.805031446540879
1942-12-01,17.4,4.7329184266647895,7.407407407407396
1943-01-01,17.5,7.161406993453268,6.060606060606055
1943-02-01,17.7,9.574286886841945,5.988023952095811
1943-03-01,17.8,9.517372572037864,5.952380952380953
1943-04-01,17.9,9.461130502290647,5.294117647058805
1943-05-01,17.9,4.596959052856353,5.294117647058805
1943-06-01,17.9,2.266199038858008,5.294117647058805
1943-07-01,17.8,-2.215980509842641,4.705882352941182
1943-08-01,17.8,-2.215980509842641,4.093567251461994
1943-09-01,17.8,-2.215980509842641,3.488372093023262
1943-10-01,17.8,0.0,3.488372093023262
1943-11-01,17.7,-2.2283248338229256,2.3121387283236983
1943-12-01,17.8,0.0,2.298850574712663
1944-01-01,17.8,0.0,1.7142857142857126
1944-02-01,17.8,2.279110826356967,0.5649717514124353
1944-03-01,17.9,2.266199038858008,0.561797752808979
1944-04-01,17.9,2.266199038858008,0.0
1944-05-01,17.9,2.266199038858008,0.0
1944-06-01,18.0,2.253432719261994,0.5586592178770999
1944-07-01,17.9,0.0,0.561797752808979
1944-08-01,17.9,0.0,0.561797752808979
1944-09-01,17.9,-2.203772195549492,0.561797752808979
1944-10-01,17.9,0.0,0.561797752808979
1944-11-01,18.0,2.253432719261994,1.6949152542372836
1944-12-01,18.0,2.253432719261994,1.1235955056179803
1945-01-01,18.1,4.54473727508482,1.6853932584269593
1945-02-01,18.1,2.240809423106227,1.6853932584269593
1945-03-01,18.1,2.240809423106227,1.1173184357541999
1945-04-01,18.2,2.2283267603906864,1.6759776536312998
1945-05-01,18.3,4.493688483152791,2.2346368715083997
1945-06-01,18.3,4.493688483152791,1.6666666666666607
1945-07-01,18.3,2.21598239406946,2.2346368715083997
1945-08-01,18.2,-2.167941198790535,1.6759776536312998
1945-09-01,18.1,-4.300440101583092,1.1173184357541999
1945-10-01,18.2,-2.167941198790535,1.6759776536312998
1945-11-01,18.4,4.468591677361644,2.2222222222222143
1945-12-01,18.4,6.796493261911585,2.2222222222222143
1946-01-01,18.4,4.468591677361644,1.6574585635358963
1946-02-01,18.5,2.19169945849278,2.20994475138121
1946-03-01,18.8,8.983337859713236,3.8674033149171283
1946-04-01,19.0,13.695457029616875,4.395604395604402
1946-05-01,19.1,13.617847004606377,4.371584699453557
1946-06-01,19.4,13.390200353260797,6.010928961748618
1946-07-01,21.5,63.960576192632026,17.486338797814206
1946-08-01,22.2,82.50653877607186,21.97802197802199
1946-09-01,21.4,48.06355537892604,18.232044198895014
1946-10-01,23.1,33.258242103006296,26.923076923076938
1946-11-01,24.1,38.88529719942306,30.978260869565233
1946-12-01,24.3,66.25319531030618,32.065217391304365
1947-01-01,24.5,26.536674871260367,33.152173913043484
1947-02-01,24.7,10.336611587104285,33.5135135135135
1947-03-01,25.3,17.505174103249654,34.57446808510638
1947-04-01,25.1,10.161679502900478,32.10526315789475
1947-05-01,25.0,4.94752999497865,30.890052356020938
1947-06-01,25.0,-4.659384792799948,28.865979381443307
1947-07-01,25.3,3.225548394476374,17.674418604651176
1947-08-01,25.6,9.95116277760002,15.315315315315313
1947-09-01,26.1,18.796048409600008,21.962616822429926
1947-10-01,26.4,18.55875300617136,14.28571428571428
1947-11-01,26.7,18.32736248616129,10.788381742738572
1947-12-01,27.2,17.954248166958674,11.934156378600825
1948-01-01,27.7,21.200209011636616,13.061224489795919
1948-02-01,27.2,7.7036870012302305,10.121457489878537
1948-03-01,27.2,0.0,7.509881422924902
1948-04-01,27.4,-4.262259166720961,9.163346613545809
1948-05-01,27.5,4.485291622046428,10.000000000000009
1948-06-01,27.7,7.5581837736085955,10.799999999999986
1948-07-01,28.0,9.05105565983655,10.671936758893285
1948-08-01,28.2,10.577217639232272,10.15625
1948-09-01,28.1,5.902497783293681,7.662835249042144
1948-10-01,27.8,-2.826676124531436,5.3030303030303205
1948-11-01,27.8,-5.5541780874508895,4.119850187265928
1948-12-01,27.6,-6.929713965287498,1.4705882352941346
1949-01-01,27.3,-7.002472017617545,-1.4440433212996373
1949-02-01,26.8,-13.630582133844094,-1.4705882352941124
1949-03-01,26.8,-11.09977751475364,-1.4705882352941124
1949-04-01,26.5,-11.216367954795173,-3.2846715328467058
1949-05-01,26.3,-7.256428171384366,-4.363636363636358
1949-06-01,26.0,-11.416218482336529,-6.137184115523464
1949-07-01,26.0,-7.336244773924427,-7.14285714285714
1949-08-01,26.0,-4.485259979677303,-7.801418439716312
1949-09-01,26.1,1.5473600582962763,-7.117437722419928
1949-10-01,26.0,0.0,-6.474820143884896
1949-11-01,26.0,0.0,-6.474820143884896
1949-12-01,25.9,-3.0300823101361174,-6.159420289855078
1950-01-01,25.9,-1.529608535240401,-5.128205128205132
1950-02-01,26.1,1.5473600582962763,-2.6119402985074647
1950-03-01,26.1,3.1247652698099597,-2.6119402985074647
1950-04-01,26.1,3.1247652698099597,-1.5094339622641506
1950-05-01,26.4,4.677581042797452,0.3802281368821214
1950-06-01,26.6,7.885857347459479,2.3076923076923217
1950-07-01,27.3,19.698458857246727,5.000000000000004
1950-08-01,27.9,24.7386689801969,7.307692307692304
1950-09-01,28.4,29.941182206480036,8.812260536398453
1950-10-01,28.6,20.451869334279472,10.000000000000009
1950-11-01,29.0,16.728036029618654,11.538461538461542
1950-12-01,29.7,19.60585420896106,14.671814671814666
1951-01-01,30.5,29.340705308448456,17.76061776061777
1951-02-01,30.9,28.89673780293831,18.390804597701127
1951-03-01,30.9,17.167758171304513,18.390804597701127
1951-04-01,30.8,3.9928567257128345,18.00766283524904
1951-05-01,30.7,-2.5639691585738644,16.287878787878785
1951-06-01,30.5,-5.078314845678921,14.661654135338331
1951-07-01,30.3,-6.33708971606114,10.989010989010994
1951-08-01,30.1,-7.5913808968142815,7.885304659498216
1951-09-01,30.1,-5.143602894183152,5.98591549295775
1951-10-01,30.1,-2.614237641501582,5.24475524475525
1951-11-01,30.1,0.0,3.7931034482758585
1951-12-01,30.1,0.0,1.3468013468013629
1952-01-01,30.0,-1.322295866490597,-1.6393442622950838
1952-02-01,29.8,-3.927504012049388,-3.5598705501618033
1952-03-01,29.8,-3.927504012049388,-3.5598705501618033
1952-04-01,29.6,-5.227611654320974,-3.8961038961038974
1952-05-01,29.6,-2.657658666702256,-3.583061889250805
1952-06-01,29.5,-3.966444646622136,-3.2786885245901676
1952-07-01,29.6,0.0,-2.310231023102305
1952-08-01,29.8,2.730218556796893,-0.9966777408637939
1952-09-01,29.6,1.3628423680700497,-1.661129568106312
1952-10-01,29.5,-1.3445186976123955,-1.9933554817275767
1952-11-01,29.3,-6.544379548643919,-2.657807308970106
1952-12-01,29.1,-6.587474954105299,-3.322259136212624
1953-01-01,29.1,-5.314409485695737,-2.9999999999999916
1953-02-01,29.1,-2.702546364713987,-2.348993288590606
1953-03-01,29.2,1.3816721076906235,-2.0134228187919545
1953-04-01,29.0,-1.367501250452252,-2.0270270270270285
1953-05-01,29.1,0.0,-1.6891891891891886
1953-06-01,29.0,-2.7117064662561474,-1.6949152542372836
1953-07-01,29.4,5.632444473978526,-0.6756756756756799
1953-08-01,29.3,2.7776126339794205,-1.6778523489932917
1953-09-01,29.4,5.632444473978526,-0.6756756756756799
1953-10-01,29.2,-2.693447936541904,-1.016949152542379
1953-11-01,29.1,-2.702546364713987,-0.6825938566552892
1953-12-01,29.2,-2.693447936541904,0.3436426116838476
1954-01-01,29.4,2.7680026467132413,1.0309278350515427
1954-02-01,29.3,2.7776126339794205,0.6872852233676952
1954-03-01,29.3,1.3769160611259768,0.34246575342467
1954-04-01,29.4,0.0,1.379310344827589
1954-05-01,29.4,1.3721926446731203,1.0309278350515427
1954-06-01,29.2,-1.3582145863420547,0.6896551724137945
1954-07-01,29.3,-1.3536183926522338,-0.340136054421758
1954-08-01,29.3,-1.3536183926522338,0.0
1954-09-01,29.2,0.0,-0.6802721088435382
1954-10-01,29.1,-2.702546364713987,-0.3424657534246478
1954-11-01,29.2,-1.3582145863420547,0.3436426116838476
1954-12-01,29.0,-2.7117064662561474,-0.6849315068493178
1955-01-01,29.2,1.3816721076906235,-0.6802721088435382
1955-02-01,29.3,1.3769160611259768,0.0
1955-03-01,29.2,2.7872895779753826,-0.34129692832765013
1955-04-01,29.3,1.3769160611259768,-0.340136054421758
1955-05-01,29.1,-2.702546364713987,-1.0204081632652962
1955-06-01,29.3,1.3769160611259768,0.34246575342467
1955-07-01,29.3,0.0,0.0
1955-08-01,29.4,4.187919474913593,0.3412969283276279
1955-09-01,29.6,4.158894738668684,1.3698630136986356
1955-10-01,29.6,4.158894738668684,1.7182130584192379
1955-11-01,29.5,1.3675015236839672,1.0273972602739656
1955-12-01,29.5,-1.3445186976123955,1.724137931034475
1956-01-01,29.7,1.358214852226669,1.7123287671232834
1956-02-01,29.8,4.130269500099915,1.7064846416382284
1956-03-01,29.9,5.535042503066467,2.397260273972601
1956-04-01,30.1,5.497018280515831,2.7303754266211566
1956-05-01,30.3,6.882218019819231,4.123711340206193
1956-06-01,30.3,5.459512813943479,3.412969283276457
1956-07-01,30.2,1.3355407777772,3.0716723549488067
1956-08-01,30.4,1.3266817111746043,3.401360544217691
1956-09-01,30.6,4.019602999607885,3.378378378378377
1956-10-01,30.6,5.404204299168525,3.378378378378377
1956-11-01,30.7,4.006185227265324,4.067796610169494
1956-12-01,30.8,2.6401221176020284,4.406779661016946
1957-01-01,31.0,5.3321792209175545,4.3771043771043905
1957-02-01,31.0,3.966463995327807,4.026845637583887
1957-03-01,31.0,2.622811672253356,3.678929765886285
1957-04-01,31.1,1.296579514705121,3.322259136212624
1957-05-01,31.0,0.0,2.310231023102305
1957-06-01,31.1,1.296579514705121,2.64026402640265
1957-07-01,31.3,2.59726745930553,3.6423841059602724
1957-08-01,31.4,5.262048356236626,3.289473684210531
1957-09-01,31.3,2.59726745930553,2.287581699346397
1957-10-01,31.2,-1.2718439193473707,1.9607843137254832
1957-11-01,31.3,-1.2678128207138872,1.9543973941368087
1957-12-01,31.4,1.2840927127560686,1.9480519480519431
1958-01-01,31.5,3.9019836722825607,1.6129032258064502
1958-02-01,31.5,2.580512610865404,1.6129032258064502
1958-03-01,31.7,3.876774687187079,2.2580645161290214
1958-04-01,31.6,1.275900940781849,1.6077170418006492
1958-05-01,31.7,2.563972535702952,2.2580645161290214
1958-06-01,31.6,-1.2558713972128157,1.6077170418006492
1958-07-01,31.6,0.0,0.9584664536741228
1958-08-01,31.6,-1.2558713972128157,0.6369426751592355
1958-09-01,31.6,0.0,0.9584664536741228
1958-10-01,31.5,-1.2598267988037093,0.9615384615384581
1958-11-01,31.6,0.0,0.9584664536741228
1958-12-01,31.6,0.0,0.6369426751592355
1959-01-01,31.7,2.563972535702952,0.6349206349206327
1959-02-01,31.7,1.271844123780519,0.6349206349206327
1959-03-01,31.7,1.271844123780519,0.0
1959-04-01,31.8,1.26781302256751,0.6329113924050667
1959-05-01,31.8,1.26781302256751,0.3154574132492094
1959-06-01,31.7,0.0,0.31645569620253333
1959-07-01,31.7,-1.2519407546452863,0.31645569620253333
1959-08-01,31.6,-2.4920893860104654,0.0
1959-09-01,31.7,0.0,0.31645569620253333
1959-10-01,31.6,-1.2558713972128157,0.31746031746031633
1959-11-01,31.5,-1.2598267988037093,-0.31645569620253333
1959-12-01,31.5,-2.499876391595912,-0.31645569620253333
1960-01-01,31.6,0.0,-0.3154574132492094
1960-02-01,31.6,1.275900940781849,-0.3154574132492094
1960-03-01,31.8,3.864291935973174,0.3154574132492094
1960-04-01,31.8,2.5557817517760872,0.0
1960-05-01,31.7,1.271844123780519,-0.3144654088050314
1960-06-01,31.7,-1.2519407546452863,0.0
1960-07-01,31.7,-1.2519407546452863,0.0
1960-08-01,31.6,-1.2558713972128157,0.0
1960-09-01,31.6,-1.2558713972128157,-0.3154574132492094
1960-10-01,31.7,0.0,0.31645569620253333
1960-11-01,31.7,1.271844123780519,0.6349206349206327
1960-12-01,31.7,1.271844123780519,0.6349206349206327
1961-01-01,31.8,1.26781302256751,0.6329113924050667
1961-02-01,31.8,1.26781302256751,0.6329113924050667
1961-03-01,31.8,1.26781302256751,0.0
1961-04-01,31.6,-2.4920893860104654,-0.6289308176100628
1961-05-01,31.5,-3.720520174879072,-0.6309148264984188
1961-06-01,31.3,-6.142524174788566,-1.2618296529968376
1961-07-01,31.5,-1.2598267988037093,-0.6309148264984188
1961-08-01,31.5,0.0,-0.31645569620253333
1961-09-01,31.5,2.580512610865404,-0.31645569620253333
1961-10-01,31.5,0.0,-0.6309148264984188
1961-11-01,31.5,0.0,-0.6309148264984188
1961-12-01,31.6,1.275900940781849,-0.3154574132492094
1962-01-01,31.7,2.563972535702952,-0.3144654088050314
1962-02-01,31.7,2.563972535702952,-0.3144654088050314
1962-03-01,31.7,1.271844123780519,-0.3144654088050314
1962-04-01,31.6,-1.2558713972128157,0.0
1962-05-01,31.5,-2.499876391595912,0.0
1962-06-01,31.5,-2.499876391595912,0.6389776357827559
1962-07-01,31.6,0.0,0.31746031746031633
1962-08-01,31.6,1.275900940781849,0.31746031746031633
1962-09-01,31.9,5.176936536566035,1.2698412698412653
1962-10-01,31.7,1.271844123780519,0.6349206349206327
1962-11-01,31.7,1.271844123780519,0.6349206349206327
1962-12-01,31.6,-3.709021886588149,0.0
1963-01-01,31.6,-1.2558713972128157,-0.3154574132492094
1963-02-01,31.5,-2.499876391595912,-0.6309148264984188
1963-03-01,31.5,-1.2598267988037093,-0.6309148264984188
1963-04-01,31.4,-2.507712211176205,-0.6329113924050778
1963-05-01,31.5,0.0,0.0
1963-06-01,31.6,1.275900940781849,0.31746031746031633
1963-07-01,31.7,3.876774687187079,0.31645569620253333
1963-08-01,31.6,1.275900940781849,0.0
1963-09-01,31.6,0.0,-0.940438871473348
1963-10-01,31.6,-1.2558713972128157,-0.3154574132492094
1963-11-01,31.7,1.271844123780519,0.0
1963-12-01,31.6,0.0,0.0
1964-01-01,31.8,2.5557817517760872,0.6329113924050667
1964-02-01,31.6,-1.2558713972128157,0.31746031746031633
1964-03-01,31.6,0.0,0.31746031746031633
1964-04-01,31.6,-2.4920893860104654,0.6369426751592355
1964-05-01,31.5,-1.2598267988037093,0.0
1964-06-01,31.5,-1.2598267988037093,-0.31645569620253333
1964-07-01,31.6,0.0,-0.3154574132492094
1964-08-01,31.6,1.275900940781849,0.0
1964-09-01,31.7,2.563972535702952,0.31645569620253333
1964-10-01,31.7,1.271844123780519,0.31645569620253333
1964-11-01,31.7,1.271844123780519,0.0
1964-12-01,31.7,0.0,0.31645569620253333
1965-01-01,31.8,1.26781302256751,0.0
1965-02-01,31.9,2.547643130684585,0.9493670886075778
1965-03-01,31.9,2.547643130684585,0.9493670886075778
1965-04-01,32.0,2.539556175737112,1.2658227848101111
1965-05-01,32.1,2.531520396527931,1.9047619047619202
1965-06-01,32.4,6.418542997770538,2.857142857142847
1965-07-01,32.4,5.094533691406222,2.5316455696202445
1965-08-01,32.4,3.791051362751663,2.5316455696202445
1965-09-01,32.4,0.0,2.208201892744488
1965-10-01,32.5,1.2402952629219977,2.5236593059936974
1965-11-01,32.6,2.492092400022772,2.8391167192429068
1965-12-01,32.8,5.030476072730394,3.4700315457413256
1966-01-01,32.9,5.014712535835608,3.459119496855334
1966-02-01,33.2,7.567712843362062,4.0752351097178785
1966-03-01,33.2,4.968009060214329,4.0752351097178785
1966-04-01,33.2,3.697609053692541,3.750000000000009
1966-05-01,33.2,0.0,3.4267912772585785
1966-06-01,33.3,1.2102736765723598,2.777777777777768
1966-07-01,33.5,3.663744770714139,3.395061728395077
1966-08-01,33.6,4.907074146175527,3.70370370370372
1966-09-01,33.6,3.652594084881789,3.70370370370372
1966-10-01,33.4,-1.1886940800960977,2.7692307692307683
1966-11-01,33.3,-3.523881015356589,2.1472392638036686
1966-12-01,33.3,-3.523881015356589,1.5243902439024293
1967-01-01,33.4,0.0,1.5197568389057725
1967-02-01,33.4,1.2066228580202454,0.6024096385542022
1967-03-01,33.3,0.0,0.30120481927709
1967-04-01,33.1,-3.5446973961065664,-0.3012048192771122
1967-05-01,33.3,-1.1922370532143731,0.30120481927709
1967-06-01,33.5,2.4241324571279144,0.6006006006006093
1967-07-01,33.5,4.922167331892835,0.0
1967-08-01,33.4,1.2066228580202454,-0.5952380952381042
1967-09-01,33.4,-1.1886940800960977,-0.5952380952381042
1967-10-01,33.4,-1.1886940800960977,0.0
1967-11-01,33.4,0.0,0.30030030030030463
1967-12-01,33.7,3.6415110611586874,1.2012012012012185
1968-01-01,33.8,4.877163722146172,1.197604790419149
1968-02-01,34.0,7.381582742148263,1.7964071856287456
1968-03-01,34.1,4.832975458138367,2.402402402402415
1968-04-01,34.1,3.597843419029512,3.0211480362537735
1968-05-01,34.2,2.3737839585253884,2.7027027027027195
1968-06-01,34.2,1.1781905374094848,2.0895522388059806
1968-07-01,34.3,2.3667615339048043,2.3880597014925398
1968-08-01,34.2,0.0,2.3952095808383422
1968-09-01,34.4,2.3597805342205014,2.9940119760478945
1968-10-01,34.4,1.1712905934665674,2.9940119760478945
1968-11-01,34.5,3.5552105622194574,3.293413173652704
1968-12-01,34.6,2.345941352136327,2.6706231454005858
1969-01-01,34.8,4.7329184266647895,2.9585798816567976
1969-02-01,35.0,5.924347428153776,2.941176470588225
1969-03-01,35.2,7.118938099708627,3.2258064516129004
1969-04-01,35.3,5.872177584937477,3.5190615835777095
1969-05-01,35.5,5.837905039566826,3.801169590643272
1969-06-01,35.7,5.804030135244398,4.385964912280693
1969-07-01,35.8,5.787239642629283,4.37317784256559
1969-08-01,35.7,2.272636594171007,4.385964912280693
1969-09-01,35.8,1.1251647422325428,4.06976744186045
1969-10-01,35.9,1.1220086615483904,4.3604651162790775
1969-11-01,36.1,4.557681186577622,4.637681159420293
1969-12-01,36.3,5.704723264418288,4.9132947976878505
1970-01-01,36.5,6.854708406223309,4.885057471264376
1970-02-01,36.7,6.815788166508585,4.857142857142871
1970-03-01,36.7,4.48110494650007,4.2613636363636465
1970-04-01,36.8,3.328426720514077,4.249291784702547
1970-05-01,36.8,1.0943810605224202,3.6619718309859106
1970-06-01,36.9,2.197720164417727,3.361344537815114
1970-07-01,37.1,3.300961481260667,3.6312849162011274
1970-08-01,36.9,1.0913950828135954,3.361344537815114
1970-09-01,37.1,2.185711648985511,3.6312849162011274
1970-10-01,37.1,0.0,3.3426183844011303
1970-11-01,37.1,2.185711648985511,2.7700831024930705
1970-12-01,37.1,0.0,2.203856749311317
1971-01-01,37.3,2.173833646670431,2.191780821917799
1971-02-01,37.7,6.627631488269814,2.7247956403269713
1971-03-01,37.8,7.763468412128383,2.9972752043596618
1971-04-01,37.9,6.591239546739702,2.9891304347826164
1971-05-01,38.1,4.312055137426873,3.532608695652195
1971-06-01,38.2,4.300466840472339,3.5230352303523116
1971-07-01,38.3,4.288940653408391,3.2345013477088846
1971-08-01,38.5,4.266072622515416,4.336043360433606
1971-09-01,38.3,1.051239328730702,3.2345013477088846
1971-10-01,38.3,0.0,3.2345013477088846
1971-11-01,38.3,-2.061786479297812,3.2345013477088846
1971-12-01,38.6,3.170164454405544,4.043126684636111
1972-01-01,38.8,5.325082142317106,4.021447721179627
1972-02-01,39.2,9.736011769324085,3.9787798408488007
1972-03-01,39.2,6.364095036235229,3.70370370370372
1972-04-01,39.3,5.255136578942987,3.693931398416872
1972-05-01,39.5,3.096545734412892,3.6745406824146842
1972-06-01,39.7,5.20048910448756,3.926701570680624
1972-07-01,40.0,7.317306450499661,4.438642297650142
1972-08-01,40.1,6.215795960989179,4.155844155844157
1972-09-01,40.2,5.133757216499935,4.960835509138395
1972-10-01,40.1,1.0037562539062297,4.699738903394257
1972-11-01,40.3,2.0099874378894267,5.22193211488251
1972-12-01,41.1,9.26047271762198,6.476683937823835
1973-01-01,41.6,15.82327265722423,7.2164948453608435
1973-02-01,42.4,22.53022804910705,8.163265306122437
1973-03-01,43.4,24.334493795096044,10.714285714285698
1973-04-01,43.6,20.662587620848825,10.941475826972024
1973-05-01,44.5,21.33235232776547,12.658227848101266
1973-06-01,45.5,20.80548926337353,14.609571788413088
1973-07-01,44.9,12.47070228118532,12.250000000000005
1973-08-01,47.5,29.817844727605426,18.45386533665836
1973-09-01,46.7,10.974177693808729,16.16915422885572
1973-10-01,46.3,13.067710968154266,15.46134663341645
1973-11-01,46.5,-8.158837332432977,15.384615384615397
1973-12-01,47.4,6.1318768533789925,15.328467153284663
1974-01-01,49.0,25.447022009085885,17.78846153846154
1974-02-01,50.0,33.68054448513542,17.9245283018868
1974-03-01,50.6,29.863977578865963,16.589861751152092
1974-04-01,51.0,17.353591216765363,16.972477064220183
1974-05-01,51.8,15.196430361600012,16.40449438202247
1974-06-01,52.0,11.535034815809198,14.28571428571428
1974-07-01,54.0,25.688150285556933,20.267260579064583
1974-08-01,55.9,35.62139042606878,17.68421052631579
1974-09-01,55.9,33.54691406249999,19.700214132762305
1974-10-01,56.9,23.27472043110141,22.89416846652268
1974-11-01,57.4,11.17325926318291,23.44086021505376
1974-12-01,57.3,10.40055491415044,20.88607594936709
1975-01-01,57.4,3.5615409715989754,17.14285714285715
1975-02-01,57.2,-1.3864608349521412,14.400000000000013
1975-03-01,56.9,-2.763217989173328,12.450592885375489
1975-04-01,57.5,0.6986873009495076,12.745098039215685
1975-05-01,57.9,4.985697937483735,11.776061776061786
1975-06-01,58.0,7.960008150421483,11.538461538461542
1975-07-01,58.7,8.612804109533645,8.703703703703702
1975-08-01,59.0,7.818625656508327,5.545617173524153
1975-09-01,59.4,10.010415676371888,6.261180679785339
1975-10-01,59.8,7.709083619664492,5.096660808435849
1975-11-01,59.5,3.433165542398209,3.658536585365857
1975-12-01,59.7,2.035558176532559,4.188481675392675
1976-01-01,59.9,0.6705760259280602,4.355400696864109
1976-02-01,59.9,2.716314095110106,4.7202797202797075
1976-03-01,60.0,2.0252522051321664,5.448154657293491
1976-04-01,60.6,4.757037236761263,5.391304347826087
1976-05-01,60.8,6.146829690949773,5.008635578583753
1976-06-01,61.2,8.243215999999997,5.517241379310356
1976-07-01,61.6,6.765847545042414,4.940374787052804
1976-08-01,61.4,4.006185227265324,4.067796610169494
1976-09-01,61.8,3.979616607104486,4.040404040404044
1976-10-01,61.9,1.9623291074956968,3.511705685618738
1976-11-01,62.0,3.966463995327807,4.201680672268915
1976-12-01,62.5,4.60830593293855,4.690117252931314
1977-01-01,62.8,5.94390555073705,4.841402337228717
1977-02-01,63.5,10.034314748256934,6.010016694490816
1977-03-01,64.1,10.639969836072892,6.8333333333333135
1977-04-01,64.9,14.061797737011506,7.095709570957109
1977-05-01,65.2,11.146420773511156,7.236842105263164
1977-06-01,65.0,5.735618125465258,6.209150326797386
1977-07-01,65.1,1.2383753468324876,5.681818181818166
1977-08-01,65.0,-1.221359724236171,5.863192182410426
1977-09-01,65.3,1.8589742829732137,5.663430420711979
1977-10-01,65.6,3.1077721675748293,5.977382875605808
1977-11-01,65.8,5.014712535835608,6.129032258064515
1977-12-01,66.2,5.628042778243625,5.920000000000014
1978-01-01,66.8,7.520306172611568,6.369426751592355
1978-02-01,67.5,10.741784343867412,6.299212598425208
1978-03-01,68.1,11.98413246493557,6.240249609984394
1978-04-01,69.0,13.838853457690805,6.317411402157158
1978-05-01,69.5,12.389082814461071,6.5950920245398725
1978-06-01,70.0,11.635857439717668,7.692307692307687
1978-07-01,70.4,8.366307064757006,8.141321044546878
1978-08-01,70.4,5.281343463920329,8.307692307692328
1978-09-01,71.0,5.837905039566826,8.72894333843799
1978-10-01,71.8,8.194987333078952,9.45121951219512
1978-11-01,72.1,10.014624889492364,9.57446808510638
1978-12-01,72.7,9.926967775567451,9.818731117824765
1979-01-01,73.8,11.616312452756697,10.479041916167663
1979-02-01,74.9,16.462527734456465,10.962962962962974
1979-03-01,75.8,18.178692050793583,11.30690161527166
1979-04-01,76.9,17.89079921494503,11.449275362318856
1979-05-01,77.5,14.625050292414365,11.51079136690647
1979-06-01,78.0,12.12477594915542,11.428571428571432
1979-07-01,79.2,12.511099075081455,12.5
1979-08-01,79.6,11.28726285242674,13.06818181818179
1979-09-01,80.9,15.72193200545209,13.94366197183099
1979-10-01,82.1,15.470727529841463,14.345403899721454
1979-11-01,82.6,15.949243196000172,14.563106796116498
1979-12-01,83.4,12.94580785667021,14.71801925722147
1980-01-01,85.2,15.980706673784216,15.44715447154472
1980-02-01,86.9,22.50643913439694,16.021361815754332
1980-03-01,87.5,21.162439681061883,15.435356200527718
1980-04-01,87.8,12.776778466394155,14.174252275682697
1980-05-01,88.3,6.601596412045541,13.935483870967747
1980-06-01,88.7,5.59959856487533,13.717948717948714
1980-07-01,90.3,11.885276025147796,14.015151515151514
1980-08-01,91.5,15.30325351204458,14.949748743718594
1980-09-01,91.7,14.23070663236703,13.349814585908515
1980-10-01,92.8,11.542636000592822,13.03288672350793
1980-11-01,93.2,7.64138401922454,12.832929782082324
1980-12-01,93.8,9.47980390120373,12.470023980815338
1981-01-01,95.2,10.753099391366415,11.737089201877925
1981-02-01,96.1,13.039414991324394,10.58688147295741
1981-03-01,97.0,14.360378360548154,10.857142857142854
1981-04-01,98.0,12.293988936914024,11.617312072892938
1981-05-01,98.3,9.476403260433086,11.325028312570783
1981-06-01,98.5,6.330531547522655,11.048478015783548
1981-07-01,99.0,4.144532699394099,9.63455149501662
1981-08-01,99.0,2.8789935735715977,8.196721311475418
1981-09-01,98.8,1.223851140524701,7.742639040348953
1981-10-01,98.9,-0.4034286337499582,6.573275862068972
1981-11-01,98.8,-0.8056353746462075,6.008583690987113
1981-12-01,98.8,0.0,5.330490405117261
1982-01-01,99.7,3.275062591048017,4.726890756302526
1982-02-01,99.8,4.110465139096875,3.8501560874089513
1982-03-01,99.6,3.278417638237441,2.680412371134011
1982-04-01,99.6,-0.4006003980879691,1.6326530612244872
1982-05-01,99.8,0.0,1.5259409969481164
1982-06-01,100.0,1.6161289017690317,1.522842639593902
1982-07-01,100.4,3.251768152314649,1.4141414141414232
1982-08-01,100.3,2.0191185607198125,1.3131313131313105
1982-09-01,100.0,0.0,1.2145748987854255
1982-10-01,100.2,-0.7944349947458407,1.3144590495449915
1982-11-01,100.3,0.0,1.5182186234817818
1982-12-01,100.5,2.0150500624999568,1.7206477732793601
1983-01-01,100.2,0.0,0.5015045135406293
1983-02-01,100.5,0.799996015959259,0.7014028056112176
1983-03-01,100.4,-0.3974162995083574,0.8032128514056325
1983-04-01,100.4,0.8007968047999858,0.8032128514056325
1983-05-01,100.8,1.1993869006096114,1.002004008016022
1983-06-01,101.0,2.411951977296267,1.0000000000000009
1983-07-01,101.3,3.6341596652528674,0.8964143426294813
1983-08-01,101.8,4.027696886797272,1.495513459621134
1983-09-01,102.0,4.019602999607885,2.0000000000000018
1983-10-01,102.2,3.601442352299089,1.9960079840319445
1983-11-01,102.1,1.184002895671088,1.7946161515453696
1983-12-01,102.3,1.1816710842183389,1.7910447761193993
1984-01-01,102.9,2.7680026467132413,2.6946107784431073
1984-02-01,103.2,4.379646286026029,2.686567164179099
1984-03-01,103.9,6.404416720656858,3.486055776892427
1984-04-01,104.0,4.345051597234995,3.585657370517925
1984-05-01,104.1,3.534270752754876,3.273809523809512
1984-06-01,104.0,0.3855417218175061,2.970297029702973
1984-07-01,104.2,0.7714525502980463,2.8627838104639647
1984-08-01,103.8,-1.1477643025624928,1.9646365422396839
1984-09-01,103.4,-2.287798591993884,1.3725490196078383
1984-10-01,103.4,-3.0358311454972475,1.1741682974559797
1984-11-01,103.7,-0.3847999388029488,1.5670910871694588
1984-12-01,103.5,0.3874087475922216,1.1730205278592365
1985-01-01,103.4,0.0,0.4859086491739495
1985-02-01,103.3,-1.5340080128683151,0.09689922480620172
1985-03-01,103.1,-1.5369550845076074,-0.7699711260827802
1985-04-01,103.3,-0.3862863667731364,-0.6730769230769207
1985-05-01,103.5,0.7766953827402556,-0.5763688760806907
1985-06-01,103.3,0.7782064490494012,-0.6730769230769207
1985-07-01,103.2,-0.3866597698298224,-0.9596928982725572
1985-08-01,102.7,-3.056124989642828,-1.0597302504816941
1985-09-01,102.1,-4.566317501014527,-1.2572533849129708
1985-10-01,102.9,-1.1577302084373908,-0.4835589941972973
1985-11-01,103.4,2.754388872052127,-0.2892960462873684
1985-12-01,103.6,6.007368368564481,0.09661835748790981
1986-01-01,103.2,1.1712905934664786,-0.19342359767892114
1986-02-01,101.7,-6.415988656854532,-1.5488867376573068
1986-03-01,100.3,-12.145358592781374,-2.7158098933074637
1986-04-01,99.6,-13.24019553931337,-3.581800580832528
1986-05-01,100.0,-6.520541429755156,-3.3816425120772986
1986-06-01,99.9,-1.5856970444425578,-3.2913843175217727
1986-07-01,99.4,-0.8007967726715082,-3.6821705426356544
1986-08-01,99.3,-2.7707369599,-3.3106134371957197
1986-09-01,99.4,-1.987022044491804,-2.6444662095984173
1986-10-01,99.7,1.212719853719113,-3.109815354713319
1986-11-01,99.8,2.0293620457517925,-3.481624758220514
1986-12-01,99.7,1.212719853719113,-3.7644787644787514
1987-01-01,100.5,3.2484673964898514,-2.6162790697674465
1987-02-01,101.0,4.897063332165019,-0.68829891838742
1987-03-01,101.2,6.155235169096862,0.8973080757726848
1987-04-01,101.9,5.689657130045012,2.309236947791171
1987-05-01,102.6,6.488803649334396,2.6000000000000023
1987-06-01,103.0,7.306702366523599,3.1031031031030887
1987-07-01,103.5,6.430147282418397,4.124748490945662
1987-08-01,103.8,4.761080953728825,4.53172205438066
1987-09-01,103.7,2.746284692431722,4.325955734406439
1987-10-01,104.1,2.339082451626706,4.413239719157458
1987-11-01,104.2,1.5503587068776303,4.4088176352705455
1987-12-01,104.2,1.9426338997379444,4.513540621865597
1988-01-01,104.6,1.935115673720822,4.079601990049753
1988-02-01,104.8,2.323233259556723,3.7623762376237657
1988-03-01,104.9,2.714339295648305,3.656126482213451
1988-04-01,105.8,4.668483687550484,3.8272816486751626
1988-05-01,106.5,6.648143679147744,3.801169590643272
1988-06-01,107.2,9.062936962960231,4.077669902912628
1988-07-01,107.9,8.17903621832803,4.251207729468609
1988-08-01,108.0,5.753948351547455,4.046242774566466
1988-09-01,108.1,3.40073703240924,4.243008678881388
1988-10-01,108.2,1.1167876893402484,3.9385206532180694
1988-11-01,108.3,1.1157493200826707,3.9347408829174535
1988-12-01,109.0,3.3720707020781004,4.606525911708248
1989-01-01,110.5,8.77774938411704,5.640535372848965
1989-02-01,110.8,9.558282421421914,5.725190839694649
1989-03-01,111.5,9.49479574369063,6.291706387035267
1989-04-01,112.3,6.676783627352956,6.143667296786393
1989-05-01,113.2,8.949857321467846,6.291079812206579
1989-06-01,112.9,5.117808509840738,5.317164179104483
1989-07-01,112.8,1.7928733485283788,4.541241890639469
1989-08-01,112.0,-4.173332934693741,3.703703703703698
1989-09-01,112.4,-1.7597458719327608,3.9777983348751267
1989-10-01,112.8,0.0,4.251386321626605
1989-11-01,112.7,2.523535308837932,4.062788550323182
1989-12-01,113.0,2.1523892894194985,3.669724770642202
1990-01-01,114.9,7.657357627356065,3.981900452488696
1990-02-01,114.4,6.171617465818846,3.2490974729241895
1990-03-01,114.2,4.315931792112826,2.4215246636771326
1990-04-01,114.1,-2.756078757472369,1.6028495102404339
1990-05-01,114.6,0.7011366680715669,1.2367491166077604
1990-06-01,114.3,0.350723030492639,1.2400354295836857
1990-07-01,114.5,1.4096698977272617,1.507092198581561
1990-08-01,116.5,6.798519160177241,4.01785714285714
1990-09-01,118.4,15.138850141362605,5.3380782918149405
1990-10-01,120.8,23.89272076405704,7.092198581560294
1990-11-01,120.1,12.945342873257124,6.5661047027506525
1990-12-01,118.7,1.0173720606108327,5.044247787610612
1991-01-01,119.0,-5.828365485658793,3.5683202785030455
1991-02-01,117.2,-9.314381966324367,2.447552447552437
1991-03-01,116.2,-8.162165136863841,1.7513134851138368
1991-04-01,116.0,-9.709073109880508,1.6652059596844904
1991-05-01,116.5,-2.3677597366074776,1.6579406631762605
1991-06-01,116.4,0.6902476552812953,1.8372703412073532
1991-07-01,116.1,0.3452737402659611,1.3973799126637543
1991-08-01,116.2,-1.026071037903209,-0.2575107296137302
1991-09-01,116.1,-1.0269491329018998,-1.9425675675675769
1991-10-01,116.4,1.0376048064648202,-3.6423841059602613
1991-11-01,116.4,0.6902476552812953,-3.080766028309734
1991-12-01,115.9,-0.6872826783302255,-2.3588879528222417
1992-01-01,115.6,-2.720928870338535,-2.857142857142858
1992-02-01,116.0,-1.367501250452252,-1.0238907849829393
1992-03-01,116.1,0.692038942106632,-0.0860585197934638
1992-04-01,116.3,2.4442347319771685,0.2586206896551646
1992-05-01,117.2,4.2025842769706,0.6008583690987113
1992-06-01,118.0,6.708533217840529,1.3745704467353903
1992-07-01,117.9,5.617616266319492,1.5503875968992276
1992-08-01,117.7,1.7174360706133651,1.2908777969018903
1992-09-01,118.0,0.0,1.636520241171402
1992-10-01,118.1,0.6802696577407064,1.4604810996563522
1992-11-01,117.8,0.3402804243030077,1.2027491408934665
1992-12-01,117.6,-1.349053200610284,1.4667817083692691
1993-01-01,118.0,-0.3382660818765926,2.076124567474058
1993-02-01,118.4,2.05296986781216,2.0689655172413834
1993-03-01,118.7,3.7943202049402815,2.239448751076667
1993-04-01,119.3,4.480139900150237,2.579535683576961
1993-05-01,119.7,4.464755486369576,2.1331058020477744
1993-06-01,119.5,2.723248578580195,1.2711864406779627
1993-07-01,119.2,-0.3348678518087289,1.1026293469041493
1993-08-01,118.7,-3.3000445075550777,0.8496176720475868
1993-09-01,118.7,-2.651053793822533,0.5932203389830581
1993-10-01,119.1,-0.3351484276469585,0.8467400508044065
1993-11-01,119.0,1.0147910311132824,1.018675721561979
1993-12-01,118.6,-0.336558389086683,0.8503401360544283
1994-01-01,119.1,0.0,0.9322033898305104
1994-02-01,119.3,1.0122230642964247,0.7601351351351315
1994-03-01,119.7,3.761883259130805,0.8424599831508006
1994-04-01,119.7,2.030392113426993,0.3352891869237373
1994-05-01,119.9,2.026962614077865,0.1670843776107045
1994-06-01,120.5,2.7002701548320074,0.8368200836819994
1994-07-01,120.7,3.3837970494916103,1.2583892617449743
1994-08-01,121.2,4.407992851168463,2.1061499578769904
1994-09-01,121.0,1.6701100441240735,1.9376579612468303
1994-10-01,120.9,0.6644495430202957,1.5113350125944613
1994-11-01,121.5,0.9937811900285308,2.1008403361344463
1994-12-01,121.9,3.008565972174493,2.7824620573355885
1995-01-01,122.9,6.783051679436802,3.1905961376994307
1995-02-01,123.5,6.748730432902916,3.5205364626990754
1995-03-01,123.9,6.726041847656683,3.5087719298245723
1995-04-01,124.6,5.648816837713988,4.093567251461971
1995-05-01,124.9,4.612100682620368,4.170141784820691
1995-06-01,125.3,4.596959052856353,3.983402489626564
1995-07-01,125.3,2.2661990388580966,3.81110190555094
1995-08-01,125.1,0.6420525134761101,3.2178217821782207
1995-09-01,125.2,-0.3188518786644834,3.4710743801652955
1995-10-01,125.3,0.0,3.639371381306855
1995-11-01,125.4,0.962688610594653,3.2098765432098775
1995-12-01,125.7,1.6070389459768908,3.1173092698933536
1996-01-01,126.3,3.2307584674851286,2.766476810414975
1996-02-01,126.2,2.57635761916486,2.1862348178137703
1996-03-01,126.4,2.246202048622692,2.0177562550443895
1996-04-01,127.4,3.529546056787214,2.2471910112359605
1996-05-01,128.1,6.15955743542882,2.562049639711761
1996-06-01,128.0,5.160243440828727,2.154828411811649
1996-07-01,128.0,1.89718035245714,2.154828411811649
1996-08-01,128.3,0.6259761804354724,2.557953637090349
1996-09-01,128.2,0.6264663702249207,2.396166134185296
1996-10-01,128.0,0.0,2.154828411811649
1996-11-01,128.2,-0.3114049797481533,2.2328548644338087
1996-12-01,129.1,2.837821568958842,2.704852824184556
1997-01-01,129.7,5.419275152720471,2.692003167062551
1997-02-01,128.5,0.9393281931176612,1.8225039619651273
1997-03-01,127.3,-5.461513434684983,0.7120253164556889
1997-04-01,127.0,-8.070482754675968,-0.31397174254317317
1997-05-01,127.4,-3.3804075352487306,-0.5464480874316835
1997-06-01,127.2,-0.3138483261679425,-0.6249999999999978
1997-07-01,126.9,-0.3145888244147632,-0.8593749999999956
1997-08-01,127.2,-0.6264663581915797,-0.857365549493383
1997-09-01,127.5,0.9467389637797474,-0.5460218408736228
1997-10-01,127.8,2.8672019470529664,-0.15625000000000222
1997-11-01,127.9,2.21949537821744,-0.23400936037439868
1997-12-01,126.8,-2.178059183480874,-1.7815646785437678
1998-01-01,125.4,-7.30277554126133,-3.3153430994602773
1998-02-01,125.0,-8.765756748341769,-2.7237354085603127
1998-03-01,124.7,-6.461844925309379,-2.04241948153967
1998-04-01,124.9,-1.5853828086093036,-1.6535433070866135
1998-05-01,125.1,0.3203842048409289,-1.8053375196232402
1998-06-01,124.8,0.3211559038141631,-1.8867924528301883
1998-07-01,124.9,0.0,-1.5760441292356209
1998-08-01,124.2,-2.846792222044714,-2.358490566037741
1998-09-01,123.8,-3.1668104035479705,-2.9019607843137285
1998-10-01,124.0,-2.85130140698423,-2.9733959311424085
1998-11-01,123.6,-1.9184095319231156,-3.3620015637216616
1998-12-01,122.8,-3.192080123831631,-3.154574132492116
1999-01-01,122.9,-3.501449273309332,-1.9936204146730474
1999-02-01,122.3,-4.141209464244766,-2.1600000000000064
1999-03-01,122.6,-0.6498759965637424,-1.6840417000801966
1999-04-01,123.6,2.2978135487822016,-1.0408326661329181
1999-05-01,124.7,8.083645849297017,-0.3197442046362853
1999-06-01,125.2,8.756553110821951,0.3205128205128194
1999-07-01,125.7,6.971288671126708,0.6405124099279291
1999-08-01,126.9,7.245894153631838,2.1739130434782705
1999-09-01,128.0,9.250281103546952,3.392568659127626
1999-10-01,127.7,6.51787119899625,2.9838709677419306
1999-11-01,128.3,4.486489252142967,3.8025889967637783
1999-12-01,127.8,-0.6235366815328658,4.071661237785018
2000-01-01,128.3,1.8926920034221029,4.393816110659077
2000-02-01,129.8,4.75919303077037,6.132461161079328
2000-03-01,130.8,9.72549801354823,6.688417618270814
2000-04-01,130.7,7.695045683487156,5.744336569579289
2000-05-01,131.6,5.6634501445014696,5.533279871692054
2000-06-01,133.8,9.49479574369063,6.869009584664543
2000-07-01,133.7,9.5023094496989,6.364359586316626
2000-08-01,132.9,4.010304222932293,4.728132387706863
2000-09-01,134.7,2.717852037881996,5.234374999999991
2000-10-01,135.4,5.183841591689076,6.029757243539557
2000-11-01,135.0,6.471935806001561,5.222135619641466
2000-12-01,136.2,4.5293012861687965,6.572769953051627
2001-01-01,140.0,14.297698445436335,9.119251753702251
2001-02-01,137.4,7.3029981917391185,5.855161787365182
2001-03-01,135.9,-0.8781505587732052,3.8990825688073327
2001-04-01,136.4,-9.895737036234898,4.361132364192821
2001-05-01,136.8,-1.735316733433501,3.951367781155035
2001-06-01,135.5,-1.1721485160761658,1.2705530642750373
2001-07-01,133.4,-8.5116411708414,-0.2243829468960179
2001-08-01,133.4,-9.576996442398531,0.3762227238525151
2001-09-01,133.3,-6.338002239711049,-1.0393466963622644
2001-10-01,130.3,-8.976329453771648,-3.7666174298375155
2001-11-01,129.8,-10.365448134874654,-3.8518518518518396
2001-12-01,128.1,-14.714358333087109,-5.947136563876654
2002-01-01,128.5,-5.41226024068674,-8.214285714285719
2002-02-01,128.4,-4.245029883880946,-6.550218340611358
2002-03-01,129.8,5.414960625959453,-4.488594554819714
2002-04-01,130.8,7.354057951202653,-4.105571847507328
2002-05-01,130.8,7.688885168333703,-4.385964912280704
2002-06-01,130.9,3.433165542398209,-3.394833948339482
2002-07-01,131.2,1.2288642386703907,-1.6491754122938684
2002-08-01,131.5,2.1579184747032576,-1.4242878560719707
2002-09-01,132.3,4.347197748127685,-0.750187546886727
2002-10-01,133.2,6.238409242692122,2.2256331542593877
2002-11-01,133.1,4.956468777322076,2.5423728813559254
2002-12-01,132.9,1.8264368471102133,3.74707259953162
2003-01-01,135.3,6.45701559811469,5.2918287937743225
2003-02-01,137.6,14.225091257983124,7.1651090342679025
2003-03-01,141.2,27.420370367093973,8.78274268104775
2003-04-01,136.8,4.5088823163101255,4.587155963302747
2003-05-01,136.7,-2.590722377425736,4.510703363914348
2003-06-01,138.0,-8.761621414903232,5.42398777692894
2003-07-01,137.7,2.6576625652354524,4.9542682926829285
2003-08-01,138.0,3.858557735391477,4.94296577946769
2003-09-01,138.5,1.4571709014402412,4.686318972033243
2003-10-01,139.3,4.729421515769894,4.579579579579596
2003-11-01,138.9,2.6343266377157226,4.357625845229163
2003-12-01,139.5,2.919516391445009,4.966139954853266
2004-01-01,141.4,6.167886565921887,4.508499630450835
2004-02-01,142.1,9.538636016800272,3.2703488372092915
2004-03-01,143.1,10.729083323497823,1.3456090651558172
2004-04-01,144.8,9.970603805339495,5.847953216374258
2004-05-01,146.8,13.901097983568976,7.388441843452842
2004-06-01,147.2,11.962530354858414,6.666666666666665
2004-07-01,147.4,7.378092970485262,7.044299201161963
2004-08-01,148.0,3.310066062792494,7.246376811594213
2004-09-01,147.7,1.3656340439268222,6.642599277978323
2004-10-01,150.0,7.244518114701615,7.681263460157917
2004-11-01,151.4,9.51072119771197,8.999280057595382
2004-12-01,150.2,6.944326413473823,7.670250896057329
2005-01-01,150.9,2.421686529599998,6.718528995756712
2005-02-01,151.6,0.5294495384793985,6.685432793807178
2005-03-01,153.7,9.651793448121303,7.407407407407396
2005-04-01,155.0,11.31913770884303,7.044198895027609
2005-05-01,154.3,7.316598554450926,5.108991825613085
2005-06-01,154.3,1.5706505919536928,4.823369565217406
2005-07-01,156.3,3.397281230612026,6.0379918588873815
2005-08-01,157.6,8.833137233079192,6.486486486486487
2005-09-01,162.2,22.10675648300937,9.817197020988488
2005-10-01,166.2,27.846300614888552,10.799999999999986
2005-11-01,163.7,16.4045255458378,8.124174372523107
2005-12-01,163.0,1.9875169028968689,8.521970705725712
2006-01-01,164.3,-4.494985259901196,8.880053015241884
2006-02-01,161.8,-4.562434720875663,6.728232189973626
2006-03-01,162.2,-1.9487844819177425,5.530253741054003
2006-04-01,164.3,0.0,6.000000000000005
2006-05-01,165.8,10.261535395939458,7.453013609850934
2006-06-01,166.1,9.9702292235758,7.647440051847032
2006-07-01,166.8,6.226759048823527,6.717850287907878
2006-08-01,167.9,5.163414774745689,6.535532994923865
2006-09-01,165.4,-1.6751050551342517,1.9728729963008673
2006-10-01,162.2,-10.58318130948599,-2.4067388688327362
2006-11-01,164.6,-7.633063675368589,0.5497861942577842
2006-12-01,165.6,0.4845539285834199,1.595092024539868
2007-01-01,164.0,4.513403941244087,-0.1825928180158365
2007-02-01,166.8,5.4544380399457415,3.0902348578492056
2007-03-01,169.3,9.241210182095204,4.3773119605425626
2007-04-01,171.4,19.307536447925024,4.321363359707853
2007-05-01,173.3,16.5225729163738,4.523522316043427
2007-06-01,173.8,11.06347456016865,4.635761589403975
2007-07-01,175.1,8.918415301231807,4.9760191846522694
2007-08-01,172.4,-2.06119625672625,2.6801667659321016
2007-09-01,173.5,-0.6886631497646234,4.897218863361541
2007-10-01,174.7,-0.9106372150131214,7.7065351418002415
2007-11-01,179.0,16.215238539243092,8.748481166464162
2007-12-01,178.6,12.286592232747129,7.85024154589371
2008-01-01,181.0,15.223928860102356,10.365853658536594
2008-02-01,182.7,8.528066414510427,9.532374100719409
2008-03-01,187.9,22.512753883024228,10.986414648552856
2008-04-01,190.9,23.739801242630357,11.376896149358217
2008-05-01,196.6,34.08489757204987,13.44489324870166
2008-06-01,200.5,29.6433925966048,15.362485615650169
2008-07-01,205.5,34.283790334045804,17.361507709880076
2008-08-01,199.0,4.973155339192736,15.4292343387471
2008-09-01,196.9,-6.990918252732714,13.487031700288178
2008-10-01,186.4,-32.30815875765442,6.69719519175731
2008-11-01,176.8,-37.69588419454385,-1.229050279329602
2008-12-01,170.9,-43.24744917020765,-4.311310190369532
2009-01-01,171.2,-28.840742265017028,-5.414364640883984
2009-02-01,169.3,-15.918821596956434,-7.334428024083184
2009-03-01,168.1,-6.394233718255893,-10.537519957424168
2009-04-01,169.1,-4.816999966429858,-11.419591409114727
2009-05-01,170.8,3.591383430856454,-13.123092573753803
2009-06-01,174.1,15.05996317979774,-13.167082294264343
2009-07-01,172.5,8.288407565602029,-16.058394160583944
2009-08-01,175.0,10.20485546887324,-12.060301507537686
2009-09-01,174.1,0.0,-11.579481970543426
2009-10-01,175.2,6.409403750043796,-6.008583690987135
2009-11-01,177.4,5.59959856487533,0.33936651583710287
2009-12-01,178.1,9.51171831149007,4.21299005266238
2010-01-01,181.9,16.196859116642347,6.25
2010-02-01,181.0,8.367695386316832,6.910809214412272
2010-03-01,183.3,12.200342333905168,9.042236763831069
2010-04-01,184.4,5.611903597630508,9.047900650502672
2010-05-01,184.8,8.66597175169781,8.196721311475418
2010-06-01,183.5,0.4371578186803004,5.399195864445727
2010-07-01,184.1,-0.6491728624615223,6.724637681159407
2010-08-01,184.9,0.2166259699498463,5.6571428571428495
2010-09-01,184.9,3.086873995060979,6.203331418724867
2010-10-01,186.6,5.543478519303946,6.506849315068486
2010-11-01,187.7,6.196314709185047,5.806087936865834
2010-12-01,189.7,10.79538703403342,6.513194834362723
2011-01-01,192.7,13.731377940561362,5.937328202308945
2011-02-01,195.8,18.411439123745964,8.176795580110507
2011-03-01,199.2,21.587243527324663,8.674304418985269
2011-04-01,203.1,23.399339463888104,10.1409978308026
2011-05-01,204.1,18.065026517770868,10.443722943722932
2011-06-01,203.9,9.777052730453995,11.11716621253407
2011-07-01,204.6,2.9870987688072503,11.135252580119491
2011-08-01,203.2,-1.7522087537764852,9.897241752298536
2011-09-01,203.7,-0.3917723010929075,10.167658193618156
2011-10-01,201.1,-6.669033147079495,7.770632368703101
2011-11-01,201.4,-3.496503166148534,7.298881193393725
2011-12-01,199.8,-7.441177815780941,5.324196099103862
2012-01-01,200.7,-0.7932533976246048,4.1515308770109005
2012-02-01,201.6,0.3978115429511542,2.962206332992845
2012-03-01,204.2,9.10408600390682,2.5100401606425793
2012-04-01,203.7,6.114474097735623,0.2954209748892156
2012-05-01,201.9,0.596568070302661,-1.0779029887310054
2012-06-01,199.8,-8.344404263265448,-2.0107896027464434
2012-07-01,200.1,-6.884015673121668,-2.1994134897360684
2012-08-01,202.7,1.5943881164686813,-0.24606299212598381
2012-09-01,204.4,9.53215448864675,0.3436426116838476
2012-10-01,203.5,6.971799019675795,1.1934361014420691
2012-11-01,201.8,-1.764230178781212,0.19860973187686426
2012-12-01,201.5,-5.555507760166078,0.8508508508508372
2013-01-01,202.5,-1.9511609049791208,0.8968609865470878
2013-02-01,204.3,5.048249284206219,1.3392857142857206
2013-03-01,204.0,5.055904871711525,-0.09794319294808007
2013-04-01,203.5,1.9899887882284693,-0.09818360333824216
2013-05-01,204.1,-0.3910063746773828,1.08964834076275
2013-06-01,204.3,0.5895341445751656,2.2522522522522515
2013-07-01,204.4,1.7808120666746865,2.148925537231383
2013-08-01,204.2,0.1961264427128073,0.7400098667982302
2013-09-01,203.9,-0.7808649820486901,-0.24461839530333096
2013-10-01,202.5,-3.666676356648668,-0.49140049140049546
2013-11-01,201.2,-5.748351587010547,-0.29732408325074955
2013-12-01,202.0,-3.675541849810404,0.2481389578163684
2014-01-01,203.8,2.592735173738725,0.6419753086419844
2014-02-01,205.7,9.25095984693436,0.6852667645619093
2014-03-01,207.0,10.274704844256766,1.4705882352941124
2014-04-01,208.3,9.129046620072144,2.358722358722365
2014-05-01,208.0,4.548106855335843,1.9108280254777066
2014-06-01,208.3,2.5358410249044505,1.95790504160549
2014-07-01,208.0,-0.5748488110580263,1.7612524461839474
2014-08-01,207.0,-1.9092529762743229,1.3712047012732764
2014-09-01,206.4,-3.5989660337439777,1.2260912211868646
2014-10-01,203.4,-8.557002350694399,0.4444444444444473
2014-11-01,200.9,-11.27656139741502,-0.14910536779323413
2014-12-01,197.0,-17.00992963274437,-2.4752475247524774
2015-01-01,192.0,-20.60354343270001,-5.789990186457317
2015-02-01,191.1,-18.13033727905511,-7.097715119105496
2015-03-01,191.5,-10.708481522257852,-7.487922705314009
2015-04-01,190.9,-2.272047768691443,-8.353336533845413
2015-05-01,193.4,4.901846012634148,-7.0192307692307665
2015-06-01,194.8,7.073178973570604,-6.481036965914544
2015-07-01,193.9,6.4357495041859725,-6.7788461538461515
2015-08-01,191.9,-3.0664719298589493,-7.294685990338157
2015-09-01,189.1,-11.20054400366155,-8.381782945736438
2015-10-01,187.5,-12.563281144788808,-7.817109144542778
2015-11-01,185.7,-12.310475315617776,-7.565953210552523
2015-12-01,183.5,-11.329703849062533,-6.852791878172592
2016-01-01,182.6,-10.050655140059472,-4.895833333333332
2016-02-01,181.3,-9.146094387706228,-5.128205128205121
2016-03-01,182.1,-3.017023515285988,-4.908616187989557
2016-04-01,183.2,1.3208406728800304,-4.033525405971716
2016-05-01,185.3,9.121533584890429,-4.188210961737326
2016-06-01,187.6,12.639717604282865,-3.696098562628347
2016-07-01,187.7,10.193306068941531,-3.1975244971634953
2016-08-01,186.6,2.835930092729555,-2.7618551328817187
2016-09-01,186.9,-1.484204320909721,-1.1634056054997344
2016-10-01,186.7,-2.114090293651372,-0.4266666666666752
2016-11-01,186.3,-0.6415376258214867,0.3231017770597866
2016-12-01,188.2,2.811399479037191,2.5613079019073615
2017-01-01,190.7,8.849264888613906,4.435925520262862
2017-02-01,191.6,11.8743691509533,5.681191395477092
2017-03-01,191.5,7.200457019131079,5.161998901702369
2017-04-01,193.0,4.912313441946092,5.349344978165949
2017-05-01,192.8,2.5288530919760133,4.04749055585536
2017-06-01,193.6,4.45910455882923,3.1982942430703654
2017-07-01,193.5,1.0403033433151965,3.090037293553549
2017-08-01,193.8,2.090885933518627,3.8585209003215493
2017-09-01,194.8,2.502485949675348,4.226859283039053
2017-10-01,194.9,2.925616986465496,4.3920728441349866
2017-11-01,195.9,4.405325842393526,5.152979066022545
2017-12-01,196.3,3.115841012257281,4.303931987247611
2018-01-01,197.9,6.300625579488939,3.775563712637653
2018-02-01,199.3,7.125151918694073,4.018789144050117
2018-03-01,199.3,6.254662557245894,4.073107049608371
2018-04-01,200.3,4.939893798941042,3.782383419689128
2018-05-01,203.2,8.060163334378423,5.394190871369275
2018-06-01,204.2,10.203086008691953,5.475206611570238
2018-07-01,204.3,8.23050113725763,5.581395348837215
2018-08-01,203.4,0.3942824200563244,4.9535603715170184
2018-09-01,203.6,-1.1701483058461637,4.517453798767956
2018-10-01,204.6,0.5886665493371357,4.976911236531545
2018-11-01,202.3,-2.145740067900592,3.2669729453802976
2018-12-01,201.0,-5.011039506279191,2.3942944472745697
2019-01-01,199.1,-10.326829998759036,0.6063668519454168
2019-02-01,199.2,-5.9900535570282525,-0.05017561465129328
2019-03-01,200.8,-0.3974162995083574,0.7526342197691882
2019-04-01,202.1,6.164718844880279,0.8986520219670391
2019-05-01,201.7,5.115378026771222,-0.7381889763779514
2019-06-01,200.3,-0.9923019289618584,-1.9098922624877446
2019-07-01,200.7,-2.742246039771812,-1.7621145374449476
2019-08-01,199.2,-4.866441164744173,-2.064896755162249
2019-09-01,198.4,-3.74066122411717,-2.5540275049115824
2019-10-01,198.6,-4.120118924010519,-2.9325513196480912
2019-11-01,199.0,-0.4010020014854398,-1.6312407315867583
2019-12-01,199.0,1.2151759390933048,-0.995024875621886
2020-01-01,199.3,1.4173406048937576,0.10045203415369741
2020-02-01,196.7,-4.543581869555657,-1.2550200803212896
2020-03-01,193.1,-11.342232828670372,-3.834661354581681
2020-04-01,185.5,-24.95073194230083,-8.213755566551207
2020-05-01,188.6,-15.481980072688572,-6.494794248884483
2020-06-01,191.2,-3.8780756726449983,-4.543185222166757
2020-07-01,193.0,17.180023354097184,-3.8365719980069657
2020-08-01,194.3,12.648249865845717,-2.459839357429705
2020-09-01,195.5,9.303859018084705,-1.4616935483870996
2020-10-01,196.5,7.453603129393871,-1.0574018126888185
2020-11-01,198.3,8.492484419411262,-0.35175879396984744
2020-12-01,200.5,10.629375520424356,0.7537688442211143
2021-01-01,204.8,17.99662630392469,2.759658805820364
2021-02-01,210.6,27.216256152913164,7.066598881545505
2021-03-01,215.0,32.21975005244935,11.341273951320563
2021-04-01,217.5,27.208823474944666,17.250673854447427
2021-05-01,224.4,28.90149161849891,18.981972428419947
2021-06-01,228.5,27.58246180751671,19.508368200836834
2021-07-01,231.2,27.677471624537176,19.792746113989622
