DATE,REQRESNS,3m growth rate,12m growth rate
1959-01-01,18.392,,
1959-02-01,18.117,,
1959-03-01,17.971,,
1959-04-01,18.246,-3.137683966157867,
1959-05-01,18.131,0.3094604231165698,
1959-06-01,18.048,1.7249189418282018,
1959-07-01,18.267,0.4611702805509043,
1959-08-01,18.144,0.2871102148351179,
1959-09-01,18.18,2.957783957591942,
1959-10-01,18.166,-2.193363449311614,
1959-11-01,18.177,0.7295004183116127,
1959-12-01,18.45,6.0742491877385785,
1960-01-01,18.333,3.728217368363018,-0.3207916485428508
1960-02-01,17.759,-8.885981739149774,-1.976044598995419
1960-03-01,17.609,-17.023847772069434,-2.014356463190692
1960-04-01,17.698,-13.151442535422554,-3.0033980050421905
1960-05-01,17.77,0.247991990336982,-1.991065026749772
1960-06-01,17.828,5.06830541424359,-1.2189716312056675
1960-07-01,18.013,7.311788489947846,-1.3904855750807354
1960-08-01,17.957,4.276253547141296,-1.030643738977055
1960-09-01,17.933,2.376739093987168,-1.358635863586355
1960-10-01,18.099,1.9234519773045244,-0.3688208741605248
1960-11-01,18.242,6.50124260999696,0.3575947626121012
1960-12-01,18.518,13.701063039694072,0.36856368563686903
1961-01-01,18.565,10.703536288580697,1.265477554137373
1961-02-01,18.312,1.5437769559458747,3.1139140717382885
1961-03-01,18.265,-5.353973208290053,3.725367709693894
1961-04-01,18.268,-6.247210716718721,3.2207029042829793
1961-05-01,18.302,-0.2182571348143702,2.993809791783897
1961-06-01,18.431,3.685228784030015,3.3823199461521236
1961-07-01,18.486,4.859500125501204,2.6258813079442556
1961-08-01,18.616,7.041275885376175,3.669878041989194
1961-09-01,18.781,7.815016640461736,4.728712429599047
1961-10-01,19.155,15.280759874881756,5.8345764959390145
1961-11-01,19.217,13.552546868505331,5.344808683258395
1961-12-01,19.547,17.339869562431034,5.556755589156492
1962-01-01,19.473,6.8077656814074405,4.890923781308909
1962-02-01,19.069,-3.04520008948137,4.133901266928786
1962-03-01,19.077,-9.27648526324386,4.445661100465381
1962-04-01,19.224,-5.017504488719382,5.2331946573242805
1962-05-01,19.312,5.195542107192952,5.518522565839801
1962-06-01,19.45,8.05331712967634,5.528728772177294
1962-07-01,19.519,6.280900409855472,5.588012550037846
1962-08-01,19.353,0.8519211139841776,3.958960034379033
1962-09-01,19.577,2.637517845890125,4.23832596773337
1962-10-01,19.721,4.20426054612153,2.954842077786468
1962-11-01,19.013,-6.844305848020749,-1.0615600770151223
1962-12-01,19.482,-1.926970100033132,-0.33253184631913957
1963-01-01,19.537,-3.680155310688305,0.3286601961690616
1963-02-01,19.107,1.9923084723971307,0.19927631233940257
1963-03-01,19.088,-7.847409267748507,0.05766105781830344
1963-04-01,19.151,-7.671810564014258,-0.37973366625052574
1963-05-01,19.219,2.3653870083268247,-0.48156586578292915
1963-06-01,19.353,5.669944944440486,-0.49871465295628914
1963-07-01,19.533,8.220609402296075,0.07172498591117016
1963-08-01,19.26,0.8560567143674591,-0.48054565183692777
1963-09-01,19.539,3.900142960217523,-0.1941053276804383
1963-10-01,19.592,1.2136969343603088,-0.6541250443689584
1963-11-01,19.706,9.589458915396222,3.6448745595119014
1963-12-01,20.211,14.483230716626272,3.741915614413305
1964-01-01,20.239,13.878336147354432,3.593182167169995
1964-02-01,19.752,0.937000273956956,3.375726173653626
1964-03-01,19.856,-6.842924038350972,4.02347024308467
1964-04-01,19.902,-6.495893190743917,3.921466241971716
1964-05-01,19.888,2.7827273369829264,3.4809303293615645
1964-06-01,20.17,6.477178947382178,4.22156771559965
1964-07-01,20.264,7.476575340475811,3.742384682332456
1964-08-01,20.158,5.541999650272711,4.662512980269984
1964-09-01,20.494,6.581869724302014,4.887660576283315
1964-10-01,20.625,7.318630446292018,5.272560228664758
1964-11-01,20.774,12.79523299404106,5.419669136303673
1964-12-01,21.19,14.292280758488385,4.843896887833377
1965-01-01,21.217,11.985057322291294,4.832254558031512
1965-02-01,20.789,0.2891355365605141,5.250101255569062
1965-03-01,20.898,-5.399142611992602,5.2477840451248925
1965-04-01,21.155,-1.1637604907900778,6.295849663350417
1965-05-01,21.142,6.9670150861598,6.305309734513265
1965-06-01,21.358,9.0996680854444,5.889935547843317
1965-07-01,21.521,7.10202231428585,6.203118831425192
1965-08-01,21.185,0.8160318292893765,5.094751463438829
1965-09-01,21.349,-0.1684485974911442,4.171952766663423
1965-10-01,21.625,1.947052645431646,4.8484848484848575
1965-11-01,21.588,7.829046334735734,3.91835948782131
1965-12-01,22.27,18.40518460496068,5.096743747050492
1966-01-01,22.398,15.083350335405,5.5662911815996585
1966-02-01,21.858,5.097418575752588,5.142142479195733
1966-03-01,21.844,-7.434787319683222,4.526748971193428
1966-04-01,22.174,-3.940745565831672,4.816828173008747
1966-05-01,22.121,4.900446447320439,4.630593132153993
1966-06-01,22.206,6.795430428075089,3.9704092143459047
1966-07-01,22.684,9.522256158718,5.404023976581018
1966-08-01,22.31,3.461616144206125,5.310361104555117
1966-09-01,22.851,12.134564145175508,7.0354583352850275
1966-10-01,23.041,6.44536150993642,6.547976878612727
1966-11-01,22.841,9.865711875549431,5.804150453955903
1966-12-01,23.446,10.829200759433654,5.280646609788953
1967-01-01,23.698,11.902936920511875,5.804089650861677
1967-02-01,23.351,9.234916276363858,6.830451093421175
1967-03-01,22.961,-8.021112646144024,5.113532320087888
1967-04-01,23.061,-10.326161002874844,4.000180391449448
1967-05-01,22.908,-7.375311080824353,3.5577053478595078
1967-06-01,23.104,2.5145499042879,4.043952085022062
1967-07-01,23.554,8.829376168326174,3.8353024157996796
1967-08-01,23.398,8.834415393985196,4.876736889287314
1967-09-01,23.839,13.345277736457128,4.3236619841582336
1967-10-01,24.33,13.843896776969,5.594375244130023
1967-11-01,24.331,16.929714249200245,6.523357120966677
1967-12-01,24.916,19.333163616213223,6.269726179305635
1968-01-01,25.448,19.686781544278364,7.384589416828424
1968-02-01,25.211,15.271104561283,7.965397627510606
1968-03-01,25.226,5.070373669491812,9.864552937589831
1968-04-01,25.287,-2.506736146546684,9.652660335631591
1968-05-01,25.08,-2.0623139104750665,9.481403876375062
1968-06-01,25.356,2.077354673877152,9.747229916897515
1968-07-01,25.698,6.661592821879991,9.102487900144363
1968-08-01,25.69,10.089598649369226,9.795709034960254
1968-09-01,25.692,5.406812620080448,7.772977054406649
1968-10-01,26.392,11.24792289308063,8.475133579942472
1968-11-01,26.461,12.55598530011719,8.754264107517162
1968-12-01,26.766,17.799172892014493,7.424947824690964
1969-01-01,27.828,23.605776890610606,9.352404904118195
1969-02-01,27.061,9.383131867504323,7.338066716909286
1969-03-01,26.534,-3.422267476220553,5.185126456830247
1969-04-01,26.922,-12.400565833923771,6.465772926800328
1969-05-01,27.601,8.22408015244176,10.0518341307815
1969-06-01,26.969,6.720652995901566,6.361413472156485
1969-07-01,26.856,-0.9770105531408336,4.506187251926219
1969-08-01,26.771,-11.496772655646204,4.207862981704946
1969-09-01,26.728,-3.5268459479521064,4.032383621360736
1969-10-01,27.19,5.068254502768532,3.023643528341924
1969-11-01,27.515,11.588564906639554,3.983220588791059
1969-12-01,27.767,16.479632187036874,3.739819173578418
1970-01-01,28.68,23.788345284447157,3.06166451056491
1970-02-01,27.702,2.746356711576992,2.36872251579765
1970-03-01,27.355,-5.804309218838977,3.0941433632320825
1970-04-01,27.971,-9.527751277593277,3.8964415719485945
1970-05-01,27.719,0.245695691180936,0.42752074200211876
1970-06-01,27.373,0.2634658994651095,1.4980162408691378
1970-07-01,27.979,0.1144532949210352,4.181560917485849
1970-08-01,28.198,7.093470072966368,5.330394830226726
1970-09-01,28.546,18.274591345596654,6.801855731816819
1970-10-01,28.442,6.785374541373335,4.604634056638468
1970-11-01,28.433,3.375474347311047,3.3363619843721493
1970-12-01,28.998,6.485662270857606,4.433320128209761
1971-01-01,30.205,27.196403552616832,5.317294281729423
1971-02-01,29.645,18.17213408072107,7.0139340119846905
1971-03-01,29.485,6.888835669401727,7.786510692743542
1971-04-01,29.742,-5.991890982657033,6.331557684744915
1971-05-01,30.107,6.381010557806377,8.615029402215079
1971-06-01,29.892,5.636831377989138,9.202498812698634
1971-07-01,30.381,8.874852999522599,8.585010186211095
1971-08-01,30.256,1.9943502684125924,7.29838995673453
1971-09-01,30.594,9.7299433702823,7.1743852028305355
1971-10-01,30.65,3.589003818495517,7.763167147176708
1971-11-01,30.69,5.86234444602638,7.937959413357731
1971-12-01,31.163,7.649493137673025,7.466032140147583
1972-01-01,32.684,29.30606389470896,8.207250455222637
1972-02-01,31.791,15.140789363062355,7.238994771462304
1972-03-01,31.69,6.937965666773471,7.478378836696642
1972-04-01,32.424,-3.1442171705859945,9.017550938067377
1972-05-01,32.704,11.99193288291096,8.625900953266697
1972-06-01,32.338,8.433548425817762,8.182791382309663
1972-07-01,32.871,5.62951909035756,8.195911918633358
1972-08-01,32.891,2.306873887981053,8.709016393442614
1972-09-01,32.838,6.329596862685505,7.3347715238281985
1972-10-01,33.553,8.560981700367298,9.471451876019565
1972-11-01,31.458,-16.321069383625396,2.5024437927663623
1972-12-01,31.131,-19.227134218289976,-0.10268587748291091
1973-01-01,32.601,-10.87526332326708,-0.2539468853261506
1973-02-01,31.537,1.0083042251838537,-0.7989682614576443
1973-03-01,31.681,7.256405958534295,-0.028400126222782873
1973-04-01,32.126,-5.7019020216553145,-0.9190722921292971
1973-05-01,32.275,9.694156089936335,-1.3117661448140971
1973-06-01,31.97,3.699107626056564,-1.1379800853485111
1973-07-01,33.2,14.05799021288907,1.0008822366219583
1973-08-01,33.54,16.623811069000215,1.9731841537198758
1973-09-01,33.775,24.569260328972614,2.8534015469882323
1973-10-01,34.69,19.196873614969647,3.388668673442008
1973-11-01,34.543,12.509184630536009,9.806726428889313
1973-12-01,34.804,12.75484418629722,11.7985287976615
1974-01-01,36.419,21.47722637722797,11.711297199472392
1974-02-01,35.051,6.013565453463055,11.142467577765803
1974-03-01,34.791,-0.1493244244110569,9.81660932420061
1974-04-01,35.771,-6.929454707127158,11.345950320612609
1974-05-01,36.325,15.350861000690784,12.54841208365609
1974-06-01,36.259,17.97653642138064,13.415702220832038
1974-07-01,37.161,16.472995269722258,11.930722891566269
1974-08-01,36.853,5.942177919705305,9.877757901013728
1974-09-01,36.886,7.098393960495386,9.210954848260556
1974-10-01,36.754,-4.3094887911571895,5.949841452868254
1974-11-01,36.571,-3.025855966125046,5.870943461772282
1974-12-01,36.603,-3.0337769395157754,5.1689460981496405
1975-01-01,37.553,8.983337859713236,3.1137593014635145
1975-02-01,35.333,-12.868596405309551,0.8045419531539588
1975-03-01,34.513,-20.956871999133654,-0.7990572274438779
1975-04-01,35.014,-24.423224163981704,-2.116239411814036
1975-05-01,34.496,-9.14414847710806,-5.0350997935306285
1975-06-01,34.429,-0.9699977427072736,-5.047022808130386
1975-07-01,34.687,-3.683642143060295,-6.65751728963161
1975-08-01,34.265,-2.651786047039017,-7.022494776544653
1975-09-01,34.446,0.1976542481608278,-6.614975871604411
1975-10-01,34.427,-2.964699110380953,-6.331283669804644
1975-11-01,34.293,0.327265016037237,-6.22897924585053
1975-12-01,34.724,3.267532782027116,-5.133459006092411
1976-01-01,35.362,11.314197862651952,-5.83442068543124
1976-02-01,33.933,-4.133447334864659,-3.962301531146517
1976-03-01,33.534,-13.01938985379013,-2.836612291020768
1976-04-01,33.973,-14.810059047522271,-2.973096475695447
1976-05-01,33.848,-0.998215939065028,-1.8784786641929618
1976-06-01,33.651,1.4029193574876864,-2.259722908013584
1976-07-01,34.076,1.2182540674230855,-1.761466831954328
1976-08-01,33.844,-0.0472617703099031,-1.2286589814679671
1976-09-01,33.692,0.4882469084460217,-2.188933403007598
1976-10-01,34.116,0.470366075062234,-0.9033607343073791
1976-11-01,34.433,7.145196283186683,0.408246580934879
1976-12-01,34.964,15.97844409237863,0.6911646123718418
1977-01-01,35.799,21.24146024681974,1.2357898308919202
1977-02-01,34.234,-2.291772477359022,0.8870421123979622
1977-03-01,33.87,-11.940474632765486,1.0019681517265955
1977-04-01,34.602,-12.718696054458311,1.8514702852264975
1977-05-01,34.461,2.678831530506276,1.8110375797683709
1977-06-01,34.294,5.102195332084869,1.9107901696828966
1977-07-01,35.043,5.196261848150763,2.837774386665104
1977-08-01,34.987,6.246667472487877,3.377260371114521
1977-09-01,34.964,8.046790841806706,3.7753769440816765
1977-10-01,35.521,5.568808558813676,4.118302262867868
1977-11-01,35.647,7.761871331971593,3.525687567159408
1977-12-01,36.296,16.131655944792556,3.8096327651298445
1978-01-01,37.877,29.28899542861305,5.804631414285333
1978-02-01,36.607,11.215319142819414,6.931705322194293
1978-03-01,35.927,-4.004969514193856,6.073221139651608
1978-04-01,36.821,-10.694126939063407,6.412924108433038
1978-05-01,36.864,2.83791731378491,6.9731000261164855
1978-06-01,37.125,14.020261683322154,8.255088353647878
1978-07-01,38.048,14.010543352535109,8.575179065719274
1978-08-01,37.404,5.989382922507591,6.908280218366825
1978-09-01,37.613,5.362495096024711,7.576364260382107
1978-10-01,38.215,1.7672699067835085,7.584245939022005
1978-11-01,39.423,23.403218504309287,10.59275675372402
1978-12-01,41.446,47.427531792482135,14.188891337888476
1979-01-01,42.865,58.29815626603927,13.168941574042293
1979-02-01,40.494,11.31765116935788,10.618187778293775
1979-03-01,40.059,-12.729005654666016,11.501099451665864
1979-04-01,40.548,-19.93062490697639,10.121941283506697
1979-05-01,40.096,-3.873864462937304,8.767361111111116
1979-06-01,39.883,-1.7458599010003797,7.428956228956229
1979-07-01,40.705,1.55780015041449,6.9832842724978805
1979-08-01,40.494,4.029980443189296,8.261148540263052
1979-09-01,40.862,10.186199501530036,8.637970914311556
1979-10-01,42.007,13.421563794610837,9.922805181211558
1979-11-01,42.753,24.25207927787898,8.446845749942922
1979-12-01,43.578,29.35722795577636,5.1440428509385905
1980-01-01,44.928,30.85239541103724,4.812784322874131
1980-02-01,42.966,2.007784965479864,6.104608090087416
1980-03-01,42.91,-5.991985563957469,7.117002421428387
1980-04-01,44.683,-2.163490347665298,10.19779027325638
1980-05-01,43.785,7.845423378632188,9.200418994413418
1980-06-01,43.268,3.3792140336533105,8.487325426873603
1980-07-01,42.575,-17.576826608983442,4.594030217418021
1980-08-01,40.071,-29.851351763783818,-1.0445991998814685
1980-09-01,40.908,-20.09651804842392,0.11257402966080576
1980-10-01,41.498,-9.741099485450532,-1.2117028114361883
1980-11-01,40.723,6.6690272053592015,-4.748204804341216
1980-12-01,40.146,-7.245255823722429,-7.87553352609115
1981-01-01,41.247,-2.3975315862343582,-8.193108974358964
1981-02-01,39.521,-11.294072168057012,-8.017967695387052
1981-03-01,39.407,-7.162299575731257,-8.163598228851088
1981-04-01,40.169,-10.051357372549983,-10.102276033390778
1981-05-01,40.265,7.745493254529312,-8.039282859426732
1981-06-01,40.108,7.307611810756054,-7.303318849958407
1981-07-01,40.666,5.041700663830162,-4.483852025836777
1981-08-01,40.716,4.556156240372666,1.6096428838811239
1981-09-01,40.177,0.6899198269521678,-1.7869365405299709
1981-10-01,40.433,-2.272218975107876,-2.566388741626102
1981-11-01,40.605,-1.086029196797178,-0.2897625420524075
1981-12-01,41.606,15.004236427355377,3.636725950281483
1982-01-01,42.784,25.366551324211706,3.7263316119960255
1982-02-01,40.981,3.75574361180282,3.694238506110681
1982-03-01,38.866,-23.85252159908122,-1.3728525388890245
1982-04-01,39.284,-28.921661532044556,-2.2031915158455484
1982-05-01,39.191,-16.359778589256855,-2.667328945734504
1982-06-01,39.258,4.095821620178297,-2.1192779495362357
1982-07-01,39.651,3.7895835542443024,-2.4959425564353377
1982-08-01,39.866,7.069375422086477,-2.0876313979762307
1982-09-01,39.576,3.2796854807285447,-1.495880727779575
1982-10-01,40.183,5.475805478590368,-0.618306828580617
1982-11-01,40.799,9.695149472490929,0.4777736731929716
1982-12-01,41.354,19.218184580422548,-0.6056818728068181
1983-01-01,41.315,11.753619714982166,-3.433526551982047
1983-02-01,39.364,-13.343964032380274,-3.945730948488335
1983-03-01,37.601,-31.651736201142345,-3.254772809139095
1983-04-01,38.174,-27.11474991070429,-2.825577843396798
1983-05-01,37.833,-14.673048627722409,-3.465081268658632
1983-06-01,37.934,3.589796240651744,-3.372561006673813
1983-07-01,38.44,2.8165055508264425,-3.0541474363824483
1983-08-01,38.214,4.089488748904047,-4.143882004715804
1983-09-01,37.418,-5.331014492326047,-5.452799676571662
1983-10-01,37.633,-8.13674158611828,-6.345967200059722
1983-11-01,37.615,-6.12406673860707,-7.804112845903077
1983-12-01,38.333,10.146056756481103,-7.3052183585626596
1984-01-01,39.507,21.456523973127805,-4.376134575819924
1984-02-01,35.423,-21.350296104872125,-10.011685804288174
1984-03-01,35.568,-25.878099728761786,-5.406771096513396
1984-04-01,36.664,-25.824041426295956,-3.955571855189388
1984-05-01,35.933,5.884539725361226,-5.022070679036816
1984-06-01,36.742,13.871066946993604,-3.1422997838350786
1984-07-01,36.831,1.834436671349704,-4.1857440166493065
1984-08-01,36.584,7.446146376890272,-4.265452451980933
1984-09-01,37.377,7.094357791480821,-0.10957293281307345
1984-10-01,37.856,11.605307795158648,0.5925650360056212
1984-11-01,38.493,22.5638191390102,2.3341751960654022
1984-12-01,39.858,29.31361392693464,3.978295463438819
1985-01-01,40.322,28.71506174551037,2.0629255574961425
1985-02-01,39.358,9.296195991317704,11.108601755921278
1985-03-01,39.721,-1.3678084414810776,11.67622582096266
1985-04-01,40.89,5.754822599486498,11.526292821296092
1985-05-01,40.242,9.291438281441922,11.991762446775933
1985-06-01,41.446,18.535871289897,12.80278700125197
1985-07-01,41.927,10.536755178824595,13.83617061714315
1985-08-01,42.102,19.809893123116584,15.08309643560024
1985-09-01,43.778,24.478164862232557,17.125504989699536
1985-10-01,44.71,29.313398498057808,18.10545224006763
1985-11-01,45.452,35.83168381126385,18.07861169563296
1985-12-01,47.058,33.50889268020521,18.06412765316876
1986-01-01,46.941,21.504026355102845,16.415356381131897
1986-02-01,45.601,1.3177354269882755,15.862086488134564
1986-03-01,46.383,-5.615326468908133,16.77198459253293
1986-04-01,48.105,10.293908412763276,17.644900953778418
1986-05-01,47.592,18.64197220269277,18.26449977635307
1986-06-01,48.998,24.531171571934763,18.221300004825558
1986-07-01,50.102,17.66827168446237,19.49817540010017
1986-08-01,50.519,26.96474874947863,19.991924374138993
1986-09-01,52.496,31.76238239904594,19.914112111106054
1986-10-01,53.896,33.90780366625856,20.545739208230817
1986-11-01,55.43,44.93074782605113,21.95282935844407
1986-12-01,58.196,51.031553192566335,23.668664201623525
1987-01-01,58.575,39.51569012207912,24.78430370038984
1987-02-01,55.842,3.0064317018872133,22.457840836823763
1987-03-01,56.136,-13.424837923917377,21.027100446284198
1987-04-01,58.549,-0.1774319691508652,21.710840868932557
1987-05-01,57.234,10.350051326372125,20.259707513867873
1987-06-01,57.549,10.454972527993034,17.45173272378464
1987-07-01,58.02,-3.5653806682067746,15.803760328929005
1987-08-01,57.282,0.3358871821372622,13.3870424988618
1987-09-01,58.998,10.458217889199384,12.385705577567796
1987-10-01,59.969,14.129083516774775,11.26799762505566
1987-11-01,60.3,22.79948819913209,8.785856034638284
1987-12-01,61.109,15.098999729192908,5.0054986597017015
1988-01-01,61.31,9.249142495952569,4.669227486128902
1988-02-01,58.868,-9.166117774815577,5.418860356004451
1988-03-01,59.067,-12.71111475637362,5.221248396750733
1988-04-01,61.138,-1.1174526547364838,4.421937180822888
1988-05-01,59.6,5.067382777264329,4.1339064192612796
1988-06-01,61.109,14.56212291049026,6.186032772072503
1988-07-01,61.734,3.956765878304025,6.40124095139607
1988-08-01,60.966,9.487809755998612,6.4313396878600715
1988-09-01,61.153,0.2883211602673352,3.6526661920743164
1988-10-01,60.806,-5.878666790476295,1.395721122579996
1988-11-01,61.237,1.789930741660739,1.5538971807628643
1988-12-01,62.616,9.918353525913036,2.4660851920339066
1989-01-01,62.242,9.786367614741632,1.5201435328657587
1989-02-01,59.477,-11.010125750495812,1.034517904464205
1989-03-01,59.202,-20.0894295201612,0.22855401493220295
1989-04-01,60.435,-11.116745351895164,-1.1498576989760756
1989-05-01,57.824,-10.66198378067642,-2.9798657718120847
1989-06-01,58.664,-3.5857619097607984,-4.001047308907035
1989-07-01,59.296,-7.328224281629181,-3.949201412511749
1989-08-01,58.712,6.285733793617987,-3.6971426696847387
1989-09-01,59.175,3.530039201048352,-3.2345101630337103
1989-10-01,59.322,0.1755066489948387,-2.4405486300693946
1989-11-01,59.981,8.929951258903523,-2.0510475692800068
1989-12-01,61.79,18.88298864629203,-1.3191516545291937
1990-01-01,61.878,18.38098094824503,-0.5848141126570394
1990-02-01,59.581,-2.640946248423237,0.17485750794425936
1990-03-01,59.759,-12.513608283334332,0.9408465930205168
1990-04-01,61.611,-1.7148377868970832,1.945892280963002
1990-05-01,59.279,-2.012128795993473,2.5162562257886156
1990-06-01,60.422,4.512226627912086,2.9967271239601745
1990-07-01,60.077,-9.593445253066646,1.3171208850512706
1990-08-01,59.841,3.846507343672023,1.9229459054367126
1990-09-01,60.508,0.5705457145029902,2.2526404731727956
1990-10-01,60.167,0.6005788738783657,1.4244293853882262
1990-11-01,61.121,8.834462031992985,1.9006018572548022
1990-12-01,57.457,-18.694374946682213,-7.0124615633597625
1991-01-01,48.792,-56.752495644847656,-21.148065548337048
1991-02-01,46.709,-65.8932393409118,-21.604202682063068
1991-03-01,47.381,-53.75709549839252,-20.71319801201492
1991-04-01,49.262,3.909122711584967,-20.043498725876862
1991-05-01,48.025,11.755065154618883,-18.98480068827073
1991-06-01,49.412,18.28041538387584,-18.221839727251666
1991-07-01,49.766,4.155637479152974,-17.162974183131652
1991-08-01,49.517,13.01804895257237,-17.25238548821042
1991-09-01,50.194,6.482317431558893,-17.045679910094535
1991-10-01,50.506,6.081818673404449,-16.05697475360247
1991-11-01,52.16,23.121254242022648,-14.661082115803092
1991-12-01,54.555,39.55037732500044,-5.050733592077561
1992-01-01,54.807,38.66671409974201,12.327840629611408
1992-02-01,54.16,16.242326063385516,15.951957866792243
1992-03-01,55.241,5.125454569035215,16.588928051328587
1992-04-01,49.311,-34.47136560367685,0.09946814989241215
1992-05-01,47.838,-39.13362530559535,-0.3893805309734488
1992-06-01,48.587,-40.1541264655624,-1.669634906500439
1992-07-01,48.851,-3.679529832909989,-1.8386046698549152
1992-08-01,49.219,12.05702418603627,-0.6018135185895779
1992-09-01,50.53,16.981410967158972,0.6694027174562578
1992-10-01,52.074,29.11893096749189,3.1045816338652887
1992-11-01,53.648,41.15068866340308,2.852760736196336
1992-12-01,55.423,44.7314547365058,1.591054898726063
1993-01-01,54.761,22.293035796336905,-0.08393088474100141
1993-02-01,52.782,-6.302236419659291,-2.544313146233379
1993-03-01,53.067,-15.94994028722041,-3.935482703064752
1993-04-01,55.428,4.961819886270713,12.404940074222793
1993-05-01,55.087,18.64600437933761,15.15322546929221
1993-06-01,56.325,26.91315919996677,15.926070759668232
1993-07-01,56.641,9.045265891333363,15.946449407381635
1993-08-01,56.806,13.078581345250084,15.414778845567767
1993-09-01,58.048,12.809128102631217,14.878290124678406
1993-10-01,58.931,17.179487391332927,13.167799669700809
1993-11-01,60.175,25.917924879584795,12.166343572919768
1993-12-01,61.777,28.279782029459245,11.464554426862495
1994-01-01,60.58,11.671367179824289,10.626175562900597
1994-02-01,58.434,-11.080283561513472,10.70819597590087
1994-03-01,58.616,-18.94917185857185,10.456592609342907
1994-04-01,60.474,-0.6980661192513171,9.10370210002165
1994-05-01,58.358,-0.5192309865926559,5.937880080599767
1994-06-01,58.818,1.385605206139462,4.4260985352862825
1994-07-01,58.986,-9.484906660126304,4.1401105206475775
1994-08-01,58.337,-0.1438614586669828,2.695137837552375
1994-09-01,58.913,0.6476276450269935,1.4901460859977789
1994-10-01,58.691,-1.9855175407813448,-0.4072559433914158
1994-11-01,59.016,4.737623452630047,-1.9260490236809313
1994-12-01,60.188,8.941937418290081,-2.5721546854007182
1995-01-01,59.174,3.3326750691617724,-2.3208979861340406
1995-02-01,56.714,-14.713158002311532,-2.9434918027175905
1995-03-01,56.755,-20.93634944970315,-3.174901050907597
1995-04-01,58.102,-7.05187816608327,-3.9223467936633893
1995-05-01,55.871,-5.8143665634570185,-4.261626512217687
1995-06-01,56.048,-4.8904848234054725,-4.709442687612631
1995-07-01,56.262,-12.078247221571836,-4.618044959820966
1995-08-01,55.808,-0.4502766882034326,-4.335156075903801
1995-09-01,56.193,1.038849974598799,-4.616977577105219
1995-10-01,55.313,-6.578208808171149,-5.755567293111374
1995-11-01,55.449,-2.5483857894490924,-6.044123627490849
1995-12-01,56.605,2.965161400195093,-5.953013889811931
1996-01-01,55.44,0.9215776584175384,-6.3102038057254894
1996-02-01,52.895,-17.18984206272748,-6.733787071975161
1996-03-01,53.738,-18.771802321069096,-5.315831204299181
1996-04-01,54.732,-5.011203170898304,-5.80014457333654
1996-05-01,52.275,-4.606742343937576,-6.436254944425556
1996-06-01,52.633,-7.974856491161242,-6.092991721381669
1996-07-01,51.865,-19.36339107213868,-7.815221641605341
1996-08-01,50.737,-11.259275109408106,-9.086510894495415
1996-09-01,49.997,-18.5777153536262,-11.026284412649257
1996-10-01,48.555,-23.186367213748728,-12.217742664473096
1996-11-01,48.668,-15.340663672003885,-12.229255712456489
1996-12-01,49.757,-1.9063337395497812,-12.09787121279039
1997-01-01,49.375,6.928284847937083,-10.939754689754688
1997-02-01,47.015,-12.909303407954232,-11.116362605161168
1997-03-01,46.385,-24.474520094591245,-13.683054821541552
1997-04-01,46.878,-18.74541730058745,-14.349923262442443
1997-05-01,44.736,-18.024733516335434,-14.421807747489247
1997-06-01,45.291,-9.105543876607593,-13.949423365569135
1997-07-01,45.168,-13.811932237244909,-12.912368649378204
1997-08-01,45.395,6.023828586813718,-10.528805408281928
1997-09-01,44.759,-4.616366775467851,-10.476628597715864
1997-10-01,44.222,-8.118076622520631,-8.923900731129642
1997-11-01,44.827,-4.911801656951265,-7.892249527410211
1997-12-01,46.234,13.847729722047063,-7.080410796470837
1998-01-01,45.77,14.75460667037316,-7.301265822784808
1998-02-01,43.635,-10.219665184876735,-7.189194937785814
1998-03-01,44.24,-16.167079013719622,-4.624339765010232
1998-04-01,45.206,-4.838632782996976,-3.566705064209219
1998-05-01,43.674,0.3579907612753397,-2.3739270386266
1998-06-01,43.479,-6.705140603247584,-4.000794859905932
1998-07-01,43.227,-16.39426648133385,-4.2972901168969235
1998-08-01,43.186,-4.395123980768078,-4.866174688842396
1998-09-01,42.503,-8.681209124475508,-5.040327085055518
1998-10-01,42.547,-6.145437665725783,-3.7877074759169793
1998-11-01,42.538,-5.868203776523018,-5.106297543890959
1998-12-01,43.695,11.698832688961858,-5.49162953670459
1999-01-01,45.261,28.062155398321263,-1.112082149879834
1999-02-01,44.312,17.75439918041681,1.5515068179213998
1999-03-01,41.956,-14.994048637604518,-5.162748643761295
1999-04-01,42.459,-22.556947054079423,-6.076626996416401
1999-05-01,43.605,-6.230898467096557,-0.1579887347163078
1999-06-01,41.035,-8.495712425864522,-5.6211044412245
1999-07-01,40.637,-16.091199986800152,-5.991625604367634
1999-08-01,40.542,-25.27334988231204,-6.122354466725321
1999-09-01,40.105,-8.761879203413713,-5.64195468555162
1999-10-01,39.582,-9.98717706185326,-6.968763955155466
1999-11-01,39.64,-8.60679532067664,-6.812732145375888
1999-12-01,40.357,2.53719117713096,-7.639317999771144
2000-01-01,42.215,29.38270794953264,-6.729855725679945
2000-02-01,40.984,14.26751642909412,-7.510380935186845
2000-03-01,38.541,-16.820478804659654,-8.139479454666809
2000-04-01,39.443,-23.789890804276304,-7.103323205916312
2000-05-01,40.613,-3.5720546586237023,-6.8615984405458015
2000-06-01,38.246,-3.026701667957088,-6.796637017180441
2000-07-01,38.74,-6.940930177929127,-4.668159559022566
2000-08-01,38.442,-19.7280869998383,-5.17981352671304
2000-09-01,38.043,-2.1062542815186824,-5.14150355317291
2000-10-01,37.619,-11.081828831472784,-4.959324945682386
2000-11-01,37.475,-9.68858048359602,-5.461654894046419
2000-12-01,37.045,-10.087646144952656,-8.206754714175979
2001-01-01,38.346,7.957118560882814,-9.164988748075341
2001-02-01,37.8,3.5143676075697794,-7.768885418699989
2001-03-01,36.324,-7.560780151690405,-5.752315715731293
2001-04-01,37.312,-10.357524074704138,-5.4027330578302895
2001-05-01,38.355,6.003632790252178,-5.559796124393679
2001-06-01,36.855,5.976846948825698,-3.63698164513937
2001-07-01,37.928,6.769117793568524,-2.0960247805885457
2001-08-01,38.459,1.089023708561765,0.04422246501223359
2001-09-01,38.553,19.742149819085,1.340588281681243
2001-10-01,43.306,69.9622677055112,15.11736090805178
2001-11-01,38.619,1.6745233941651616,3.0527018012007856
2001-12-01,39.407,9.159310129244403,6.376029153731944
2002-01-01,42.316,-8.8354174579245,10.353100714546514
2002-02-01,41.119,28.518628120350687,8.780423280423278
2002-03-01,38.911,-4.940380162081215,7.12201299416364
2002-04-01,39.729,-22.301595431276823,6.477808747855929
2002-05-01,39.03,-18.824676465914504,1.759874853343768
2002-06-01,37.378,-14.851957144249097,1.4190747524081004
2002-07-01,38.039,-15.960041312787832,0.2926597764184802
2002-08-01,38.23,-7.950170810380919,-0.5954392989937496
2002-09-01,37.378,0.0,-3.0477524446865245
2002-10-01,37.137,-9.152934120394074,-14.245139241675508
2002-11-01,37.575,-6.679133001125203,-2.703332556513627
2002-12-01,38.263,9.81251351712562,-2.903037531403041
2003-01-01,41.159,50.88010851064426,-2.7341903771623155
2003-02-01,39.97,28.038517205925096,-2.7943286558525293
2003-03-01,38.961,7.498971698638401,0.12849836807071746
2003-04-01,39.634,-14.017045938947936,-0.23912003825919959
2003-05-01,40.164,1.955636578136444,2.9054573405073114
2003-06-01,39.979,10.868284192739264,6.958638771469849
2003-07-01,41.658,22.04557627610757,9.513919924288228
2003-08-01,42.338,23.47343227679497,10.7454878367774
2003-09-01,42.927,32.921259005566775,14.845631119910108
2003-10-01,41.653,-0.0480013431733761,12.16037913671002
2003-11-01,41.162,-10.65617965740201,9.546240851630072
2003-12-01,41.906,-9.179752513789518,9.520947129080316
2004-01-01,44.574,31.141845076955832,8.297091766077891
2004-02-01,42.674,15.522755204871965,6.765073805354027
2004-03-01,42.372,4.522796282392583,8.754908754908763
2004-04-01,44.258,-2.8057209045171394,11.666750769541313
2004-05-01,44.651,19.85919250355399,11.171696046210533
2004-06-01,43.787,14.042022369612027,9.525000625328307
2004-07-01,45.055,7.400137726264622,8.154496135196121
2004-08-01,44.259,-3.465704938343339,4.53729510132741
2004-09-01,44.845,10.020939368258851,4.468050411163138
2004-10-01,43.91,-9.784372897628169,5.4185772933522225
2004-11-01,43.847,-3.671865652220263,6.523006656625041
2004-12-01,44.938,0.8321078973073215,7.235240776977059
2005-01-01,48.699,51.29564426983369,9.254273791896628
2005-02-01,45.127,12.198309741692936,5.748230772835927
2005-03-01,44.142,-6.899274330930838,4.177286887567266
2005-04-01,44.879,-27.87388966475313,1.4031361561751332
2005-05-01,44.801,-2.858460953135833,0.3359387247765966
2005-06-01,44.226,0.763355316687031,1.0025806746294608
2005-07-01,45.288,3.6954933358493536,0.517145710797906
2005-08-01,43.871,-8.04839723395806,-0.8766578548995652
2005-09-01,44.128,-0.883414687631856,-1.5988404504404086
2005-10-01,42.872,-19.691334610969506,-2.363926212707801
2005-11-01,42.886,-8.682917119717203,-2.191712089766684
2005-12-01,43.483,-5.719686053839879,-3.2377942943611293
2006-01-01,45.573,27.68371134010954,-6.419022977884548
2006-02-01,43.062,1.6516942380017108,-4.575974472045575
2006-03-01,41.216,-19.27921673624917,-6.628607675229947
2006-04-01,42.905,-21.440058495465387,-4.39849372757859
2006-05-01,43.706,6.1176097594982215,-2.4441418718332164
2006-06-01,43.334,22.19452586336177,-2.0169131280242336
2006-07-01,43.371,4.415775351149831,-4.232909379968197
2006-08-01,41.191,-21.105796419621825,-6.1088190376330616
2006-09-01,40.876,-20.830400863095367,-7.369470630891961
2006-10-01,40.021,-27.49732980856972,-6.650027990296692
2006-11-01,40.46,-6.911898806653827,-5.656857715804698
2006-12-01,41.419,5.42045231187529,-4.7466826115953324
2007-01-01,43.061,34.02465571419433,-5.512035635134838
2007-02-01,41.129,6.779796171167218,-4.488876503645911
2007-03-01,39.053,-20.965052610889305,-5.247961956521752
2007-04-01,40.911,-18.525081219398874,-4.647476984034493
2007-05-01,42.619,15.297640579037465,-2.487072713128635
2007-06-01,42.112,35.20908216437557,-2.819956616052066
2007-07-01,41.276,3.6167662194837247,-4.830416637845558
2007-08-01,40.102,-21.611724688017265,-2.6437814085601308
2007-09-01,40.934,-10.728409889455047,0.14189255308738602
2007-10-01,40.591,-6.474812447644441,1.4242522675595337
2007-11-01,40.905,8.253378042245597,1.099851705388044
2007-12-01,41.678,7.470864008709088,0.6253168835558487
2008-01-01,43.243,28.80842198696161,0.4226562318571325
2008-02-01,42.208,13.363568275574456,2.623453038002377
2008-03-01,41.129,-5.165770518953949,5.315852815404698
2008-04-01,43.298,0.5097242955267367,5.834616606780574
2008-05-01,45.036,29.616457094724737,5.6711795208709725
2008-06-01,43.584,26.100190405093173,3.49544072948329
2008-07-01,44.065,7.276291926616407,6.756953193138848
2008-08-01,43.915,-9.5908665800725,9.508253952421342
2008-09-01,43.411,-1.5783101835886493,6.051204377778863
2008-10-01,47.642,36.6421985931982,17.370845753984888
2008-11-01,50.327,72.48551228191393,23.033858941449694
2008-12-01,53.558,131.68517376039657,28.504246844858216
2009-01-01,63.401,213.63497892946677,46.615637212959314
2009-02-01,58.889,87.47033139484176,39.5209438968916
2009-03-01,55.026,11.422877938855011,33.7888108147536
2009-04-01,59.14,-24.29216112530884,36.58829507136587
2009-05-01,60.662,12.5978714040629,34.69668709476863
2009-06-01,60.334,44.53622263456831,38.431534508076346
2009-07-01,64.297,39.71323824352335,45.91399069556337
2009-08-01,63.116,17.19011249297879,43.723101445975175
2009-09-01,62.708,16.692601743819502,44.45186703830826
2009-10-01,62.214,-12.342383023285697,30.586457327568105
2009-11-01,64.587,9.653520591228816,28.334691120074716
2009-12-01,65.25,17.227705701275873,21.830538855073
2010-01-01,66.575,31.12702286194273,5.006230185643767
2010-02-01,63.63,-5.796455677599299,8.050739526906558
2010-03-01,64.122,-6.737688533449959,16.530367462654016
2010-04-01,67.232,4.00624629206805,13.68278660804869
2010-05-01,66.555,19.694737917088023,9.714483531700257
2010-06-01,64.278,0.9767019973720314,6.536944343156437
2010-07-01,66.106,-6.532765238309956,2.8135060733782247
2010-08-01,65.494,-6.225812313789025,3.767665885037075
2010-09-01,67.033,18.27833542897468,6.897046628819292
2010-10-01,66.08,-0.1572302969205186,6.214035426109876
2010-11-01,67.07,9.97834083082989,3.8444268970535767
2010-12-01,71.365,28.465483392887016,9.37164750957853
2011-01-01,73.883,56.278037531187366,10.977093503567392
2011-02-01,73.7,45.79973212892114,15.82586830111583
2011-03-01,72.735,7.902794462623786,13.432207354730053
2011-04-01,76.041,12.205253702391447,13.1023917182294
2011-05-01,77.321,21.14901772315025,16.176094959056407
2011-06-01,77.103,26.27324251738381,19.952394287314455
2011-07-01,78.442,13.240910964011388,18.660938492723812
2011-08-01,83.212,34.138669071888536,27.052859803951513
2011-09-01,92.478,106.95151489845895,37.95891575791028
2011-10-01,93.782,104.3070384896391,41.921912832929785
2011-11-01,94.644,67.35107478566967,41.11227076189059
2011-12-01,96.51,18.61388952912368,35.23435857913544
2012-01-01,99.741,27.94311240052909,34.99857883410258
2012-02-01,99.803,23.652253807476757,35.417910447761194
2012-03-01,96.752,1.0067837508102029,33.01986663916958
2012-04-01,100.528,3.1937267701073635,32.202364513880674
2012-05-01,101.046,5.075658608102995,30.683772843082746
2012-06-01,97.905,4.852715392009266,26.979494961285553
2012-07-01,100.721,0.7701596056390647,28.40187654572808
2012-08-01,104.445,14.149525873808775,25.51675239148199
2012-09-01,108.069,48.451655196905705,16.85914487770066
2012-10-01,107.311,28.853687591619792,14.426009255507456
2012-11-01,110.806,26.678377740418902,17.07662398038967
2012-12-01,111.634,13.86268332557714,15.670914931095226
2013-01-01,117.475,43.616668125730286,17.780050330355614
2013-02-01,116.606,22.639531002484997,16.83616724948147
2013-03-01,113.147,5.532500470321677,16.94538614188854
2013-04-01,115.856,-5.399745283424229,15.247493235715414
2013-05-01,118.638,7.154811321062882,17.40989252419689
2013-06-01,115.97,10.35968564130756,18.45156018589449
2013-07-01,116.776,3.2143922091959265,15.940072080301015
2013-08-01,118.764,0.425498981528416,13.709607927617418
2013-09-01,119.978,14.557583435641083,11.019811416780012
2013-10-01,119.552,9.853273634763404,11.4070318979415
2013-11-01,124.523,20.853445146904328,12.379293540061
2013-12-01,124.801,17.07543730509642,11.794793700843819
2014-01-01,134.149,58.53398445977509,14.193658225154305
2014-02-01,133.568,32.37665161236436,14.54642128192376
2014-03-01,132.145,25.69866930464941,16.790546810785976
2014-04-01,134.734,1.755772339210604,16.294365419141023
2014-05-01,136.11,7.832691109268164,14.727153188691666
2014-06-01,135.357,10.082919756898743,16.717254462360962
2014-07-01,139.609,15.277580253804368,19.552819072412152
2014-08-01,142.072,18.70631980439146,19.62547573338722
2014-09-01,137.094,5.232747907526525,14.265948757272163
2014-10-01,139.675,0.1892336937946215,16.832006156316925
2014-11-01,141.945,-0.3570860156664635,13.990989616376082
2014-12-01,142.007,15.123827149132296,13.786748503617762
2015-01-01,152.397,41.719937173789326,13.6027849629889
2015-02-01,148.321,19.214802309512315,11.045310253953033
2015-03-01,149.155,21.70607445917623,12.872223693669827
2015-04-01,150.249,-5.519824900262171,11.515281962978886
2015-05-01,149.733,3.862680010147579,10.008816398501196
2015-06-01,145.873,-8.515315864371686,7.7690847167120936
2015-07-01,150.292,0.1145257882040562,7.652085467269298
2015-08-01,153.937,11.71255121364403,8.351399290500595
2015-09-01,149.298,9.727706320319008,8.901921309466498
2015-10-01,147.389,-7.505303054460565,5.522820834079112
2015-11-01,147.809,-14.99755049271223,4.131177568776634
2015-12-01,150.727,3.883903749352746,6.140542367629753
2016-01-01,160.411,40.30601689435134,5.25863370013846
2016-02-01,152.731,14.000108848379387,2.9732809244813696
2016-03-01,152.09,3.666495831278338,1.9677516677282014
2016-04-01,156.515,-9.366807636775643,4.170410451983031
2016-05-01,160.85,23.019931194419076,7.424549030607808
2016-06-01,160.129,22.878903252623783,9.772884632522816
2016-07-01,163.527,19.16096606808988,8.806190615601617
2016-08-01,164.182,8.547020268963678,6.6553200335201845
2016-09-01,167.612,20.044002438163112,12.266741684416393
2016-10-01,166.622,7.788268288240707,13.04914206623289
2016-11-01,168.699,11.467398610848887,14.133104208810021
2016-12-01,170.224,6.38067292466924,12.93530687932487
2017-01-01,176.249,25.192200739802885,9.873387735255058
2017-02-01,173.208,11.127553959442691,13.407232323496876
2017-03-01,169.699,-1.2279730355211904,11.578013018607415
2017-04-01,176.616,0.8355176777570916,12.842858511963717
2017-05-01,178.63,13.121669203193132,11.053776810693194
2017-06-01,181.324,30.347897839655054,13.236203311080462
2017-07-01,184.242,18.422541930680737,12.667632867966772
2017-08-01,183.249,10.75130709288814,11.613331546698191
2017-09-01,184.248,6.608041560387679,9.925303677540986
2017-10-01,182.074,-4.624423520072762,9.273685347673165
2017-11-01,186.968,8.368403723421046,10.829346943372498
2017-12-01,189.269,11.354256081816905,11.188199078860794
2018-01-01,193.209,26.79953981518528,9.62274963262204
2018-02-01,190.487,7.743787660065382,9.975867165488882
2018-03-01,184.151,-10.385481418095113,8.516255251946081
2018-04-01,191.27,-3.954279104504088,8.297096525796066
2018-05-01,192.267,3.790506491726231,7.6342159771594975
2018-06-01,190.028,13.389819480064812,4.800247071540431
2018-07-01,190.529,-1.5406598908899616,3.412359831091716
2018-08-01,188.549,-7.513587466403382,2.892239521088791
2018-09-01,190.901,1.8503259888037027,3.6108940124180533
2018-10-01,189.602,-1.9320031642135804,4.134582642222395
2018-11-01,192.074,7.690499056015843,2.7309486115271175
2018-12-01,192.165,2.6749139379368847,1.5300973746360969
2019-01-01,199.356,22.2209310922163,3.1815288107696738
2019-02-01,193.579,3.171238733769721,1.6232078829526486
2019-03-01,193.064,1.8844812479758664,4.840049741787977
2019-04-01,194.575,-9.253285139944678,1.7279238772415884
2019-05-01,199.742,13.356025009931338,3.887822663275542
2019-06-01,200.36,15.994899386374906,5.4370934809607085
2019-07-01,200.169,12.005441344992397,5.05959722666891
2019-08-01,200.608,1.7455482199228545,6.395684941314994
2019-09-01,199.741,-1.2300606097909617,4.630672442784478
2019-10-01,200.621,0.9063007605696782,5.811647556460375
2019-11-01,206.586,12.463230475258346,7.555421348022118
2019-12-01,207.239,15.882291003836867,7.844300470949461
2020-01-01,214.652,31.04914565355601,7.6727061136860675
2020-02-01,208.324,3.4078899064971635,7.617045237344966
2020-03-01,167.36,-57.46751899188105,-13.313719802759694
2020-04-01,0.0,-100.0,-100.0
2020-05-01,0.0,-100.0,-100.0
2020-06-01,0.0,-100.0,-100.0
2020-07-01,0.0,,-100.0
2020-08-01,0.0,,-100.0
