DATE,RETAIL,3m growth rate,12m growth rate
1947-01-01,9583,,
1947-02-01,9852,,
1947-03-01,9769,,
1947-04-01,9947,16.081368434182576,
1947-05-01,10061,8.759445154695777,
1947-06-01,10146,16.353377239770083,
1947-07-01,10176,9.531723507802958,
1947-08-01,10141,3.2187356192355354,
1947-09-01,10462,13.052307428288843,
1947-10-01,10609,18.137942920101068,
1947-11-01,10792,28.258044995144655,
1947-12-01,10842,15.33968181887051,
1948-01-01,10883,10.738011076568332,13.56568924136492
1948-02-01,10866,2.771112105531848,10.292326431181475
1948-03-01,11021,6.7693005822276,12.816050772852904
1948-04-01,11210,12.571365381287446,12.69729566703528
1948-05-01,10906,1.4806337197327937,8.39876751813935
1948-06-01,11173,5.631922861255911,10.122215651488276
1948-07-01,11257,1.687650717585032,10.623034591194958
1948-08-01,11331,16.522819523910748,11.734542944482795
1948-09-01,11230,2.0563025447160266,7.340852609443704
1948-10-01,11240,-0.6027015859969231,5.947780186634
1948-11-01,11159,-5.934980006902002,3.4006671608598937
1948-12-01,11404,6.343220780284486,5.183545471315254
1949-01-01,10949,-9.960602937107366,0.6064504272718985
1949-02-01,11099,-2.133446292838792,2.144303331492736
1949-03-01,11191,-7.264344009884782,1.542509754105792
1949-04-01,11290,13.051920548743269,0.7136485280999194
1949-05-01,11223,4.544320953346914,2.906656886117731
1949-06-01,11217,0.9325618424259609,0.3938064978072031
1949-07-01,10993,-10.114602327176502,-2.345207426490181
1949-08-01,11106,-4.105251413107991,-1.9857029388403502
1949-09-01,11263,1.6504854331359509,0.2938557435440803
1949-10-01,11160,6.216470625045578,-0.7117437722419906
1949-11-01,11221,4.206683198235628,0.5556053409803807
1949-12-01,11052,-7.285605038389875,-3.0866362679761505
1950-01-01,11339,6.571785691370247,3.5619691296008726
1950-02-01,11589,13.777818328521452,4.414812145238312
1950-03-01,11674,24.484491872100044,4.315968188723085
1950-04-01,11716,13.977317339519434,3.773250664304695
1950-05-01,11916,11.77331375977584,6.17481956696071
1950-06-01,12345,25.05055431369456,10.056164749933139
1950-07-01,13300,66.06920698747076,20.98608205221504
1950-08-01,13349,57.49724235863292,20.196290293535025
1950-09-01,12694,11.796858197574236,12.705318298854662
1950-10-01,12358,-25.460547301880787,10.734767025089598
1950-11-01,12069,-33.18250083147816,7.557258711344805
1950-12-01,12959,8.61554446177002,17.2547955121245
1951-01-01,13885,59.36420216055058,22.453479142781553
1951-02-01,13716,66.81102716606016,18.35361118301837
1951-03-01,13021,1.9275055976275544,11.538461538461542
1951-04-01,12735,-29.23601840767035,8.697507681802662
1951-05-01,12840,-23.20195065843753,7.7542799597180245
1951-06-01,12792,-6.851375248926894,3.620899149453227
1951-07-01,12651,-2.612408423027257,-4.879699248120306
1951-08-01,12936,3.0243617430602665,-3.0938647089669646
1951-09-01,12855,1.9845821771180328,1.26831573971955
1951-10-01,13094,14.759837180968136,5.955656255057451
1951-11-01,13099,5.136264143534963,8.534261330681915
1951-12-01,12924,2.16437287272766,-0.27008256809939457
1952-01-01,13030,-1.9408066150590877,-6.157724162765577
1952-02-01,13274,5.451966902977112,-3.222513852435116
1952-03-01,12890,-1.0481605128024318,-1.0060671223408368
1952-04-01,13208,5.577306531973103,3.7141735374951024
1952-05-01,13708,13.733690023598587,6.7601246105919
1952-06-01,13885,34.63930678569162,8.544402751719815
1952-07-01,13512,9.52929826578619,6.805786103865308
1952-08-01,13212,-13.706541122650528,2.133580705009286
1952-09-01,13430,-12.477338789666936,4.4729677168416915
1952-10-01,14047,16.803480337604082,7.278142660760656
1952-11-01,13891,22.196786524099156,6.046263073517055
1952-12-01,14266,27.32240342411767,10.38378211080162
1953-01-01,14352,8.972113261531312,10.145817344589414
1953-02-01,14325,13.09527926021321,7.917733915925873
1953-03-01,14418,4.330480129264558,11.85415050426688
1953-04-01,14218,-3.682691799030569,7.646880678376733
1953-05-01,14167,-4.339410453104698,3.348409687773568
1953-06-01,14146,-7.335256008534885,1.8797263233705452
1953-07-01,14090,-3.5527314012550715,4.277679100059206
1953-08-01,14017,-4.168404727016628,6.092945806842254
1953-09-01,14007,-3.8728869248490727,4.296351451973202
1953-10-01,14060,-0.8489516904310324,0.09254645119953775
1953-11-01,13855,-4.543429534927334,-0.2591606075876496
1953-12-01,13719,-7.974261821126472,-3.834291322024397
1954-01-01,13712,-9.53888517946744,-4.4593088071348985
1954-02-01,14055,5.900321677557163,-1.8848167539266991
1954-03-01,14020,9.069225725409469,-2.76043834096269
1954-04-01,13991,8.390646845629867,-1.596567731045151
1954-05-01,13957,-2.760008050283702,-1.482318063104393
1954-06-01,14272,7.385907986610229,0.8907111550968461
1954-07-01,13991,0.0,-0.7026259758694087
1954-08-01,13996,1.1224122974672124,-0.14981807804808067
1954-09-01,14073,-5.46178401629861,0.4711929749410926
1954-10-01,14081,2.5980171702802317,0.14935988620199403
1954-11-01,14406,12.242648675351475,3.976903644893537
1954-12-01,14671,18.11148169176049,6.9392812887236754
1955-01-01,14765,20.89262597898196,7.6794049008168
1955-02-01,14896,14.31547171862697,5.983635716826763
1955-03-01,15005,9.42212148744439,7.0256776034236745
1955-04-01,15255,13.950187127406256,9.034379243799595
1955-05-01,15260,10.138581784829492,9.335817152683234
1955-06-01,15126,3.2648182965640205,5.98374439461884
1955-07-01,15404,3.96452936046705,10.099349581874062
1955-08-01,15418,4.20631318907374,10.160045727350674
1955-09-01,15677,15.386619283118286,11.397711930647336
1955-10-01,15715,8.323703958662776,11.604289468077544
1955-11-01,15652,6.210435982220308,8.649173955296408
1955-12-01,15531,-3.673485616362437,5.861904437325327
1956-01-01,15495,-5.483249765734676,4.944124619031487
1956-02-01,15370,-7.014311073865387,3.1820622986036495
1956-03-01,15663,3.443239539039622,4.385204931689435
1956-04-01,15516,0.5432134179025994,1.7109144542772903
1956-05-01,15771,10.851470074229352,3.348623853211019
1956-06-01,15797,3.4662433138913817,4.436070342456699
1956-07-01,15744,6.008634560960036,2.207218904180741
1956-08-01,15826,1.4022796555384964,2.646257620962511
1956-09-01,15906,2.7887157245994443,1.4607386617337514
1956-10-01,15933,4.8889892018074255,1.387209672287626
1956-11-01,16106,7.266999713377586,2.900587784308706
1956-12-01,16193,7.415103450001159,4.2624428562230365
1957-01-01,16329,10.318445000942656,5.3823814133591386
1957-02-01,16635,13.799523029262506,8.230318802862712
1957-03-01,16453,6.578873921335027,5.043733639788028
1957-04-01,16493,4.078321532777629,6.296725960299043
1957-05-01,16534,-2.406585629705138,4.837993786063022
1957-06-01,16820,9.225382693586104,6.475913148066081
1957-07-01,16799,7.630432260183073,6.700965447154461
1957-08-01,16967,10.894116750591463,7.209654998104376
1957-09-01,16841,0.500341520225156,5.878284923928079
1957-10-01,16782,-0.4041719696980195,5.328563359066085
1957-11-01,16699,-6.1700209237025465,3.6818576927853064
1957-12-01,16647,-4.528792666337145,2.8036806027295746
1958-01-01,16659,-2.8996387281337577,2.0209443321697496
1958-02-01,16374,-7.560564359475097,-1.5689810640216462
1958-03-01,16319,-7.651413693088394,-0.8144411353552594
1958-04-01,16535,-2.9442915066151487,0.25465348935911347
1958-05-01,16517,3.5393730519905464,-0.10281843474053698
1958-06-01,16476,3.904166638023399,-2.0451843043995277
1958-07-01,16746,5.202860961151434,-0.31549496993869
1958-08-01,16853,8.3887500515758,-0.6718924972004436
1958-09-01,16745,6.692397508504655,-0.5700374087049487
1958-10-01,16662,-1.9914028277791984,-0.7150518412584961
1958-11-01,17048,4.709205348192391,2.0899455057189043
1958-12-01,17605,22.180953522081715,5.7547906529705095
1959-01-01,17583,24.01190640948898,5.54655141365028
1959-02-01,17712,16.51361238284985,8.1714913887871
1959-03-01,17860,5.920909344552916,9.442980574790116
1959-04-01,17871,6.714519901136407,8.079830662231636
1959-05-01,18011,6.925401763922956,9.045226130653262
1959-06-01,18175,7.243717485975343,10.31196892449624
1959-07-01,18169,6.838721022693117,8.497551654126356
1959-08-01,18285,6.225443699874256,8.497003500860378
1959-09-01,18046,-2.808981338145056,7.7694834278889235
1959-10-01,18178,0.1982869596146796,9.098547593326135
1959-11-01,17699,-12.21606222753774,3.818629751290481
1959-12-01,17617,-9.17529305805138,0.06816245384833053
1960-01-01,18092,-1.879010329816344,2.894841608371723
1960-02-01,18159,10.808428959814352,2.5237127371273704
1960-03-01,18139,12.389449985054537,1.5621500559910517
1960-04-01,18615,12.074251205097442,4.163169380560694
1960-05-01,18337,3.9789494943259776,1.8100049969463017
1960-06-01,18312,3.8699100326337934,0.7537826685006799
1960-07-01,18128,-10.061133912354435,-0.22565908965821446
1960-08-01,18190,-3.168277745324144,-0.5195515449822219
1960-09-01,18173,-3.001864197912296,0.7037570652776326
1960-10-01,18333,4.600698263628367,0.8526790626031566
1960-11-01,18071,-2.591255144192861,2.1018136617888095
1960-12-01,17939,-5.051870572428296,1.8277799852415288
1961-01-01,17953,-8.036822237471053,-0.7682953791731117
1961-02-01,17889,-3.968101956895453,-1.4868660168511516
1961-03-01,18078,3.135602204403143,-0.3362919675836573
1961-04-01,17758,-4.274403103895807,-4.603814128391082
1961-05-01,18025,3.075829225513771,-1.7014778862409319
1961-06-01,18159,1.8043150552123244,-0.835517693315857
1961-07-01,18145,9.006321308951915,0.09377758164166305
1961-08-01,18345,7.292600299543861,0.8521165475535941
1961-09-01,18377,4.8891936672123215,1.1225444340505097
1961-10-01,18708,13.00080954282965,2.0454917362133784
1961-11-01,18840,11.237886681020948,4.255436887831321
1961-12-01,18847,10.629375520424356,5.061597636434589
1962-01-01,19009,6.592742886827296,5.882025288252657
1962-02-01,19011,3.6803020025730993,6.272010732852595
1962-03-01,19331,10.674701951535416,6.931076446509565
1962-04-01,19436,9.292529828086815,9.449262304313555
1962-05-01,19568,12.244717539064377,8.560332871012477
1962-06-01,19317,-0.2893755855281954,6.377003138939363
1962-07-01,19623,3.904427511993447,8.145494626618909
1962-08-01,19745,3.667540129619496,7.63150722267647
1962-09-01,19804,10.472186908300896,7.7651412091200855
1962-10-01,20115,10.412573417171767,7.520846696600381
1962-11-01,20220,9.975527239907066,7.32484076433122
1962-12-01,20216,8.584852316002856,7.263755504854874
1963-01-01,20301,3.7503516034393503,6.796780472407815
1963-02-01,20148,-1.4167426781315884,5.98074798800694
1963-03-01,20309,1.8528633671833328,5.059231286534582
1963-04-01,20397,1.90499189108162,4.94443301090759
1963-05-01,20268,2.403738928159082,3.5772690106296023
1963-06-01,20419,2.184192699516463,5.704819588963095
1963-07-01,20656,5.176742562136294,5.2642307496305385
1963-08-01,20630,7.337958103202813,4.482147379083323
1963-09-01,20579,3.171368719441192,3.913350838214491
1963-10-01,20937,5.553566604163396,4.086502609992548
1963-11-01,20701,1.3837590113854992,2.3788328387734925
1963-12-01,21156,11.69588273415425,4.649782350613374
1964-01-01,21046,2.0987563560067146,3.6697699620708235
1964-02-01,21143,8.81809975478185,4.938455429819344
1964-03-01,21296,2.6733941695572083,4.859914323698855
1964-04-01,21472,8.345712446534549,5.270382899445991
1964-05-01,21762,12.235122440475998,7.371225577264662
1964-06-01,21779,9.385457381326232,6.660463293990881
1964-07-01,21887,7.958031661965959,5.9595274980635216
1964-08-01,22195,8.19952982922012,7.586039747939899
1964-09-01,22404,11.982592186020312,8.868263764031292
1964-10-01,21538,-6.227274522634129,2.870516310837279
1964-11-01,21740,-7.951320729699907,5.019081203806586
1964-12-01,22751,6.340746766877925,7.539232369067883
1965-01-01,22918,28.19921617372376,8.89480186258671
1965-02-01,23063,26.655786757816347,9.0810197228397
1965-03-01,22834,1.4672815347858137,7.222013523666426
1965-04-01,23026,1.8983474754491916,7.237332339791358
1965-05-01,23383,5.666597359267889,7.448763900376809
1965-06-01,23243,7.359564707329591,6.722071720464662
1965-07-01,23622,10.762477002096716,7.927080001827558
1965-08-01,23697,5.480591265530288,6.767289930164444
1965-09-01,23760,9.198586407058151,6.052490626673812
1965-10-01,24373,13.33636857995839,13.162782059615562
1965-11-01,24667,17.40642418936609,13.463661453541853
1965-12-01,24755,17.832740231977205,8.808404026196648
1966-01-01,24919,9.266362710964282,8.73112837071297
1966-02-01,24993,5.39213963397589,8.368382257295238
1966-03-01,25430,11.361152791830232,11.369011123762807
1966-04-01,25084,2.675003907387685,8.937722574481022
1966-05-01,24653,-5.331489057156524,5.431296240858741
1966-06-01,25222,-3.2318040185035923,8.514391429677758
1966-07-01,25328,3.9480679529013454,7.222081110828893
1966-08-01,25615,16.54625907562288,8.09385154238933
1966-09-01,25667,7.246309644848314,8.026094276094287
1966-10-01,25557,3.665895061702229,4.857834488983714
1966-11-01,25566,-0.7629838455898375,3.644545343981842
1966-12-01,25384,-4.337925647557239,2.540900828115533
1967-01-01,24156,-20.189397035762912,-3.0619206228179263
1967-02-01,23912,-23.47339096079374,-4.325211059096546
1967-03-01,24153,-18.03204708146462,-5.021627998427059
1967-04-01,24214,0.96388850433049,-3.468346356243024
1967-05-01,24104,3.250667155376008,-2.2269095039143316
1967-06-01,24826,11.620169780736369,-1.5700578859725645
1967-07-01,24654,7.469051098914581,-2.6610865445356957
1967-08-01,24660,9.550865840545764,-3.7282842084715995
1967-09-01,25360,8.885485680911188,-1.1960883624888008
1967-10-01,24974,5.293815396938295,-2.281175411824554
1967-11-01,25561,15.435415977444311,-0.019557224438704335
1967-12-01,26295,15.58346340515573,3.588874881815318
1968-01-01,25821,14.27199281755116,6.892697466467967
1968-02-01,26126,9.139090102379743,9.25894948143191
1968-03-01,26756,7.199324450327027,10.777129135097097
1968-04-01,26695,14.242439948396711,10.246138597505583
1968-05-01,26866,11.820222376139888,11.458679057417864
1968-06-01,27306,8.479479928773713,9.989527108676377
1968-07-01,27649,15.07951244071355,12.14813012087288
1968-08-01,28012,18.185563180301067,13.592862935928629
1968-09-01,27416,1.621130535037918,8.10725552050473
1968-10-01,28185,7.982764705202139,12.8573716665332
1968-11-01,28882,13.014087788072136,12.99244943468565
1968-12-01,28467,16.23861850461563,8.260125499144323
1969-01-01,28774,8.62475263158322,11.436427713876295
1969-02-01,28983,1.4061495719708272,10.935466585011099
1969-03-01,28750,4.036226302734325,7.452534011062939
1969-04-01,28915,1.974557507555552,8.316164075669597
1969-05-01,29192,2.9157999510903254,8.657783071540237
1969-06-01,29008,3.638173606794948,6.233062330623307
1969-07-01,29025,1.5304069909333862,4.976671850699854
1969-08-01,29365,2.3916683319556764,4.830072825931753
1969-09-01,29769,10.913864473656188,8.582579515611322
1969-10-01,30095,15.581540086203471,6.776654248713854
1969-11-01,30070,9.954673094276,4.113288553424277
1969-12-01,30346,7.981369109698888,6.600625285418205
1970-01-01,30439,4.6511805494863445,5.78647390004865
1970-02-01,30581,6.972715037953958,5.513576924403951
1970-03-01,30295,-0.6705539681787775,5.373913043478251
1970-04-01,30654,2.8553981647921223,6.014179491613358
1970-05-01,31092,6.853291605818401,6.508632502055356
1970-06-01,31290,13.798994630513196,7.866795366795376
1970-07-01,31552,12.242921147755624,8.706287683031878
1970-08-01,31542,5.916171335421638,7.413587604290828
1970-09-01,31640,4.549906008347904,6.285061641304712
1970-10-01,31901,4.498393842087345,6.000996843329465
1970-11-01,31195,-4.328397103882409,3.7412703691386717
1970-12-01,32109,6.062344096430472,5.809661899426621
1971-01-01,32878,12.824749029745576,8.012746805085591
1971-02-01,33214,28.512320468998432,8.609921192897541
1971-03-01,33260,15.128238257406837,9.787093579798656
1971-04-01,33878,12.732591381252156,10.517387616624262
1971-05-01,33679,5.718751665767163,8.320468287662418
1971-06-01,34311,13.251646263181382,9.654841802492808
1971-07-01,34416,6.505127702615465,9.077079107505082
1971-08-01,34608,11.498559545599418,9.720372836218383
1971-09-01,35205,10.836777707350652,11.267383059418457
1971-10-01,35630,14.87399297360177,11.68928873703019
1971-11-01,36043,17.64614990194453,15.54095207565316
1971-12-01,36020,9.586596584125973,12.180385561680529
1972-01-01,35746,1.3086468644807558,8.72315834296491
1972-02-01,36044,0.0110983172069367,8.520503402179802
1972-03-01,36975,11.03448862483074,11.169573060733606
1972-04-01,37066,15.609382497261182,9.410236731802346
1972-05-01,37555,17.852592689238268,11.508655245108223
1972-06-01,37800,9.228122488684566,10.168750546471973
1972-07-01,38002,10.489988624380464,10.419572291957223
1972-08-01,38364,8.899143500522522,10.85298196948683
1972-09-01,39088,14.342214525593654,11.02968328362448
1972-10-01,39639,18.37634986164385,11.251754139769865
1972-11-01,39906,17.073139175218444,10.717753794079288
1972-12-01,40808,18.79753890297735,13.29261521377012
1973-01-01,41508,20.236540878994404,16.11928607396631
1973-02-01,42112,24.013989114099864,16.834979469537224
1973-03-01,42432,16.894147347079922,14.758620689655167
1973-04-01,42121,6.039448624455845,13.637835212863546
1973-05-01,42121,0.0855137307605113,12.158168020236992
1973-06-01,42508,0.7183675475188611,12.455026455026452
1973-07-01,42521,3.853033205220546,11.89147939582127
1973-08-01,42648,5.0993390796362,11.166718798873942
1973-09-01,43221,6.880027270194278,10.573577568563252
1973-10-01,43461,9.140259205023328,9.642019223492015
1973-11-01,43807,11.321582882225425,9.7754723600461
1973-12-01,42669,-5.011590582737169,4.560380317584789
1974-01-01,43204,-2.344441019847121,4.085959333140599
1974-02-01,43461,-3.1220794298165044,3.2033624620060763
1974-03-01,44087,13.970467591922642,3.900358220211153
1974-04-01,44676,14.340819208063849,6.0658578856152445
1974-05-01,45187,16.857119594809888,7.279029462738307
1974-06-01,45297,11.438580194258762,6.561117907217473
1974-07-01,46026,12.64600744117863,8.242985818771897
1974-08-01,47335,20.413585743259045,10.989964359407246
1974-09-01,46203,8.24377826773539,6.899423891164025
1974-10-01,45770,-2.206336179608248,5.3128091852465475
1974-11-01,45531,-14.3949806881976,3.9354441071061785
1974-12-01,44836,-11.319784534152957,5.078628512503225
1975-01-01,46482,6.3691222993946806,7.587260438848253
1975-02-01,47158,15.078119667553992,8.506477071397335
1975-03-01,46091,11.675287990578887,4.54555764737905
1975-04-01,46729,2.1425565016031767,4.595308443011903
1975-05-01,48890,15.52038738661523,8.194834797618778
1975-06-01,48836,26.036349886008917,7.812879440139531
1975-07-01,49599,26.924579407712336,7.7630035197497005
1975-08-01,50134,10.573047085571607,5.913172071405937
1975-09-01,50232,11.933875319601729,8.72021297318355
1975-10-01,50565,8.021042537442646,10.476294516058559
1975-11-01,50775,5.21321742438603,11.517427686631088
1975-12-01,51568,11.070639526702486,15.014720314033369
1976-01-01,52854,19.37445316747848,13.708532335097456
1976-02-01,52482,14.14102791258156,11.289706942618437
1976-03-01,52830,10.154258167630667,14.621075698075536
1976-04-01,53868,7.897644639094392,15.277450833529493
1976-05-01,53433,7.447601606898391,9.292288811617922
1976-06-01,54540,13.589474841661175,11.679908264395111
1976-07-01,54946,8.248259328035479,10.780459283453304
1976-08-01,54650,9.426480629000356,9.00785893804603
1976-09-01,54655,0.8460890020326239,8.80514413123108
1976-10-01,55476,3.914518759062391,9.712251557401363
1976-11-01,55707,7.963863794991477,9.713441654357457
1976-12-01,57294,20.7582971692972,11.103785293205082
1977-01-01,56888,10.57631290703258,7.632345707042032
1977-02-01,58198,19.122323816710505,10.891353225867917
1977-03-01,58679,10.025725584139632,11.071360969146316
1977-04-01,59589,20.387591722302663,10.620405435509017
1977-05-01,59328,7.995731826536301,11.032508000673747
1977-06-01,59643,6.73506132480548,9.356435643564364
1977-07-01,60327,5.046727158305853,9.793251556073246
1977-08-01,60275,6.539350213948025,10.292772186642264
1977-09-01,60539,6.145857882746131,10.765712194675704
1977-10-01,61743,9.72459693685559,11.296776984641998
1977-11-01,62232,13.633440928389584,11.713070170714634
1977-12-01,62517,13.723847943174295,9.116137815478066
1978-01-01,61283,-2.9469563934439447,7.725706651666431
1978-02-01,62730,3.2395531735385674,7.787209182446131
1978-03-01,64277,11.74545737953505,9.540039877980199
1978-04-01,65882,33.569416822824614,10.560673949890088
1978-05-01,66305,24.819939408122394,11.76004584681769
1978-06-01,67452,21.270992076467145,13.092902771490378
1978-07-01,67017,7.071240061366235,11.089561887711973
1978-08-01,67902,9.987960116686768,12.653670676068018
1978-09-01,68218,4.620455243771526,12.6843852723038
1978-10-01,69432,15.212279695073104,12.453233564938525
1978-11-01,70495,16.172408796513228,13.277734927368567
1978-12-01,71429,20.19941375032279,14.255322552265781
1979-01-01,70989,9.2761869203563,15.8379974870682
1979-02-01,71588,6.34759137984704,14.120835326000325
1979-03-01,73031,9.277489532258487,13.619179488775135
1979-04-01,72863,10.984916700566938,10.596217479736492
1979-05-01,73617,11.828253858038318,11.027825955810266
1979-06-01,73932,5.026968402226073,9.606831524639748
1979-07-01,73614,4.186985655806841,9.843770983481793
1979-08-01,76338,15.624707979332689,12.423787222762206
1979-09-01,77092,18.224485193152805,13.008296930428909
1979-10-01,76539,16.866346617619786,10.235914275838232
1979-11-01,77560,6.558498275350266,10.021987374991138
1979-12-01,77782,3.6284906645982495,8.894146635120181
1980-01-01,79430,15.98641233187803,11.890574596064173
1980-02-01,78770,6.3878862456413055,10.032407666089282
1980-03-01,77585,-1.0092455541505283,6.235708123947359
1980-04-01,76556,-13.7063806116264,5.068416068512138
1980-05-01,76602,-10.563035006766464,4.0547699580260055
1980-06-01,77656,0.3665529178179527,5.03706108315749
1980-07-01,79279,15.004734256846032,7.695547042682094
1980-08-01,80067,19.3586204371357,4.8848542010532015
1980-09-01,80325,14.472948833910682,4.193690655320914
1980-10-01,82197,15.555657902000084,7.392309802845598
1980-11-01,82870,14.755928118094118,6.846312532233112
1980-12-01,82971,13.84195906773147,6.671209277210677
1981-01-01,84926,13.956423132910189,6.919300012589691
1981-02-01,86031,16.153026095281998,9.217976386949346
1981-03-01,86554,18.42496767294581,11.560224270155306
1981-04-01,85996,5.135728088818792,12.330842781754537
1981-05-01,85364,-3.0653281697425427,11.43834364637999
1981-06-01,86146,-1.872237895926632,10.932831976923874
1981-07-01,86817,3.8738177777140494,9.508192585678433
1981-08-01,88194,13.934993686719022,10.15024916632321
1981-09-01,87829,8.046644771078903,9.342047930283215
1981-10-01,86642,-0.8038590619786623,5.407739941847023
1981-11-01,86504,-7.447405269781959,4.3851816097502105
1981-12-01,86874,-4.278935001316341,4.704053223415405
1982-01-01,85933,-3.2332801860653904,1.1857381720556726
1982-02-01,88204,8.095686096492472,2.5258337111041307
1982-03-01,87401,2.448671864056484,0.97857984610763
1982-04-01,87805,9.00265950777066,2.1035862133122363
1982-05-01,88770,2.5915891699920923,3.9899723536853893
1982-06-01,87351,-0.2286340461716385,1.398788103916604
1982-07-01,88899,5.077689327780299,2.3981478281903224
1982-08-01,88464,-1.371731031695278,0.3061432750527171
1982-09-01,89670,11.04963982742191,2.096118594086227
1982-10-01,90712,8.410529642942844,4.697490824311545
1982-11-01,92119,17.57921839918488,6.491029316563401
1982-12-01,92135,11.45764990607654,6.055897046296943
1983-01-01,91521,3.6153403656139727,6.502740507139282
1983-02-01,91774,-1.4896675665992951,4.047435490453943
1983-03-01,94219,9.359219331606926,7.80082607750483
1983-04-01,94479,13.568561399011012,7.600933887591821
1983-05-01,96062,20.040515973643046,8.214486876196903
1983-06-01,98278,18.3780760324844,12.509301553502539
1983-07-01,98854,19.84939252692184,11.198101215986679
1983-08-01,97382,5.610782724520824,10.08093687827818
1983-09-01,99241,3.977480049208415,10.673580907772951
1983-10-01,100780,8.024042965613054,11.098862333539117
1983-11-01,102092,20.7958706561374,10.826213918952664
1983-12-01,102734,14.839756915429314,11.503771639442117
1984-01-01,105065,18.12310200010254,14.798789348892605
1984-02-01,104941,11.638488070425645,14.347200732233523
1984-03-01,104203,5.843477005934439,10.59658879843768
1984-04-01,106137,4.144172249291689,12.33924999206173
1984-05-01,106830,7.396992613625297,11.209427244904324
1984-06-01,108358,16.92921449896476,10.256618978815201
1984-07-01,106655,1.9665318972347912,7.891435854897111
1984-08-01,106064,-2.8374077347656512,8.915405311043113
1984-09-01,107569,-2.8809103029026173,8.391692949486607
1984-10-01,108090,5.491431871027275,7.253423298273476
1984-11-01,110153,16.33578151485309,7.895819456960385
1984-12-01,109688,8.115496277705914,6.768937255436369
1985-01-01,110516,9.284498481045844,5.188216818160196
1985-02-01,111701,5.740881416975308,6.441714868354609
1985-03-01,112269,9.749599977743806,7.740660057771853
1985-04-01,113720,12.110624850204088,7.144539604473454
1985-05-01,114433,10.148069521630498,7.116914724328383
1985-06-01,113795,5.5488007845518,5.017626755754079
1985-07-01,113994,0.967259465277892,6.881065116497109
1985-08-01,115629,4.2466107912543904,9.018139990948871
1985-09-01,118888,19.140485094880376,10.52254831782391
1985-10-01,115440,5.171313959781831,6.799888981404378
1985-11-01,115997,1.2791272830024791,5.305348015941469
1985-12-01,117447,-4.760824534587926,7.0736999489461105
1986-01-01,118585,11.350907115321183,7.301205255347631
1986-02-01,117480,5.212834782519527,5.17363318143973
1986-03-01,116665,-2.636846913529567,3.915595578476694
1986-04-01,117409,-3.908156648783356,3.243932465705246
1986-05-01,119114,5.68065219338334,4.090603235080792
1986-06-01,119240,9.125319417168832,4.78492025132915
1986-07-01,119647,7.84541809204371,4.959032931557794
1986-08-01,120871,6.032066213814025,4.533464788245167
1986-09-01,127973,32.673911898489585,7.641645918847995
1986-10-01,122617,10.305074017267346,6.217082467082458
1986-11-01,122048,3.952325059142692,5.216514220195356
1986-12-01,127561,-1.2815661417531763,8.611543930453735
1987-01-01,119328,-10.305316533163666,0.6265547919213965
1987-02-01,125274,10.99952250845484,6.634320735444321
1987-03-01,126124,-4.43050685667763,8.107830111858739
1987-04-01,127157,28.941181595927,8.302600311730778
1987-05-01,127134,6.072563982748624,6.7330456537434635
1987-06-01,128891,9.068522308767513,8.093760483059388
1987-07-01,129741,8.379681797309946,8.436483990405108
1987-08-01,132164,16.790051976201113,9.343018590067098
1987-09-01,130422,4.836629599821118,1.9136849179123727
1987-10-01,129977,0.7295911401600685,6.002430331846309
1987-11-01,130469,-5.03214309699247,6.899744362873617
1987-12-01,132097,5.236984596213645,3.5559457828019614
1988-01-01,132543,8.133721514554049,11.07451729686244
1988-02-01,133438,9.41799727149082,6.5169149224898915
1988-03-01,135736,11.482928565426077,7.621071326630924
1988-04-01,135123,8.016457592023851,6.264696398939895
1988-05-01,136327,8.945529737569125,7.2309531675240235
1988-06-01,136981,3.719673766966736,6.276621331202326
1988-07-01,137369,6.816374048168816,5.879405893279688
1988-08-01,138158,5.481583208286445,4.535274356103014
1988-09-01,137707,2.1369157064573097,5.585714066645209
1988-10-01,140607,9.767259576716626,8.1783700193111
1988-11-01,141779,10.903048623105091,8.668725904237796
1988-12-01,142794,15.615422097330868,8.097837195394298
1989-01-01,143839,9.516322387181098,8.522517220826442
1989-02-01,141914,0.38141880002871,6.352013669269629
1989-03-01,142727,-0.1875509038363976,5.150439087640724
1989-04-01,145396,4.400652923590509,7.602702722704491
1989-05-01,146366,13.151379201445778,7.363911770962472
1989-06-01,146410,10.728244084502014,6.883436388988251
1989-07-01,147142,4.890651791712819,7.114414460322194
1989-08-01,149444,8.68087246785878,8.168908061784341
1989-09-01,149298,8.126712102325783,8.417146550284293
1989-10-01,147648,1.3826537083717172,5.007574302844087
1989-11-01,148939,-1.344840940010239,5.050113204353246
1989-12-01,149324,0.0696775377409197,4.5730212754037325
1990-01-01,154002,18.35733286084293,7.065538553521655
1990-02-01,152810,10.8085746513771,7.677889425990392
1990-03-01,153395,11.359264774597232,7.474409186769138
1990-04-01,152274,-4.413275327342903,4.730529037937781
1990-05-01,151967,-2.188468844212688,3.826708388560185
1990-06-01,153312,-0.2162590931863106,4.714158868929719
1990-07-01,153836,4.1666965156559765,4.549346889399364
1990-08-01,154595,7.098802296704609,3.446776049891609
1990-09-01,155106,4.763450868092822,3.890206164851495
1990-10-01,155673,4.862755004717578,5.435224317295195
1990-11-01,155240,1.6793501341337391,4.2305910473415365
1990-12-01,153953,-2.940459140862439,3.0999705338726535
1991-01-01,150514,-12.611474673706658,-2.2649056505759657
1991-02-01,152977,-5.704705120184938,0.10928604148943144
1991-03-01,153844,-0.2829026917936073,0.2927083672870756
1991-04-01,155407,13.65138097778198,2.057475340504622
1991-05-01,155462,6.657756184780816,2.2998414129383304
1991-06-01,155798,5.178085260948162,1.6215299519933168
1991-07-01,156310,2.34455570348433,1.6082061416053506
1991-08-01,155442,-0.0514495911977275,0.5478831786280391
1991-09-01,155590,-0.5329563441082708,0.31204466622825056
1991-10-01,154584,-4.344243406704518,-0.6995432734000162
1991-11-01,155394,-0.1234615385892645,0.09920123679463266
1991-12-01,155264,-0.8354697679785472,0.8515585925574776
1992-01-01,158221,9.74843518787134,5.120453911264078
1992-02-01,159829,11.91423871775763,4.479104702014025
1992-03-01,159208,10.55451017542759,3.4866488130833817
1992-04-01,159182,2.451737415234856,2.429105510047802
1992-05-01,160059,0.5768588793337415,2.9569927056129375
1992-06-01,160757,3.948930387168748,3.182967688930538
1992-07-01,161241,5.275206953368627,3.1546286226089126
1992-08-01,162354,5.859923357451757,4.4466746439186355
1992-09-01,164194,8.830233361590011,5.5299183752169245
1992-10-01,165960,12.230726148366422,7.359105728924087
1992-11-01,166362,10.246436100928255,7.058187574809849
1992-12-01,167878,9.2813407066898,8.124227122835936
1993-01-01,168961,7.431633775088597,6.787973783505352
1993-02-01,168153,4.376312219703449,5.208066120666466
1993-03-01,167306,-1.35594473647207,5.086427817697614
1993-04-01,170097,2.7166226271039706,6.85693106004448
1993-05-01,172254,10.118118670133905,7.619065469608088
1993-06-01,172320,12.537348740198894,7.192843857499209
1993-07-01,173893,9.229962316644658,7.84663950235982
1993-08-01,174556,5.45370985777196,7.51567562240536
1993-09-01,175414,7.377741243807456,6.833380026066727
1993-10-01,177346,8.182544012074011,6.860689322728364
1993-11-01,179266,11.237850150089002,7.756579026460364
1993-12-01,180561,12.263556733779255,7.554891051835266
1994-01-01,179353,4.6041685200958415,6.150531779523094
1994-02-01,181982,6.199390021565554,8.224057852075184
1994-03-01,184450,8.897731521552664,10.247092154495352
1994-04-01,185259,13.836800291851524,8.913737455687043
1994-05-01,184150,4.851140339810423,6.9060805554588045
1994-06-01,186135,3.704484309013423,8.017061281337057
1994-07-01,186310,2.288639314747209,7.140597953914196
1994-08-01,189394,11.886573271272429,8.500423932720725
1994-09-01,190183,8.986975522948537,8.419510415360243
1994-10-01,192887,14.886016353831089,8.763095869092052
1994-11-01,192970,7.769116284961819,7.64450592973569
1994-12-01,193055,6.178709110741365,6.919545195252574
1995-01-01,194592,3.582906485793824,8.496651854164682
1995-02-01,191149,-3.721584565054292,5.037311382444409
1995-03-01,192642,-0.8529726781963731,4.441312008674436
1995-04-01,193458,-2.3107337313231,4.425695917607242
1995-05-01,195701,9.87124810158586,6.272603855552528
1995-06-01,197309,10.048383676363937,6.003169742391279
1995-07-01,197515,8.655961136727331,6.014169931834035
1995-08-01,198580,6.01561720748609,4.850206447933947
1995-09-01,199155,3.795201241107393,4.717561506548962
1995-10-01,198591,2.1969461436691877,2.957171815622628
1995-11-01,200320,3.551220175322256,3.808882209669906
1995-12-01,202331,6.533171136342775,4.8048483592758595
1996-01-01,201391,5.760131651735012,3.493977141917437
1996-02-01,203647,6.810714620851854,6.538354895918896
1996-03-01,205534,6.484154141914211,6.692206268622636
1996-04-01,206506,10.55298278710195,6.7446164025266375
1996-05-01,207519,7.824982652211165,6.038804094000549
1996-06-01,207920,4.724999895024151,5.377859094111259
1996-07-01,208293,3.506590252286035,5.456800749310187
1996-08-01,207754,0.4537405861880339,4.619800584147438
1996-09-01,210545,5.146461814246828,5.719163465642341
1996-10-01,212290,7.899503898312643,6.898097094027422
1996-11-01,212197,8.83269448253543,5.9290135782747555
1996-12-01,212907,4.563480992282609,5.22707840123362
1997-01-01,214362,3.961623573385431,6.44070489743831
1997-02-01,216017,7.397646159460769,6.074236301050351
1997-03-01,216289,6.506955076232934,5.23271088968249
1997-04-01,215573,2.27894999521876,4.390671457487927
1997-05-01,212634,-6.11869568869774,2.4648345452705556
1997-06-01,216262,-0.0499238420541336,4.012120046171597
1997-07-01,218834,6.18953834632936,5.060659743726381
1997-08-01,220112,14.827006607442094,5.94838125860393
1997-09-01,220354,7.786133645707083,4.658861526039559
1997-10-01,219836,1.844143026575984,3.554571576616894
1997-11-01,220905,1.4488909776553482,4.103733794539988
1997-12-01,221753,2.563837452221218,4.154865739501279
1998-01-01,222108,4.198520542341155,3.613513589162265
1998-02-01,222574,3.056535802613869,3.0354092501978958
1998-03-01,223975,4.06870859150037,3.5535787765443416
1998-04-01,226183,7.543219673843793,4.921766640534764
1998-05-01,227791,9.710582605338146,7.12821091641036
1998-06-01,230046,11.29113302384286,6.373750358361607
1998-07-01,228231,3.6713352727886672,4.2941224855369775
1998-08-01,228078,0.5049239947956696,3.6190666569746233
1998-09-01,230610,0.9842857801443784,4.654328943427388
1998-10-01,233751,10.03108041626386,6.329718517440264
1998-11-01,235251,13.185900050152322,6.494194336932169
1998-12-01,237116,11.77145312590171,6.927978426447434
1999-01-01,239154,9.571267753648115,7.674644767410443
1999-02-01,241580,11.203381850947958,8.539182474143425
1999-03-01,242316,9.064879775341584,8.18886036387989
1999-04-01,244556,9.34594772592112,8.123068488790054
1999-05-01,247325,9.857108325354512,8.575404647242424
1999-06-01,247995,9.70927217591977,7.802352572963667
1999-07-01,250003,9.211303621568302,9.53945783000556
1999-08-01,253458,10.294014205343547,11.12777207797333
1999-09-01,253910,9.887305082251729,10.103638177008811
1999-10-01,254867,8.012382863376866,9.033544241521962
1999-11-01,258115,7.554592819479744,9.718981003268844
1999-12-01,262516,14.26254446513784,10.712056546163051
2000-01-01,263234,13.792464889958575,10.068825944788706
2000-02-01,266799,14.15207623242516,10.439191986091556
2000-03-01,269748,11.483301251163637,11.32075471698113
2000-04-01,267221,6.197527796483482,9.267815960352642
2000-05-01,267417,0.9297644664490567,8.123723845143038
2000-06-01,268436,-1.931371566930884,8.242504889211478
2000-07-01,270645,5.224699255858556,8.256700919588965
2000-08-01,270549,4.7677658027105,6.743129039130746
2000-09-01,272714,6.528717523786476,7.405773699342277
2000-10-01,272490,2.7548294895887397,6.914586823715907
2000-11-01,270931,0.5659748225298467,4.965228677140043
2000-12-01,271347,-1.990005668056083,3.3639854332688346
2001-01-01,274912,3.603043528464478,4.436357005554004
2001-02-01,274329,5.111947239370984,2.822349409105729
2001-03-01,273337,2.9659418666406534,1.3305010602488343
2001-04-01,275549,0.9300684087293564,3.1165215308676997
