DATE,TB3MS,3m growth rate,12m growth rate
1934-01-01,0.72,,
1934-02-01,0.62,,
1934-03-01,0.24,,
1934-04-01,0.15,-99.81161988811728,
1934-05-01,0.16,-99.556480036729,
1934-06-01,0.15,-84.7412109375,
1934-07-01,0.15,0.0,
1934-08-01,0.19,98.85406494140624,
1934-09-01,0.21,284.1599999999999,
1934-10-01,0.27,949.7600000000006,
1934-11-01,0.25,199.7406404186586,
1934-12-01,0.23,43.89117703014696,
1935-01-01,0.2,-69.89317722945727,-72.22222222222221
1935-02-01,0.19,-66.637824,-69.35483870967742
1935-03-01,0.15,-81.90936996365794,-37.5
1935-04-01,0.15,-68.35937500000003,0.0
1935-05-01,0.15,-61.153613001741846,-6.25
1935-06-01,0.15,0.0,0.0
1935-07-01,0.15,0.0,0.0
1935-08-01,0.16,29.45382716049383,-15.789473684210531
1935-09-01,0.2,216.04938271604956,-4.761904761904756
1935-10-01,0.2,216.04938271604956,-25.92592592592593
1935-11-01,0.16,0.0,-36.0
1935-12-01,0.15,-68.35937500000003,-34.782608695652186
1936-01-01,0.2,0.0,0.0
1936-02-01,0.2,144.140625,5.263157894736836
1936-03-01,0.2,216.04938271604956,33.33333333333335
1936-04-01,0.2,0.0,33.33333333333335
1936-05-01,0.2,0.0,33.33333333333335
1936-06-01,0.2,0.0,33.33333333333335
1936-07-01,0.15,-68.35937500000003,0.0
1936-08-01,0.2,0.0,25.0
1936-09-01,0.16,-59.04000000000001,-20.000000000000007
1936-10-01,0.13,-43.58320987654321,-35.0
1936-11-01,0.11,-90.849375,-31.25
1936-12-01,0.12,-68.359375,-19.999999999999996
1937-01-01,0.17,192.43023703651835,-15.000000000000002
1937-02-01,0.15,245.77556177856692,-25.00000000000001
1937-03-01,0.38,9955.632716049386,89.99999999999999
1937-04-01,0.56,11674.878174351365,180.00000000000003
1937-05-01,0.41,5481.750123456791,104.99999999999999
1937-06-01,0.36,-19.448131920411925,79.99999999999999
1937-07-01,0.28,-93.75,86.66666666666669
1937-08-01,0.29,-74.97024695294472,44.99999999999997
1937-09-01,0.31,-45.01594412056088,93.75
1937-10-01,0.2,-73.9691795085381,53.846153846153854
1937-11-01,0.09,-99.0723630353424,-18.181818181818187
1937-12-01,0.11,-98.41465435003644,-8.333333333333325
1938-01-01,0.1,-93.75,-41.17647058823529
1938-02-01,0.08,-37.57049230300258,-46.666666666666664
1938-03-01,0.08,-72.0237688682467,-78.94736842105263
1938-04-01,0.09,-34.39000000000002,-83.92857142857143
1938-05-01,0.05,-84.7412109375,-87.8048780487805
1938-06-01,0.05,-84.7412109375,-86.11111111111111
1938-07-01,0.07,-63.40496875476297,-75.0
1938-08-01,0.06,107.36,-79.3103448275862
1938-09-01,0.08,555.3599999999998,-74.19354838709677
1938-10-01,0.05,-73.9691795085381,-75.0
1938-11-01,0.04,-80.2469135802469,-55.55555555555556
1938-12-01,0.03,-98.0224609375,-72.72727272727273
1939-01-01,0.03,-87.04,-70.0
1939-02-01,0.03,-68.359375,-62.5
1939-03-01,0.03,0.0,-62.5
1939-04-01,0.03,0.0,-66.66666666666667
1939-05-01,0.03,0.0,-40.0
1939-06-01,0.03,0.0,-40.0
1939-07-01,0.04,216.04938271604956,-42.85714285714286
1939-08-01,0.05,671.6049382716051,-16.666666666666664
1939-09-01,0.14,47327.16049382717,75.00000000000003
1939-10-01,0.05,144.140625,0.0
1939-11-01,0.05,0.0,25.0
1939-12-01,0.04,-99.33361099541858,33.33333333333335
1940-01-01,0.01,-99.84,-66.66666666666666
1940-02-01,0.02,-97.44,-33.33333333333333
1940-03-01,0.02,-93.75,-33.33333333333333
1940-04-01,0.02,1500.0,-33.33333333333333
1940-05-01,0.06,8000.0,100.0
1940-06-01,0.1,62400.0,233.33333333333334
1940-07-01,0.05,3806.25,25.0
1940-08-01,0.04,-80.2469135802469,-20.000000000000007
1940-09-01,0.05,-93.75,-64.28571428571428
1940-10-01,0.02,-97.44,-60.00000000000001
1940-11-01,0.02,-93.75,-60.00000000000001
1940-12-01,0.02,-97.44,-50.0
1941-01-01,0.02,0.0,100.0
1941-02-01,0.04,1500.0,100.0
1941-03-01,0.11,91406.25,450.0
1941-04-01,0.1,62400.0,400.0
1941-05-01,0.11,5619.140625,83.33333333333334
1941-06-01,0.12,41.629670104501024,19.999999999999996
1941-07-01,0.12,107.36,140.0
1941-08-01,0.13,95.07547298681789,225.0
1941-09-01,0.1,-51.77469135802468,100.0
1941-10-01,0.09,-68.359375,350.0
1941-11-01,0.28,2052.081509751061,1300.0000000000002
1941-12-01,0.33,11759.209999999995,1550.0
1942-01-01,0.27,8000.000000000005,1250.0
1942-02-01,0.25,-36.44819215951689,525.0
1942-03-01,0.25,-67.06146530839744,127.2727272727273
1942-04-01,0.32,97.3080737090288,219.99999999999997
1942-05-01,0.37,379.785216,236.36363636363637
1942-06-01,0.37,379.785216,208.33333333333334
1942-07-01,0.38,98.85406494140624,216.66666666666669
1942-08-01,0.38,11.257037148889529,192.3076923076923
1942-09-01,0.38,11.257037148889529,280.0
1942-10-01,0.38,0.0,322.22222222222223
1942-11-01,0.38,0.0,35.7142857142857
1942-12-01,0.38,0.0,15.151515151515138
1943-01-01,0.38,0.0,40.74074074074075
1943-02-01,0.38,0.0,52.0
1943-03-01,0.38,0.0,52.0
1943-04-01,0.38,0.0,18.75
1943-05-01,0.38,0.0,2.7027027027026973
1943-06-01,0.38,0.0,2.7027027027026973
1943-07-01,0.38,0.0,0.0
1943-08-01,0.38,0.0,0.0
1943-09-01,0.38,0.0,0.0
1943-10-01,0.38,0.0,0.0
1943-11-01,0.38,0.0,0.0
1943-12-01,0.38,0.0,0.0
1944-01-01,0.38,0.0,0.0
1944-02-01,0.38,0.0,0.0
1944-03-01,0.38,0.0,0.0
1944-04-01,0.38,0.0,0.0
1944-05-01,0.38,0.0,0.0
1944-06-01,0.38,0.0,0.0
1944-07-01,0.38,0.0,0.0
1944-08-01,0.38,0.0,0.0
1944-09-01,0.38,0.0,0.0
1944-10-01,0.38,0.0,0.0
1944-11-01,0.38,0.0,0.0
1944-12-01,0.38,0.0,0.0
1945-01-01,0.38,0.0,0.0
1945-02-01,0.38,0.0,0.0
1945-03-01,0.38,0.0,0.0
1945-04-01,0.38,0.0,0.0
1945-05-01,0.38,0.0,0.0
1945-06-01,0.38,0.0,0.0
1945-07-01,0.38,0.0,0.0
1945-08-01,0.38,0.0,0.0
1945-09-01,0.38,0.0,0.0
1945-10-01,0.38,0.0,0.0
1945-11-01,0.38,0.0,0.0
1945-12-01,0.38,0.0,0.0
1946-01-01,0.38,0.0,0.0
1946-02-01,0.38,0.0,0.0
1946-03-01,0.38,0.0,0.0
1946-04-01,0.38,0.0,0.0
1946-05-01,0.38,0.0,0.0
1946-06-01,0.38,0.0,0.0
1946-07-01,0.38,0.0,0.0
1946-08-01,0.38,0.0,0.0
1946-09-01,0.38,0.0,0.0
1946-10-01,0.38,0.0,0.0
1946-11-01,0.38,0.0,0.0
1946-12-01,0.38,0.0,0.0
1947-01-01,0.38,0.0,0.0
1947-02-01,0.38,0.0,0.0
1947-03-01,0.38,0.0,0.0
1947-04-01,0.38,0.0,0.0
1947-05-01,0.38,0.0,0.0
1947-06-01,0.38,0.0,0.0
1947-07-01,0.66,809.9999232663961,73.6842105263158
1947-08-01,0.75,1417.4369921194586,97.36842105263158
1947-09-01,0.8,1864.3802610477203,110.52631578947367
1947-10-01,0.85,175.10593559773372,123.6842105263158
1947-11-01,0.92,126.41555279012351,142.10526315789474
1947-12-01,0.95,98.8540649414061,150.0
1948-01-01,0.97,69.59429317177712,155.26315789473682
1948-02-01,1.0,39.5881947248616,163.15789473684214
1948-03-01,1.0,22.77376631548251,163.15789473684214
1948-04-01,1.0,12.95697747731628,163.15789473684214
1948-05-01,1.0,0.0,163.15789473684214
1948-06-01,1.0,0.0,163.15789473684214
1948-07-01,1.0,0.0,51.515151515151516
1948-08-01,1.06,26.247696000000037,41.333333333333336
1948-09-01,1.09,41.15816100000005,36.25000000000001
1948-10-01,1.12,57.35193600000006,31.764705882352963
1948-11-01,1.14,33.78146401974722,23.913043478260843
1948-12-01,1.16,28.270257077095163,22.10526315789474
1949-01-01,1.17,19.088919884659,20.618556701030922
1949-02-01,1.17,10.949165905725122,16.999999999999993
1949-03-01,1.17,3.493122451507946,16.999999999999993
1949-04-01,1.17,0.0,16.999999999999993
1949-05-01,1.17,0.0,16.999999999999993
1949-06-01,1.17,0.0,16.999999999999993
1949-07-01,1.02,-42.2360025606877,2.0000000000000018
1949-08-01,1.04,-37.57049230300258,-1.8867924528301883
1949-09-01,1.07,-30.049364603966723,-1.834862385321101
1949-10-01,1.05,12.293988936914111,-6.25
1949-11-01,1.08,16.295166485767343,-5.263157894736825
1949-12-01,1.1,11.695487995878228,-5.172413793103436
1950-01-01,1.07,7.839512137432414,-8.547008547008538
1950-02-01,1.12,15.658370355316942,-4.273504273504258
1950-03-01,1.12,7.473489515743514,-4.273504273504258
1950-04-01,1.15,33.43084939661958,-1.7094017094017144
1950-05-01,1.16,15.069404675135312,-0.8547008547008517
1950-06-01,1.15,11.152509111803964,-1.7094017094017144
1950-07-01,1.16,3.5238930678492157,13.725490196078427
1950-08-01,1.2,14.523082056495262,15.384615384615374
1950-09-01,1.3,63.29844447382629,21.495327102803728
1950-10-01,1.31,62.6496846948031,24.761904761904763
1950-11-01,1.36,64.97975308641986,25.92592592592593
1950-12-01,1.34,12.887481530758782,21.818181818181827
1951-01-01,1.34,9.47980390120373,25.233644859813076
1951-02-01,1.36,0.0,21.42857142857142
1951-03-01,1.4,19.14969891749443,24.99999999999998
1951-04-01,1.47,44.82720371983273,27.826086956521756
1951-05-01,1.55,68.7217841475684,33.62068965517242
1951-06-01,1.45,15.0694046751354,26.086956521739136
1951-07-01,1.56,26.832062373011706,34.48275862068968
1951-08-01,1.62,19.32550073035697,35.00000000000001
1951-09-01,1.63,59.69025289807024,25.384615384615362
1951-10-01,1.54,-5.030425997464405,17.557251908396942
1951-11-01,1.56,-14.011903485052922,14.705882352941169
1951-12-01,1.73,26.89192764419748,29.104477611940283
1952-01-01,1.57,8.022873646976914,17.164179104477604
1952-02-01,1.54,-5.030425997464405,13.235294117647056
1952-03-01,1.59,-28.648339455333904,13.57142857142859
1952-04-01,1.57,0.0,6.802721088435382
1952-05-01,1.67,38.28752415047101,7.741935483870965
1952-06-01,1.7,30.679416982326345,17.24137931034482
1952-07-01,1.81,76.6508330573981,16.025641025641036
1952-08-01,1.83,44.191106427205696,12.962962962962955
1952-09-01,1.71,2.3737839585253884,4.907975460122693
1952-10-01,1.74,-14.59511865369213,12.987012987012992
1952-11-01,1.85,4.4437736007548745,18.58974358974359
1952-12-01,2.09,123.15195854290496,20.809248554913285
1953-01-01,1.96,61.00052503273663,24.840764331210185
1953-02-01,1.97,28.581352914717574,27.922077922077925
1953-03-01,2.01,-14.454122552860992,26.415094339622613
1953-04-01,2.19,55.86628127156945,39.4904458598726
1953-05-01,2.16,44.52737005661842,29.341317365269482
1953-06-01,2.11,21.43547935976391,24.117647058823533
1953-07-01,2.04,-24.708801506403145,12.70718232044199
1953-08-01,2.04,-20.438004877305293,11.475409836065564
1953-09-01,1.79,-48.205660074548426,4.678362573099415
1953-10-01,1.38,-79.05908394296046,-20.6896551724138
1953-11-01,1.44,-75.1727110547048,-22.16216216216217
1953-12-01,1.6,-36.163685350084265,-23.44497607655501
1954-01-01,1.18,-46.54212592768177,-39.795918367346935
1954-02-01,0.97,-79.41091869175752,-50.76142131979695
1954-03-01,1.03,-82.82609848022462,-48.75621890547263
1954-04-01,0.97,-54.33758173499989,-55.707762557077636
1954-05-01,0.76,-62.3150943697374,-64.81481481481481
1954-06-01,0.64,-85.09366088391614,-69.66824644549763
1954-07-01,0.72,-69.6441045307936,-64.70588235294117
1954-08-01,0.92,114.73208462181842,-54.90196078431373
1954-09-01,1.01,520.2483236789703,-43.575418994413404
1954-10-01,0.98,243.2213672648987,-28.985507246376805
1954-11-01,0.93,4.419229636204158,-35.416666666666664
1954-12-01,1.15,68.0760628627598,-28.12500000000001
1955-01-01,1.22,140.17899316906175,3.3898305084745894
1955-02-01,1.17,150.5022625365312,20.618556701030922
1955-03-01,1.28,53.47884320024585,24.271844660194162
1955-04-01,1.59,188.50223011011036,63.91752577319589
1955-05-01,1.45,135.90033735274818,90.7894736842105
1955-06-01,1.41,47.24364914000034,120.3125
1955-07-01,1.6,2.539556175737112,122.22222222222223
1955-08-01,1.9,194.81012497154592,106.52173913043477
1955-09-01,2.07,364.5205496015006,104.95049504950495
1955-10-01,2.23,277.3458009338377,127.55102040816327
1955-11-01,2.24,93.18689819752773,140.86021505376345
1955-12-01,2.54,126.7010254768854,120.86956521739131
1956-01-01,2.41,36.41078812540308,97.54098360655739
1956-02-01,2.32,15.069404675135312,98.2905982905983
1956-03-01,2.25,-38.42630643984706,75.78125
1956-04-01,2.6,35.46441367037308,63.52201257861636
1956-05-01,2.61,60.1806640625,80.0
1956-06-01,2.49,49.99173056790125,76.59574468085108
1956-07-01,2.31,-37.69046249693639,44.374999999999986
1956-08-01,2.6,-1.5237816693687956,36.8421052631579
1956-09-01,2.84,69.22946123246024,37.198067632850254
1956-10-01,2.9,148.39569918092894,30.04484304932735
1956-11-01,2.99,74.90062500000008,33.48214285714286
1956-12-01,3.21,63.21000174646549,26.37795275590551
1957-01-01,3.11,32.26640954585238,29.045643153526957
1957-02-01,3.1,15.54789072584195,33.62068965517242
1957-03-01,3.08,-15.241602630130258,36.888888888888886
1957-04-01,3.07,-5.046288297616042,18.07692307692306
1957-05-01,3.06,-5.062250928782353,17.24137931034484
1957-06-01,3.29,30.190928940987604,32.1285140562249
1957-07-01,3.16,12.2521915190678,36.796536796536806
1957-08-01,3.37,47.1071892440246,29.61538461538462
1957-09-01,3.53,32.53031486080151,24.295774647887324
1957-10-01,3.58,64.73420186854042,23.448275862068968
1957-11-01,3.31,-6.933716407342527,10.702341137123739
1957-12-01,3.04,-44.99584301730978,-5.29595015576324
1958-01-01,2.44,-78.42120452468986,-21.543408360128613
1958-02-01,1.53,-95.4348637053133,-50.645161290322584
1958-03-01,1.3,-96.65590139414168,-57.7922077922078
1958-04-01,1.13,-95.40003562148192,-63.192182410423456
1958-05-01,0.91,-87.48589351905252,-70.26143790849673
1958-06-01,0.83,-83.38352263576205,-74.77203647416412
1958-07-01,0.91,-57.94169216881711,-71.20253164556962
1958-08-01,1.69,1089.5460224906285,-49.85163204747774
1958-09-01,2.44,7368.733029978031,-30.878186968838527
1958-10-01,2.63,6876.818493560644,-26.536312849162012
1958-11-01,2.67,523.0146039822865,-19.335347432024175
1958-12-01,2.77,66.09622840105023,-8.881578947368418
1959-01-01,2.82,32.182341059016764,15.573770491803284
1959-02-01,2.7,4.570699028745251,76.47058823529413
1959-03-01,2.8,4.403017043569135,115.38461538461537
1959-04-01,2.95,19.75444176601609,161.06194690265488
1959-05-01,2.84,22.41039618697087,212.08791208791206
1959-06-01,3.21,72.73804666349967,286.7469879518072
1959-07-01,3.2,38.45602190113837,251.64835164835165
1959-08-01,3.38,100.62887639153033,100.0
1959-09-01,4.04,150.90269767631165,65.57377049180329
1959-10-01,4.05,156.57845139503462,53.99239543726235
1959-11-01,4.15,127.26135185761883,55.43071161048692
1959-12-01,4.49,52.56675303788836,62.09386281588449
1960-01-01,4.35,33.0873982248264,54.255319148936174
1960-02-01,3.96,-17.09354283814637,46.66666666666666
1960-03-01,3.31,-70.46570482167832,18.214285714285715
1960-04-01,3.23,-69.60143648426111,9.491525423728797
1960-05-01,3.29,-52.35658887558128,15.845070422535223
1960-06-01,2.46,-69.49096625224252,-23.364485981308412
1960-07-01,2.3,-74.29004865580893,-28.12500000000001
1960-08-01,2.3,-76.11486214069753,-31.9526627218935
1960-09-01,2.48,3.2919068439647203,-38.613861386138616
1960-10-01,2.3,0.0,-43.20987654320988
1960-11-01,2.37,12.741040841049037,-42.89156626506024
1960-12-01,2.25,-32.247808225894104,-49.88864142538976
1961-01-01,2.24,-10.033519891652707,-48.50574712643677
1961-02-01,2.42,8.709645590584714,-38.88888888888889
1961-03-01,2.39,27.309710729461955,-27.794561933534744
1961-04-01,2.29,9.231992584126749,-29.10216718266254
1961-05-01,2.29,-19.81733891282067,-30.395136778115507
1961-06-01,2.33,-9.669985424070138,-5.284552845528456
1961-07-01,2.24,-8.451729539783537,-2.608695652173898
1961-08-01,2.39,18.645063861098343,3.9130434782608914
1961-09-01,2.28,-8.311323491472889,-8.064516129032262
1961-10-01,2.3,11.152509111803964,0.0
1961-11-01,2.48,15.935147665927762,4.641350210970452
1961-12-01,2.6,69.1040480197,15.555555555555568
1962-01-01,2.72,95.59793797191996,21.42857142857142
1962-02-01,2.73,46.83982723393845,12.809917355371914
1962-03-01,2.72,19.77942509015793,13.807531380753147
1962-04-01,2.73,1.4787179922669536,19.213973799126638
1962-05-01,2.69,-5.733250538761037,17.467248908296938
1962-06-01,2.73,1.4787179922669536,17.16738197424892
1962-07-01,2.92,30.88226967087309,30.35714285714284
1962-08-01,2.82,20.7778552625685,17.991631799163166
1962-09-01,2.78,7.5297399506619955,21.92982456140351
1962-10-01,2.74,-22.469810498122023,19.130434782608717
1962-11-01,2.83,1.4260024608571564,14.11290322580645
1962-12-01,2.87,13.592171863913991,10.384615384615392
1963-01-01,2.91,27.224192969459416,6.985294117647056
1963-02-01,2.92,13.340640797473169,6.959706959706957
1963-03-01,2.89,2.816729221558667,6.25
1963-04-01,2.9,-1.367501250452252,6.227106227106227
1963-05-01,2.93,1.3769160611259768,8.921933085501866
1963-06-01,2.99,14.575927683836486,9.523809523809534
1963-07-01,3.18,44.58275248451476,8.90410958904111
1963-08-01,3.32,64.84730572483335,17.730496453900702
1963-09-01,3.38,63.29844447382615,21.58273381294964
1963-10-01,3.45,38.53767675886937,25.912408759124084
1963-11-01,3.52,26.362531872967065,24.38162544169611
1963-12-01,3.52,17.626141972897447,22.64808362369337
1964-01-01,3.52,8.366307064756896,20.96219931271477
1964-02-01,3.53,1.1412152728782488,20.890410958904116
1964-03-01,3.54,2.2921705822436023,22.491349480968847
1964-04-01,3.47,-5.561899059205233,19.65517241379311
1964-05-01,3.48,-5.54647851672494,18.77133105802047
1964-06-01,3.48,-6.609236119976969,16.387959866220726
1964-07-01,3.46,-1.1477643025625262,8.805031446540879
1964-08-01,3.5,2.318744290973762,5.421686746987953
1964-09-01,3.53,5.872177584937477,4.4378698224851965
1964-10-01,3.57,13.33615354756954,3.4782608695651973
1964-11-01,3.64,16.98585600000002,3.409090909090917
1964-12-01,3.84,40.0316080070674,9.090909090909083
1965-01-01,3.81,29.726003312925787,8.238636363636353
1965-02-01,3.93,35.88285617677016,11.3314447592068
1965-03-01,3.93,9.709769859910011,11.016949152542367
1965-04-01,3.93,13.20622245683698,13.256484149855897
1965-05-01,3.89,-4.009511063189796,11.781609195402298
1965-06-01,3.8,-12.589383162902768,9.195402298850563
1965-07-01,3.84,-8.85041493780232,10.982658959537561
1965-08-01,3.84,-5.043107841443783,9.714285714285719
1965-09-01,3.92,13.242612932681652,11.048158640226635
1965-10-01,4.03,21.309632509027043,12.885154061624672
1965-11-01,4.09,28.696973681633885,12.362637362637363
1965-12-01,4.38,55.86628127156945,14.0625
1966-01-01,4.59,68.27924606037581,20.472440944881875
1966-02-01,4.65,67.0777351686485,18.32061068702291
1966-03-01,4.59,20.601941727658392,16.793893129770975
1966-04-01,4.62,2.6401221176020284,17.557251908396942
1966-05-01,4.64,-0.8574441426874135,19.28020565552697
1966-06-01,4.5,-7.615457397348557,18.42105263157896
1966-07-01,4.8,16.519080098930793,25.0
1966-08-01,4.96,30.573421313452577,29.166666666666675
1966-09-01,5.37,102.79025797530863,36.98979591836735
1966-10-01,5.35,54.329936887011065,32.75434243176176
1966-11-01,5.32,32.34874371089025,30.073349633251855
1966-12-01,4.96,-27.21706525703109,13.242009132420085
1967-01-01,4.72,-39.41670828735585,2.8322440087146017
1967-02-01,4.56,-46.02249062890466,-1.935483870967758
1967-03-01,4.26,-45.58586992468058,-7.189542483660127
1967-04-01,3.84,-56.19164932034293,-16.883116883116887
1967-05-01,3.6,-61.153613001741824,-22.413793103448263
1967-06-01,3.54,-52.31578343833294,-21.333333333333336
1967-07-01,4.21,44.47858709336068,-12.291666666666668
1967-08-01,4.27,97.9253843795247,-13.91129032258065
1967-09-01,4.42,143.03903341150524,-17.690875232774673
1967-10-01,4.56,37.63566556261282,-14.766355140186915
1967-11-01,4.73,50.56813214652431,-11.090225563909772
1967-12-01,4.97,59.85877385707163,0.20161290322580072
1968-01-01,5.0,44.550848967331525,5.932203389830515
1968-02-01,4.98,22.87762484098068,9.21052631578949
1968-03-01,5.17,17.094532615242606,21.361502347417847
1968-04-01,5.38,34.04452661760003,40.10416666666667
1968-05-01,5.66,66.85850714834936,57.22222222222222
1968-06-01,5.52,29.95534261100645,55.93220338983049
1968-07-01,5.31,-5.103765111959291,26.128266033254157
1968-08-01,5.09,-34.59583513559517,19.20374707259953
1968-09-01,5.19,-21.852854245664226,17.420814479638015
1968-10-01,5.35,3.047401242425352,17.324561403508774
1968-11-01,5.45,31.436165255817848,15.221987315010566
1968-12-01,5.96,73.90641706764373,19.919517102615703
1969-01-01,6.14,73.4835723413592,22.799999999999997
1969-02-01,6.12,59.008257905541896,22.891566265060238
1969-03-01,6.02,4.088062844273277,16.44100580270793
1969-04-01,6.11,-1.9401202349385471,13.568773234200759
1969-05-01,6.04,-5.127124041304643,6.7137809187279185
1969-06-01,6.44,30.96568065821912,16.666666666666675
1969-07-01,7.0,72.27700739997293,31.826741996233523
1969-08-01,6.98,78.35033770487136,37.13163064833007
1969-09-01,7.09,46.90665538465162,36.60886319845855
1969-10-01,7.0,0.0,30.841121495327116
1969-11-01,7.24,15.753084953984686,32.84403669724772
1969-12-01,7.82,47.99330585634818,31.208053691275172
1970-01-01,7.87,59.77424329904208,28.175895765472326
1970-02-01,7.13,-5.940242525354478,16.503267973856197
1970-03-01,6.63,-48.33135155320343,10.13289036544851
1970-04-01,6.51,-53.180688291547376,6.546644844517169
1970-05-01,6.84,-15.3033393872542,13.245033112582782
1970-06-01,6.68,3.0508874760641014,3.7267080745341463
1970-07-01,6.45,-3.63598106915769,-7.857142857142851
1970-08-01,6.41,-22.87277406672313,-8.166189111747856
1970-09-01,6.12,-29.54694356287653,-13.681241184767279
1970-10-01,5.91,-29.512669219413468,-15.57142857142857
1970-11-01,5.28,-53.96336497392158,-27.071823204419886
1970-12-01,4.87,-59.90315919588753,-37.72378516624041
1971-01-01,4.44,-68.14468111315722,-43.58322744599745
1971-02-01,3.7,-75.88589175150446,-48.10659186535764
1971-03-01,3.38,-76.79663582762159,-49.01960784313726
1971-04-01,3.86,-42.87616734292321,-40.70660522273426
1971-05-01,4.14,56.74527863934844,-39.473684210526315
1971-06-01,4.75,290.0386435320363,-28.892215568862266
1971-07-01,5.4,283.02385290321524,-16.279069767441857
1971-08-01,4.94,102.72459021370142,-22.93291731669266
1971-09-01,4.69,-4.957701142747483,-23.36601307189542
1971-10-01,4.46,-53.46664180972114,-24.534686971235196
1971-11-01,4.22,-46.74725389107771,-20.07575757575758
1971-12-01,4.01,-46.55757952997225,-17.65913757700206
1972-01-01,3.38,-67.01417380891314,-23.873873873873887
1972-02-01,3.2,-66.93640219434182,-13.513513513513509
1972-03-01,3.73,-25.138618606095665,10.355029585798814
1972-04-01,3.71,45.153942910346736,-3.886010362694303
1972-05-01,3.69,76.80948182106016,-10.869565217391298
1972-06-01,3.91,20.745707995989918,-17.68421052631579
1972-07-01,3.98,32.44533002486902,-26.296296296296305
1972-08-01,4.02,40.86358845206695,-18.62348178137654
1972-09-01,4.66,101.76072842202082,-0.6396588486140775
1972-10-01,4.74,101.17827427016354,6.278026905829592
1972-11-01,4.78,99.8975052578656,13.27014218009479
1972-12-01,5.07,40.11614192191153,26.433915211970096
1973-01-01,5.41,69.69759746440131,60.059171597633146
1973-02-01,5.6,88.38248503952025,74.99999999999997
1973-03-01,6.09,108.17919900309845,63.27077747989276
1973-04-01,6.26,79.27026993346227,68.733153638814
1973-05-01,6.36,66.37051254685558,72.35772357723577
1973-06-01,7.19,94.28818490810173,83.88746803069054
1973-07-01,8.01,168.06044332088516,101.25628140703515
1973-08-01,8.67,245.34082908134812,115.67164179104479
1973-09-01,8.29,76.72685979088686,77.89699570815449
1973-10-01,7.22,-33.9886330781429,52.320675105485215
1973-11-01,7.83,-33.47717892646833,63.807531380753126
1973-12-01,7.45,-34.77606916319678,46.94280078895463
1974-01-01,7.77,34.13289093147309,43.62292051756007
1974-02-01,7.12,-31.62884346059033,27.142857142857157
1974-03-01,7.96,30.32483386091167,30.706075533661735
1974-04-01,8.33,32.097905129446616,33.0670926517572
1974-05-01,8.23,78.51691221757069,29.40251572327044
1974-06-01,7.9,-2.981156312614064,9.874826147426985
1974-07-01,7.55,-32.51491474239524,-5.742821473158555
1974-08-01,8.96,40.48588697886937,3.3448673587082034
1974-09-01,8.06,8.350720116859357,-2.77442702050662
1974-10-01,7.46,-4.6836280411620805,3.3240997229917024
1974-11-01,7.47,-51.68851705090376,-4.597701149425292
1974-12-01,7.15,-38.07243554829831,-4.026845637583887
1975-01-01,6.26,-50.41594701807688,-19.433719433719432
1975-02-01,5.5,-70.61211371356444,-22.752808988764052
1975-03-01,5.49,-65.24116510602323,-31.030150753768837
1975-04-01,5.61,-35.500832052582446,-32.65306122448979
1975-05-01,5.23,-18.23715446649815,-36.452004860267316
1975-06-01,5.34,-10.489156372518282,-32.40506329113925
1975-07-01,6.13,42.55762552896034,-18.807947019867555
1975-08-01,6.44,129.8988050695037,-28.125
1975-09-01,6.42,108.91762696203348,-20.347394540942933
1975-10-01,5.96,-10.640003954742904,-20.107238605898125
1975-11-01,5.48,-47.57013197776774,-26.639892904953133
1975-12-01,5.44,-48.4468167825766,-23.91608391608392
1976-01-01,4.87,-55.42095034188223,-22.204472843450475
1976-02-01,4.88,-37.11355362148081,-11.272727272727279
1976-03-01,5.0,-28.635139934399,-8.925318761384338
1976-04-01,4.86,-0.8188288559364598,-13.36898395721925
1976-05-01,5.2,28.924093523824254,-0.5736137667304075
1976-06-01,5.41,37.05946841760004,1.310861423220988
1976-07-01,5.23,34.110159312442704,-14.681892332789548
1976-08-01,5.14,-4.536115660341055,-20.18633540372672
1976-09-01,5.08,-22.25619566176788,-20.87227414330218
1976-10-01,4.92,-21.683430538594827,-17.4496644295302
1976-11-01,4.75,-27.06735526885926,-13.321167883211682
1976-12-01,4.35,-46.23468696923639,-20.03676470588237
1977-01-01,4.62,-22.24873007660589,-5.133470225872694
1977-02-01,4.67,-6.568551102462372,-4.303278688524593
1977-03-01,4.6,25.04729422767187,-8.000000000000007
1977-04-01,4.54,-6.748568107038711,-6.584362139917699
1977-05-01,4.96,27.250408063610344,-4.615384615384621
1977-06-01,5.02,41.83504207746538,-7.208872458410365
1977-07-01,5.19,70.78354338135927,-0.7648183556405397
1977-08-01,5.49,50.09377195292457,6.809338521400798
1977-09-01,5.81,79.427770578919,14.370078740157478
1977-10-01,6.16,98.45105738996946,25.20325203252034
1977-11-01,6.1,52.41579027587249,28.421052631578945
1977-12-01,6.07,19.13798066772973,39.5402298850575
1978-01-01,6.44,19.45948022676045,39.393939393939405
1978-02-01,6.45,25.00273592987245,38.11563169164882
1978-03-01,6.29,15.304914337947428,36.73913043478263
1978-04-01,6.29,-8.996286955392396,38.54625550660793
1978-05-01,6.41,-2.4576398735357885,29.23387096774195
1978-06-01,6.73,31.056231312995,34.06374501992033
1978-07-01,7.01,54.26574117330718,35.06743737957609
1978-08-01,7.08,48.83357465663536,28.96174863387977
1978-09-01,7.85,85.10509382946594,35.111876075731494
1978-10-01,7.99,68.77769265561761,29.707792207792206
1978-11-01,8.64,121.77977531576394,41.6393442622951
1978-12-01,9.08,79.0048372580541,49.58813838550247
1979-01-01,9.35,87.5250656753997,45.186335403726694
1979-02-01,9.32,35.39688705926729,44.49612403100775
1979-03-01,9.48,18.8201114146445,50.715421303656605
1979-04-01,9.46,4.789580584523723,50.39745627980923
1979-05-01,9.61,13.039414991324394,49.921996879875174
1979-06-01,9.06,-16.578222103055452,34.62109955423476
1979-07-01,9.24,-8.98282760535054,31.811697574893017
1979-08-01,9.52,-3.6938009243858714,34.46327683615817
1979-09-01,10.26,64.46619782416325,30.700636942675153
1979-10-01,11.7,157.07246511759814,46.43304130162702
1979-11-01,11.79,135.23797209417648,36.4583333333333
1979-12-01,12.04,89.63413044958604,32.599118942731266
1980-01-01,12.0,10.657674001627935,28.342245989304814
1980-02-01,12.86,41.54960245327239,37.98283261802573
1980-03-01,15.2,154.02028800756705,60.337552742616026
1980-04-01,13.2,46.409999999999926,39.53488372093021
1980-05-01,8.58,-80.18540148533674,-10.718002081165444
1980-06-01,7.07,-95.31938086860326,-21.96467991169978
1980-07-01,8.06,-86.09905124318988,-12.770562770562766
1980-08-01,9.13,28.21355990924341,-4.09663865546217
1980-09-01,10.27,345.25019588611616,0.09746588693957392
1980-10-01,11.62,332.0005950220437,-0.6837606837606813
1980-11-01,13.73,411.445119653375,16.454622561492794
1980-12-01,15.49,417.51613735153865,28.6544850498339
1981-01-01,15.02,179.16130409564576,25.16666666666667
1981-02-01,14.79,34.64509808889598,15.007776049766708
1981-03-01,13.36,-44.6624201673688,-12.105263157894742
1981-04-01,13.69,-30.986498605113987,3.712121212121211
1981-05-01,16.3,47.52910972089948,89.97668997669
1981-06-01,14.73,47.76961942427911,108.34512022630834
1981-07-01,14.95,42.21682478594077,85.48387096774192
1981-08-01,15.51,-18.022102889981472,69.87951807228913
1981-09-01,14.7,-0.8121785385374891,43.13534566699124
1981-10-01,13.54,-32.716296745450094,16.523235800344228
1981-11-01,10.86,-75.96345128104178,-20.90313182811363
1981-12-01,10.85,-70.32097608506743,-29.954809554551332
1982-01-01,12.28,-32.34205388454111,-18.242343541944074
1982-02-01,13.48,137.3778914276817,-8.857336037863417
1982-03-01,12.68,86.53402499188138,-5.089820359281438
1982-04-01,12.7,14.398786225252236,-7.231555880204532
1982-05-01,12.09,-35.29383890464626,-25.828220858895712
1982-06-01,12.47,-6.461844925309334,-15.342837746096405
1982-07-01,11.35,-36.20765570085298,-24.080267558528423
1982-08-01,8.68,-73.43109247220914,-44.0361057382334
1982-09-01,7.92,-83.72822567123231,-46.12244897959184
1982-10-01,7.71,-78.70713669263347,-43.05760709010339
1982-11-01,8.07,-25.28372047725066,-25.690607734806626
1982-12-01,7.94,1.0139335956707465,-26.82027649769585
1983-01-01,7.86,8.012165192453358,-35.99348534201954
1983-02-01,8.11,1.9974414728280765,-39.83679525222552
1983-03-01,8.35,22.310542434274197,-34.148264984227126
1983-04-01,8.21,19.037129146485587,-35.35433070866141
1983-05-01,8.19,4.004514300896522,-32.25806451612904
1983-06-01,8.79,22.8031758470608,-29.51082598235767
1983-07-01,9.08,49.61349408621312,-19.999999999999996
1983-08-01,9.34,69.14216993416957,7.603686635944706
1983-09-01,9.0,9.904262788812268,13.636363636363647
1983-10-01,8.64,-18.019308764438456,12.062256809338523
1983-11-01,8.76,-22.619965368888995,8.550185873605942
1983-12-01,9.0,0.0,13.350125944584379
1984-01-01,8.9,12.59135782800196,13.23155216284988
1984-02-01,9.09,15.941551640139462,12.083847102342782
1984-03-01,9.52,25.192339645785665,14.011976047904184
1984-04-01,9.69,40.51901007504648,18.026796589524952
1984-05-01,9.83,36.75982564420479,20.024420024420042
1984-06-01,9.87,15.536928317896791,12.286689419795227
1984-07-01,10.12,18.967118263404025,11.45374449339207
1984-08-01,10.47,28.69825410361284,12.098501070663815
1984-09-01,10.37,21.85585882301222,15.222222222222204
1984-10-01,9.74,-14.194766497306857,12.731481481481467
1984-11-01,8.61,-54.26740143110218,-1.7123287671232945
1984-12-01,8.06,-63.50569127470309,-10.444444444444434
1985-01-01,7.76,-59.708720653431016,-12.808988764044948
1985-02-01,8.27,-14.884347582053492,-9.020902090209027
1985-03-01,8.52,24.858528364417666,-10.504201680672265
1985-04-01,7.95,10.159417194789988,-17.956656346749224
1985-05-01,7.48,-33.075620499969425,-23.906408952187174
1985-06-01,6.95,-55.7227296410564,-29.58459979736575
1985-07-01,7.08,-37.09799104008994,-30.0395256916996
1985-08-01,7.14,-16.979287616966076,-31.805157593123212
1985-09-01,7.1,8.916625282060163,-31.533269045323042
1985-10-01,7.16,4.596959052856442,-26.488706365503077
1985-11-01,7.24,5.7210377987638505,-15.911730545876878
1985-12-01,7.1,0.0,-11.910669975186117
1986-01-01,7.07,-4.933924469360096,-8.89175257731958
1986-02-01,7.06,-9.579992354831823,-14.631197097944382
1986-03-01,6.56,-27.12443033737123,-23.004694835680752
1986-04-01,6.06,-46.02249062890464,-23.773584905660382
1986-05-01,6.15,-42.41867437468917,-17.78074866310161
1986-06-01,6.21,-19.693436251220486,-10.647482014388487
1986-07-01,5.83,-14.338885134220025,-17.65536723163842
1986-08-01,5.53,-34.62675212678752,-22.549019607843135
1986-09-01,5.21,-50.45675000963297,-26.619718309859152
1986-10-01,5.18,-37.67750664772676,-27.6536312849162
1986-11-01,5.35,-12.397882722671428,-26.104972375690615
1986-12-01,5.53,26.925718934493005,-22.11267605633802
1987-01-01,5.43,20.74809266656519,-23.1966053748232
1987-02-01,5.59,19.187882314045225,-20.82152974504249
1987-03-01,5.59,4.411108445114276,-14.786585365853655
1987-04-01,5.64,16.390383073955018,-6.930693069306926
1987-05-01,5.66,5.103818173422892,-7.967479674796751
1987-06-01,5.67,5.84857216699548,-8.695652173913048
1987-07-01,5.69,3.5935341813913,-2.401372212692965
1987-08-01,6.04,29.68269574935878,9.22242314647377
1987-09-01,6.4,62.325840536837184,22.84069097888677
1987-10-01,6.13,34.707827619009905,18.339768339768337
1987-11-01,5.69,-21.240797284765268,6.355140186915897
1987-12-01,5.77,-33.933187102675454,4.339963833634708
1988-01-01,5.81,-19.30202599850641,6.998158379373853
1988-02-01,5.66,-2.0923426714440363,1.2522361359570633
1988-03-01,5.7,-4.765091237033481,1.9677996422182487
1988-04-01,5.91,7.064475548377636,4.78723404255319
1988-05-01,6.26,49.63445565577158,10.600706713780905
1988-06-01,6.46,64.97975308641975,13.932980599647271
1988-07-01,6.73,68.15521218535712,18.27768014059754
1988-08-01,7.06,61.77874847004645,16.887417218543032
1988-09-01,7.24,57.76991545600006,13.124999999999986
1988-10-01,7.35,42.26206206726544,19.90212071778139
1988-11-01,7.76,45.95805950093585,36.37961335676625
1988-12-01,8.07,54.36181418145176,39.86135181975739
1989-01-01,8.27,60.277545084340886,42.3407917383821
1989-02-01,8.53,45.998784338046114,50.70671378091871
1989-03-01,8.82,42.685618341754285,54.73684210526315
1989-04-01,8.65,19.68573513056577,46.362098138747896
1989-05-01,8.43,-4.60751249477741,34.66453674121406
1989-06-01,8.15,-27.095204778474844,26.160990712074316
1989-07-01,7.88,-31.128357559324748,17.08766716196135
1989-08-01,7.9,-22.87448683944011,11.898016997167149
1989-09-01,7.75,-18.233317974142683,7.044198895027631
1989-10-01,7.64,-11.637384092572024,3.9455782312925125
1989-11-01,7.69,-10.216404345603303,-0.9020618556700999
1989-12-01,7.63,-6.051177387827678,-5.4522924411400275
1990-01-01,7.64,0.0,-7.617896009673519
1990-02-01,7.74,2.62625557856242,-9.261430246189907
1990-03-01,7.9,14.9238623633132,-10.430839002267579
1990-04-01,7.77,6.981982324548008,-10.173410404624283
1990-05-01,7.74,0.0,-8.185053380782914
1990-06-01,7.73,-8.33371929547464,-5.153374233128838
1990-07-01,7.62,-7.501261437420781,-3.2994923857867953
1990-08-01,7.45,-14.165625183423824,-5.696202531645566
1990-09-01,7.36,-17.814863334826292,-5.032258064516126
1990-10-01,7.17,-21.610708843123927,-6.151832460732987
1990-11-01,7.06,-19.351979298366984,-8.192457737321202
1990-12-01,6.74,-29.67199000126096,-11.664482306684143
1991-01-01,6.22,-43.36499853351309,-18.586387434554975
1991-02-01,5.94,-49.889703122722736,-23.25581395348837
1991-03-01,5.91,-40.88327898075128,-25.18987341772152
1991-04-01,5.65,-31.91800826650024,-27.28442728442727
1991-05-01,5.46,-28.612069708680156,-29.45736434108528
1991-06-01,5.57,-21.101116567461897,-27.943078913324705
1991-07-01,5.58,-4.864412498157533,-26.77165354330708
1991-08-01,5.33,-9.189040317563167,-28.456375838926174
1991-09-01,5.22,-22.86326873597315,-29.076086956521742
1991-10-01,4.99,-36.04634250256389,-30.404463040446306
1991-11-01,4.56,-46.42643653957856,-35.41076487252125
1991-12-01,4.07,-63.04309233399369,-39.61424332344213
1992-01-01,3.8,-66.36958674826906,-38.90675241157556
1992-02-01,3.84,-49.71186531717834,-35.35353535353536
1992-03-01,4.04,-2.915963795301879,-31.64128595600677
1992-04-01,3.75,-5.1601879925337935,-33.628318584070804
1992-05-01,3.63,-20.145094022154808,-33.51648351648352
1992-06-01,3.66,-32.64049591496384,-34.290843806104135
1992-07-01,3.21,-46.3097954304,-42.4731182795699
1992-08-01,3.13,-44.72218729622573,-41.275797373358344
1992-09-01,2.91,-60.037963295259566,-44.25287356321839
1992-10-01,2.86,-36.98499095999455,-42.68537074148298
1992-11-01,3.13,0.0,-31.35964912280701
1992-12-01,3.22,49.91722365567488,-20.884520884520885
1993-01-01,3.0,21.065635579484976,-21.052631578947366
1993-02-01,2.93,-23.212039779980497,-23.697916666666664
1993-03-01,2.95,-29.55266360602066,-26.980198019801982
1993-04-01,2.87,-16.238862209876547,-23.46666666666667
1993-05-01,2.96,4.158894738668684,-18.45730027548209
1993-06-01,3.07,17.291202280760555,-16.12021857923498
1993-07-01,3.04,25.882902370357776,-5.29595015576324
1993-08-01,3.02,8.357986795491467,-3.514376996805113
1993-09-01,2.95,-14.742113598060447,1.3745704467353903
1993-10-01,3.02,-2.6057231323879937,5.594405594405605
1993-11-01,3.1,11.024545378782236,-0.9584664536741117
1993-12-01,3.06,15.770428838424412,-4.968944099378891
1994-01-01,2.98,-5.193681061384103,-0.666666666666671
1994-02-01,3.25,20.80548926337353,10.921501706484626
1994-03-01,3.5,71.15377067049846,18.644067796610166
1994-04-01,3.68,132.55528754297097,28.222996515679434
1994-05-01,4.14,163.31034406694442,39.86486486486485
1994-06-01,4.14,95.76235779092045,34.85342019543973
1994-07-01,4.33,91.67272212432997,42.434210526315795
1994-08-01,4.48,37.12312164052322,48.34437086092716
1994-09-01,4.62,55.08383706955995,56.61016949152542
1994-10-01,4.95,70.79266308463818,63.90728476821192
1994-11-01,5.29,94.40643313972711,70.64516129032256
1994-12-01,5.6,115.8659809548864,83.00653594771241
1995-01-01,5.71,77.06129540304872,91.61073825503357
1995-02-01,5.77,41.54044754164608,77.53846153846153
1995-03-01,5.73,9.614089263954217,63.71428571428572
1995-04-01,5.65,-4.137365901800971,53.53260869565217
1995-05-01,5.67,-6.754263633560875,36.956521739130444
1995-06-01,5.47,-16.951686499344433,32.12560386473431
1995-07-01,5.42,-15.315611692973077,25.17321016166281
1995-08-01,5.4,-17.729752520811783,20.535714285714278
1995-09-01,5.28,-13.18667609245322,14.28571428571428
1995-10-01,5.28,-9.938631061283676,6.666666666666665
1995-11-01,5.36,-2.930203428038114,1.3232514177693888
1995-12-01,5.14,-10.19163584723264,-8.214285714285719
1996-01-01,5.0,-19.583655538079704,-12.434325744308229
1996-02-01,4.83,-34.062972595790654,-16.291161178509526
1996-03-01,4.96,-13.288992972126756,-13.438045375218156
1996-04-01,4.95,-3.9403990000000055,-12.389380530973447
1996-05-01,5.02,16.688040129341463,-11.463844797178135
1996-06-01,5.09,10.903288337348217,-6.946983546617913
1996-07-01,5.15,17.167758171304513,-4.981549815498143
1996-08-01,5.05,2.411951977296267,-6.481481481481488
1996-09-01,5.09,0.0,-3.598484848484851
1996-10-01,4.99,-11.85995531958567,-5.492424242424243
1996-11-01,5.03,-1.5747723962739268,-6.156716417910446
1996-12-01,4.91,-13.412572074075047,-4.47470817120622
1997-01-01,5.03,3.2451733343080718,0.6000000000000005
1997-02-01,5.01,-1.5809965475739762,3.7267080745341463
1997-03-01,5.14,20.095437192798936,3.629032258064502
1997-04-01,5.16,10.74569839739874,4.2424242424242475
1997-05-01,5.05,3.232063616463732,0.5976095617529875
1997-06-01,4.93,-15.367883660226568,-3.143418467583503
1997-07-01,5.05,-8.258316372598262,-1.9417475728155442
1997-08-01,5.14,7.321556703976184,1.7821782178217838
1997-09-01,4.95,1.632619337891783,-2.7504911591355485
1997-10-01,4.97,-6.187644107195023,-0.40080160320642433
1997-11-01,5.14,0.0,2.1868787276341894
1997-12-01,5.16,18.080453048727563,5.0916496945010215
1998-01-01,5.04,5.753948351547455,0.1988071570576455
1998-02-01,5.09,-3.8346418556594255,1.5968063872255467
1998-03-01,5.03,-9.70303908223954,-2.1400778210116655
1998-04-01,4.95,-6.953798140748624,-4.069767441860462
1998-05-01,5.0,-6.887306887047195,-0.990099009900991
1998-06-01,4.98,-3.9172486217950553,1.014198782961473
1998-07-01,4.96,0.8105328374203857,-1.7821782178217838
1998-08-01,4.9,-7.763183999999967,-4.6692607003890885
1998-09-01,4.61,-26.567835368261328,-6.8686868686868685
1998-10-01,3.96,-59.369324963238526,-20.321931589537222
1998-11-01,4.41,-34.39000000000002,-14.202334630350189
1998-12-01,4.39,-17.765438795829837,-14.922480620155042
1999-01-01,4.34,44.27071174540902,-13.888888888888895
1999-02-01,4.44,2.7489807819027545,-12.770137524557946
1999-03-01,4.44,4.634234045689967,-11.729622266401584
1999-04-01,4.29,-4.529268383034257,-13.33333333333333
1999-05-01,4.5,5.515964877083612,-9.999999999999998
1999-06-01,4.57,12.236191092682102,-8.232931726907633
1999-07-01,4.55,26.536674871260367,-8.266129032258062
1999-08-01,4.72,21.036941090687343,-3.673469387755113
1999-09-01,4.68,9.981240031731552,1.5184381778741818
1999-10-01,4.86,30.166578826927903,22.72727272727273
1999-11-01,5.07,33.12629418722359,14.965986394557817
1999-12-01,5.2,52.4157902758726,18.45102505694762
2000-01-01,5.32,43.582480596281584,22.580645161290324
2000-02-01,5.55,43.59525696960962,24.99999999999998
2000-03-01,5.69,43.36254136021371,28.15315315315314
2000-04-01,5.66,28.120668364487365,31.93473193473193
2000-05-01,5.79,18.451979397714503,28.666666666666664
2000-06-01,5.69,0.0,24.507658643326046
2000-07-01,5.96,22.94739014033189,30.98901098901099
2000-08-01,6.09,22.392530946291032,29.02542372881356
2000-09-01,6.0,23.63912872230611,28.205128205128215
2000-10-01,6.11,10.453581349271923,25.720164609053487
2000-11-01,6.17,5.358962560486313,21.696252465483234
2000-12-01,5.77,-14.473982221450656,10.961538461538446
2001-01-01,5.15,-49.52642399284027,-3.195488721804507
2001-02-01,4.88,-60.86740647325677,-12.072072072072071
2001-03-01,4.42,-65.56613085197449,-22.319859402460462
2001-04-01,3.87,-68.11290586201632,-31.62544169611308
2001-05-01,3.62,-69.72006112589153,-37.47841105354058
2001-06-01,3.49,-61.13017096454283,-38.664323374340945
2001-07-01,3.51,-32.33180287475055,-41.10738255033557
2001-08-01,3.36,-25.779679153269765,-44.827586206896555
2001-09-01,2.64,-67.25733689144737,-56.00000000000001
2001-10-01,2.16,-85.65876544938902,-64.6481178396072
2001-11-01,1.87,-90.40578786976972,-69.69205834683953
2001-12-01,1.69,-83.2068908420847,-70.7105719237435
2002-01-01,1.65,-65.94971335710068,-67.96116504854369
2002-02-01,1.72,-28.427306478708005,-64.75409836065573
2002-03-01,1.79,25.853502212282176,-59.502262443438916
2002-04-01,1.71,15.358251485554277,-55.81395348837211
2002-05-01,1.73,2.345941352136327,-52.20994475138121
2002-06-01,1.7,-18.64512884711288,-51.2893982808023
2002-07-01,1.68,-6.835022088383679,-52.13675213675213
2002-08-01,1.62,-23.1089758274196,-51.78571428571428
2002-09-01,1.63,-15.480925635468957,-38.257575757575765
2002-10-01,1.58,-21.7667772655169,-26.851851851851848
2002-11-01,1.23,-66.76770093011267,-34.224598930481285
2002-12-01,1.19,-71.59221136705214,-29.585798816568044
2003-01-01,1.17,-69.9312690453712,-29.09090909090909
2003-02-01,1.17,-18.13033727905511,-31.976744186046513
2003-03-01,1.13,-18.69337606977726,-36.871508379888276
2003-04-01,1.13,-12.98976793806068,-33.91812865497077
2003-05-01,1.07,-30.049364603966723,-38.15028901734103
2003-06-01,0.92,-56.06227812543372,-45.882352941176464
2003-07-01,0.9,-59.76015827695608,-46.42857142857143
2003-08-01,0.95,-37.86170816922157,-41.35802469135803
2003-09-01,0.94,8.983337859713147,-42.331288343558285
2003-10-01,0.92,9.18959914647155,-41.77215189873418
2003-11-01,0.93,-8.158837332432977,-24.390243902439025
2003-12-01,0.9,-15.96530592880967,-24.369747899159655
2004-01-01,0.88,-16.28960731272404,-24.786324786324776
2004-02-01,0.93,0.0,-20.512820512820507
2004-03-01,0.94,18.998469745465552,-16.81415929203539
2004-04-01,0.94,30.190928940987604,-16.81415929203539
2004-05-01,1.02,44.70012051702121,-4.672897196261683
2004-06-01,1.27,233.19883128630755,38.043478260869556
2004-07-01,1.33,300.7699491524139,47.777777777777786
2004-08-01,1.48,343.2473772767431,55.78947368421052
2004-09-01,1.65,184.91865992349997,75.53191489361701
2004-10-01,1.76,206.6508037864188,91.30434782608694
2004-11-01,2.07,282.6789029280967,122.5806451612903
2004-12-01,2.19,210.3420913872004,143.33333333333331
2005-01-01,2.33,207.16590847476303,164.77272727272728
2005-02-01,2.54,126.7010254768854,173.11827956989245
2005-03-01,2.74,145.03368533926863,191.4893617021277
2005-04-01,2.78,102.65414897972148,195.74468085106383
2005-05-01,2.84,56.2926279922868,178.43137254901958
2005-06-01,2.97,38.04591064275424,133.85826771653547
2005-07-01,3.22,79.98831163184468,142.10526315789474
2005-08-01,3.44,115.25854979841743,132.43243243243242
2005-09-01,3.42,75.82419065013598,107.27272727272728
2005-10-01,3.71,76.22687972813134,110.79545454545455
2005-11-01,3.88,61.84270633183972,87.43961352657006
2005-12-01,3.89,67.37630690259732,77.62557077625571
2006-01-01,4.24,70.59558517284475,81.97424892703864
2006-02-01,4.43,69.93702167467757,74.40944881889762
2006-03-01,4.51,80.67903494347036,64.59854014598538
2006-04-01,4.6,38.53767675886925,65.46762589928056
2006-05-01,4.72,28.870374219624573,66.19718309859155
2006-06-01,4.79,27.243581950586872,61.279461279461266
2006-07-01,4.95,34.087862895805166,53.726708074534166
2006-08-01,4.96,21.943515588914163,44.18604651162792
2006-09-01,4.81,1.6806354904224552,40.643274853801174
2006-10-01,4.92,-2.402292766550229,32.61455525606469
2006-11-01,4.94,-1.603173960674309,27.319587628865992
2006-12-01,4.85,3.368127441975144,24.678663239074528
2007-01-01,4.98,4.968009060214218,17.452830188679247
2007-02-01,5.03,7.489030192014967,13.544018058690765
2007-03-01,4.94,7.631858970593086,9.534368070953448
2007-04-01,4.87,-8.54689106938361,5.869565217391304
2007-05-01,4.73,-21.80614533968387,0.21186440677967155
2007-06-01,4.61,-24.160422330834876,-3.757828810020869
2007-07-01,4.82,-4.043961925375372,-2.626262626262621
2007-08-01,4.2,-37.83404658517215,-15.322580645161288
2007-09-01,3.89,-49.30154744796224,-19.126819126819118
2007-10-01,3.9,-57.13821286210854,-20.731707317073166
2007-11-01,3.27,-63.25537250104123,-33.80566801619433
2007-12-01,3.0,-64.62580108696365,-38.144329896907216
2008-01-01,2.75,-75.27864066989389,-44.77911646586345
2008-02-01,2.12,-82.33342208685535,-57.85288270377733
2008-03-01,1.26,-96.888304,-74.49392712550608
2008-04-01,1.29,-95.15796342217062,-73.51129363449692
2008-05-01,1.73,-55.6553768216887,-63.42494714587738
2008-06-01,1.86,374.86438263892114,-59.652928416485906
2008-07-01,1.63,154.91276071188915,-66.1825726141079
2008-08-01,1.72,-2.292168425189212,-59.04761904761905
2008-09-01,1.13,-86.37733750290974,-70.95115681233933
2008-10-01,0.67,-97.14537678598047,-82.82051282051282
2008-11-01,0.19,-99.98510979708236,-94.18960244648318
2008-12-01,0.03,-99.99995032118306,-99.0
2009-01-01,0.13,-99.85826594957172,-95.27272727272728
2009-02-01,0.3,521.5421919721304,-85.84905660377359
2009-03-01,0.21,240000.0,-83.33333333333334
2009-04-01,0.16,129.4597528097756,-87.59689922480621
2009-05-01,0.18,-87.04,-89.59537572254335
2009-06-01,0.18,-46.02249062890464,-90.32258064516128
2009-07-01,0.18,60.1806640625,-88.95705521472392
2009-08-01,0.17,-20.43800487730526,-90.11627906976744
2009-09-01,0.12,-80.24691358024691,-89.38053097345133
2009-10-01,0.07,-97.7128105471727,-89.55223880597015
2009-11-01,0.05,-99.25168520491852,-73.6842105263158
2009-12-01,0.05,-96.98591820987654,66.66666666666667
2010-01-01,0.06,-46.02249062890466,-53.846153846153854
2010-02-01,0.11,2242.559999999999,-63.33333333333333
2010-03-01,0.15,7999.999999999995,-28.57142857142857
2010-04-01,0.16,4956.790123456793,0.0
2010-05-01,0.16,347.6196981080528,-11.111111111111105
2010-06-01,0.12,-59.03999999999999,-33.333333333333336
2010-07-01,0.16,0.0,-11.111111111111105
2010-08-01,0.16,0.0,-5.882352941176472
2010-09-01,0.15,144.140625,25.0
2010-10-01,0.13,-56.41937255859375,85.7142857142857
2010-11-01,0.14,-41.381835937499964,180.00000000000003
2010-12-01,0.14,-24.116543209876507,180.00000000000003
2011-01-01,0.15,77.2521970519239,150.0
2011-02-01,0.13,-25.653373594335715,18.181818181818187
2011-03-01,0.1,-73.9691795085381,-33.33333333333333
2011-04-01,0.06,-97.44,-62.5
2011-05-01,0.04,-99.1036728405868,-75.0
2011-06-01,0.04,-97.44,-66.66666666666666
2011-07-01,0.04,-80.2469135802469,-75.0
2011-08-01,0.02,-93.75,-87.5
2011-09-01,0.01,-99.609375,-93.33333333333333
2011-10-01,0.02,-93.75,-84.61538461538461
2011-11-01,0.01,-93.75,-92.85714285714286
2011-12-01,0.01,0.0,-92.85714285714286
2012-01-01,0.03,406.25,-80.0
2012-02-01,0.09,656000.0,-30.76923076923077
2012-03-01,0.08,409500.0,-20.000000000000007
2012-04-01,0.08,4956.790123456793,33.33333333333335
2012-05-01,0.09,0.0,125.0
2012-06-01,0.09,60.1806640625,125.0
2012-07-01,0.1,144.140625,150.0
2012-08-01,0.1,52.4157902758726,400.0
2012-09-01,0.11,123.1519585429051,1000.0
2012-10-01,0.1,0.0,400.0
2012-11-01,0.09,-34.39000000000002,800.0
2012-12-01,0.07,-83.60084693668463,600.0000000000001
2013-01-01,0.07,-75.99,133.33333333333334
2013-02-01,0.1,52.4157902758726,11.111111111111116
2013-03-01,0.09,173.26114119117025,12.5
2013-04-01,0.06,-46.02249062890466,-25.0
2013-05-01,0.04,-97.44,-55.55555555555556
2013-06-01,0.05,-90.47401310775795,-44.44444444444444
2013-07-01,0.04,-80.2469135802469,-60.00000000000001
2013-08-01,0.04,0.0,-60.00000000000001
2013-09-01,0.02,-97.44,-81.81818181818181
2013-10-01,0.05,144.140625,-50.0
2013-11-01,0.07,837.8906250000006,-22.22222222222221
2013-12-01,0.07,14906.25000000001,0.0
2014-01-01,0.04,-59.04000000000001,-42.85714285714286
2014-02-01,0.05,-73.9691795085381,-50.0
2014-03-01,0.05,-73.9691795085381,-44.44444444444444
2014-04-01,0.03,-68.359375,-50.0
2014-05-01,0.03,-87.04,-25.0
2014-06-01,0.04,-59.04000000000001,-20.000000000000007
2014-07-01,0.03,0.0,-25.0
2014-08-01,0.03,0.0,-25.0
2014-09-01,0.02,-93.75,0.0
2014-10-01,0.02,-80.2469135802469,-60.00000000000001
2014-11-01,0.02,-80.2469135802469,-71.42857142857143
2014-12-01,0.03,406.25,-57.14285714285715
2015-01-01,0.03,406.25,-25.0
2015-02-01,0.02,0.0,-60.00000000000001
2015-03-01,0.03,0.0,-40.0
2015-04-01,0.02,-80.2469135802469,-33.33333333333333
2015-05-01,0.02,0.0,-33.33333333333333
2015-06-01,0.02,-80.2469135802469,-50.0
2015-07-01,0.03,406.25,0.0
2015-08-01,0.07,14906.25000000001,133.33333333333334
2015-09-01,0.02,0.0,0.0
2015-10-01,0.02,-80.2469135802469,0.0
2015-11-01,0.12,763.6401499375254,500.0
2015-12-01,0.23,1748906.25,666.6666666666667
2016-01-01,0.26,2856000.0,766.6666666666667
2016-02-01,0.31,4353.708526234569,1450.0
2016-03-01,0.29,152.74387956017867,866.6666666666666
2016-04-01,0.23,-38.76242953678093,1050.0
2016-05-01,0.27,-42.45490898420282,1250.0
2016-06-01,0.27,-24.861405862733456,1250.0
2016-07-01,0.3,189.4500805814729,900.0
2016-08-01,0.3,52.41579027587249,328.57142857142856
2016-09-01,0.29,33.0873982248264,1349.9999999999998
2016-10-01,0.33,46.41000000000004,1550.0
2016-11-01,0.45,406.25,275.00000000000006
2016-12-01,0.51,856.5082336440541,121.73913043478262
2017-01-01,0.51,470.4596680554606,96.15384615384615
2017-02-01,0.52,78.30491693339437,67.74193548387098
2017-03-01,0.74,343.2473772767431,155.17241379310346
2017-04-01,0.8,505.4513384007363,247.82608695652172
2017-05-01,0.89,758.1172889823534,229.62962962962962
2017-06-01,0.98,207.59369125704785,262.96296296296293
2017-07-01,1.07,220.01855712890617,256.6666666666667
2017-08-01,1.01,65.85381609177772,236.66666666666666
2017-09-01,1.03,22.02381422186124,255.17241379310346
2017-10-01,1.07,0.0,224.24242424242428
2017-11-01,1.23,119.95556311569467,173.33333333333334
2017-12-01,1.32,169.74091477791285,158.82352941176472
2018-01-01,1.41,201.5375069687615,176.47058823529412
2018-02-01,1.57,165.44720930218045,201.9230769230769
2018-03-01,1.7,175.10593559773372,129.72972972972974
2018-04-01,1.76,142.75837440203446,119.99999999999997
2018-05-01,1.86,96.99407643886516,108.98876404494385
2018-06-01,1.9,56.033811855700975,93.87755102040816
2018-07-01,1.96,53.8061191602349,83.17757009345792
2018-08-01,2.03,41.88365734422659,100.99009900990099
2018-09-01,2.13,57.94431910436533,106.79611650485437
2018-10-01,2.25,73.66239535252394,110.28037383177569
2018-11-01,2.33,73.5559601175559,89.43089430894308
2018-12-01,2.37,53.27628660221262,79.54545454545455
2019-01-01,2.37,23.10149056790129,68.08510638297874
2019-02-01,2.39,10.70517420977688,52.229299363057336
2019-03-01,2.4,5.160243440828727,41.176470588235304
2019-04-01,2.38,1.698475841550562,35.22727272727273
2019-05-01,2.35,-6.528363733115439,26.344086021505376
2019-06-01,2.17,-33.166536428192515,14.210526315789473
2019-07-01,2.1,-39.38650159840038,7.14285714285714
2019-08-01,1.95,-52.59032301496758,-3.9408866995073843
2019-09-01,1.89,-42.454908984202845,-11.267605633802813
2019-10-01,1.65,-61.88827571845067,-26.66666666666667
2019-11-01,1.54,-61.100462488561405,-33.90557939914163
2019-12-01,1.54,-55.920600781648375,-35.02109704641351
2020-01-01,1.52,-27.982411509704253,-35.864978902953595
2020-02-01,1.52,-5.094481015170215,-36.40167364016737
2020-03-01,0.29,-99.87424967728964,-87.91666666666667
2020-04-01,0.14,-99.99280322722356,-94.11764705882352
2020-05-01,0.13,-99.99464944223064,-94.46808510638299
2020-06-01,0.16,-90.73409295598212,-92.62672811059907
2020-07-01,0.13,-25.653373594335715,-93.80952380952381
2020-08-01,0.1,-64.9872203354224,-94.87179487179486
2020-09-01,0.11,-77.65960693359375,-94.17989417989418
2020-10-01,0.1,-64.9872203354224,-93.93939393939394
2020-11-01,0.09,-34.39000000000002,-94.15584415584416
2020-12-01,0.09,-55.18748719349773,-94.15584415584416
2021-01-01,0.08,-59.04000000000001,-94.73684210526316
2021-02-01,0.04,-96.09815576893766,-97.36842105263158
2021-03-01,0.03,-98.76543209876544,-89.65517241379311
2021-04-01,0.02,-99.609375,-85.71428571428572
2021-05-01,0.02,-93.75,-84.61538461538461
2021-06-01,0.04,216.04938271604956,-75.0
2021-07-01,0.05,3806.25,-61.53846153846154
2021-08-01,0.05,3806.25,-50.0
2021-09-01,0.04,0.0,-63.63636363636363
2021-10-01,0.05,0.0,-50.0
2021-11-01,0.05,0.0,-44.44444444444444
2021-12-01,0.06,406.25,-33.333333333333336
2022-01-01,0.15,7999.999999999995,87.5
2022-02-01,0.33,189647.36,725.0
2022-03-01,0.44,289104.93827160506,1366.6666666666667
2022-04-01,0.76,65800.59456790127,3700.0
2022-05-01,0.98,7677.652642966943,4800.0
2022-06-01,1.49,13050.260852443478,3625.0
2022-07-01,2.23,7312.506429436737,4359.999999999999
2022-08-01,2.63,5087.029180408829,5159.999999999999
2022-09-01,3.13,1847.297366588803,7725.0
2022-10-01,3.72,674.3767538504676,7340.000000000001
2022-11-01,4.15,519.9681701167052,8200.0
2022-12-01,4.25,239.92129296248203,6983.333333333334
2023-01-01,4.54,121.84602520150976,2926.666666666667
2023-02-01,4.65,57.62294034801607,1309.0909090909092
2023-03-01,4.69,48.29812178225834,965.909090909091
2023-04-01,4.92,37.92309673549881,547.3684210526316
