DATE,TOTALSL,3m growth rate,12m growth rate
1943-01-01,6.57783,,
1943-02-01,6.46304,,
1943-03-01,6.23421,,
1943-04-01,6.12575,-24.784647718506537,
1943-05-01,5.93626,-28.82880112376861,
1943-06-01,5.82223,-23.926793704273773,
1943-07-01,5.71837,-24.06326242517266,
1943-08-01,5.63875,-18.58963466494319,
1943-09-01,5.64759,-11.469032286894654,
1943-10-01,5.65074,-4.647454589259114,
1943-11-01,5.57687,-4.317894512256992,
1943-12-01,5.46252,-12.477539574181897,
1944-01-01,5.39857,-16.690668925730566,-17.927796857018187
1944-02-01,5.35436,-15.029497514630574,-17.154156557904642
1944-03-01,5.37036,-6.579661308466845,-13.856607332765503
1944-04-01,5.37918,-1.4289551161215552,-12.187405623801173
1944-05-01,5.4305,5.810557290517027,-8.519842459730532
1944-06-01,5.46779,7.456751597409483,-6.087701791238064
1944-07-01,5.4982,9.148513602591056,-3.850223053072821
1944-08-01,5.53396,7.841219574575398,-1.858390600753701
1944-09-01,5.54923,6.092234455688894,-1.741627844797522
1944-10-01,5.56593,5.01922922618796,-1.50086537338473
1944-11-01,5.5701,2.6379349966684678,-0.12139425878674448
1944-12-01,5.58569,2.654127161839992,2.254820119651746
1945-01-01,5.60273,2.671005535487847,3.7817422021016567
1945-02-01,5.57381,0.2666888026611858,4.098529049223432
1945-03-01,5.66769,6.002726434709604,5.5365003463454965
1945-04-01,5.58245,-1.4400233663963369,3.7788287434144197
1945-05-01,5.60525,2.2754285161834087,3.2179357333578684
1945-06-01,5.70445,2.619704374804499,4.328256937446384
1945-07-01,5.74878,12.4613747346338,4.557491542686698
1945-08-01,5.76701,12.052840059071212,4.211270048934201
1945-09-01,5.75827,3.827641127439452,3.7670091165801445
1945-10-01,5.93202,13.372486194931966,6.577337479989853
1945-11-01,6.09555,24.8098249619876,9.433403350029623
1945-12-01,6.56705,69.16604384304435,17.5691812470796
1946-01-01,6.50451,44.55992573511875,16.09536779391474
1946-02-01,6.76595,51.79712428873129,21.3882425127516
1946-03-01,7.00545,29.4979398060365,23.603266939440925
1946-04-01,7.33322,61.55504108436174,31.362036381875335
1946-05-01,7.53237,53.6071543662491,34.380625306632176
1946-06-01,7.70221,46.12255953467166,35.02108003400855
1946-07-01,7.93364,36.99701438553981,38.00562902041824
1946-08-01,8.34516,50.66490114480846,44.705141832596084
1946-09-01,8.5996,55.40020319942533,49.343466006283144
1946-10-01,8.89514,58.02332358884952,49.951281351040635
1946-11-01,9.21828,48.88841643352792,51.22966754435612
1946-12-01,9.44439,45.47308424831395,43.81480268918312
1947-01-01,9.7702,45.5468011081996,50.20654899446693
1947-02-01,10.089,43.48050824590231,49.114315062925385
1947-03-01,10.34585,44.00217746395923,47.682875475522636
1947-04-01,10.64594,40.9685526358301,45.174152691450686
1947-05-01,10.92631,37.56298285025059,45.05806273457094
1947-06-01,11.13565,34.21392571369335,44.57733559588741
1947-07-01,11.36412,29.83960553557992,43.239673088267175
1947-08-01,11.58288,26.290928340318366,38.79757847662597
1947-09-01,11.8603,28.68277218986901,37.916879854876974
1947-10-01,12.20513,33.053527842722104,37.211218710441884
1947-11-01,12.53487,37.1554624422308,35.978403780314764
1947-12-01,12.85562,38.03506013136398,36.11911409842246
1948-01-01,13.22861,38.00258250452073,35.397535362633306
1948-02-01,13.52428,35.511851015964815,34.04975716126473
1948-03-01,13.92124,37.51167633770653,34.55868778302409
1948-04-01,14.26407,35.18141681700004,33.9860078114286
1948-05-01,14.50028,32.14445365101608,32.70976203311089
1948-06-01,14.77527,26.890766409321287,32.68439651030699
1948-07-01,15.04157,23.651341050140907,32.36018275062214
1948-08-01,15.2297,21.691386701203964,31.48457033138563
1948-09-01,15.51514,21.585305898713504,30.815746650590636
1948-10-01,15.57962,15.094551799007585,27.648128287039953
1948-11-01,15.60337,10.181386647691816,24.47971139708669
1948-12-01,15.80323,7.636767906388653,22.928571317447144
1949-01-01,15.9017,8.529244734162212,20.20688492592948
1949-02-01,16.00926,10.81827959911279,18.37421289710064
1949-03-01,16.09298,7.538120729643305,15.600190787602264
1949-04-01,16.4132,13.50077391606559,15.06673761415922
1949-05-01,16.6381,16.66212673980654,14.743301508660522
1949-06-01,16.86093,20.49810450166789,14.115884176735838
1949-07-01,17.0611,16.74951036003012,13.426324512667232
1949-08-01,17.35549,18.39479172538909,13.95818696363027
1949-09-01,17.69516,21.3086791671012,14.050920584667637
1949-10-01,18.02132,24.48535999139303,15.672397657965975
1949-11-01,18.43599,27.3263638576668,18.153898805194004
1949-12-01,18.77221,26.66121219762063,18.787171989523664
1950-01-01,19.05087,24.88574252742295,19.803983221919673
1950-02-01,19.37163,21.898624761760168,21.002657212138452
1950-03-01,19.73483,22.14394506112667,22.630053601011113
1950-04-01,20.14838,25.112665988288164,22.75717105744157
1950-05-01,20.62168,28.41965883746742,23.942517474952062
1950-06-01,21.11884,31.143473123659525,25.25311474515344
1950-07-01,22.08629,44.38781648828408,29.45407974866803
1950-08-01,22.72826,47.5599780835213,30.957178391390848
1950-09-01,23.17157,44.92443061197196,30.94863228136957
1950-10-01,23.24215,22.63491027136002,28.970297403297863
1950-11-01,23.25856,9.664619503014716,26.158454197469183
1950-12-01,23.22916,0.9978616887227788,23.742276482097722
1951-01-01,23.7976,9.907528754168805,24.916079948054872
1951-02-01,24.10942,15.455801150259465,24.45736368080538
1951-03-01,24.28096,19.379400210495845,23.03607378426873
1951-04-01,24.07615,4.764831754717047,19.494222364279402
1951-05-01,23.99488,-1.8868366026242975,16.35754215951366
1951-06-01,23.84103,-7.05272904914267,12.88986516304873
1951-07-01,23.70657,-6.000243682830986,7.336134769578773
1951-08-01,23.94011,-0.9099067906875312,5.331908381899897
1951-09-01,24.09829,4.386623164436676,3.999383727559236
1951-10-01,24.28801,10.177481979919968,4.499841882097821
1951-11-01,24.63974,12.212158626871084,5.938372796940139
1951-12-01,24.62795,9.085781488187727,6.021698589187041
1952-01-01,24.80192,8.736031130955023,4.220257504958491
1952-02-01,25.15192,8.577562752186818,4.324035999206943
1952-03-01,25.19558,9.542938835022133,3.766819763304241
1952-04-01,25.54805,12.587407898190753,6.1135189804017775
1952-05-01,26.14647,16.77978800345439,8.966871265870058
1952-06-01,26.76243,27.293062904344968,12.253665214967647
1952-07-01,27.21019,28.675323135368245,14.779109757337316
1952-08-01,27.46878,21.81625103297429,14.739573042897458
1952-09-01,27.86982,17.60735363282995,15.650612553836819
1952-10-01,28.49656,20.29385691191663,17.327685553489136
1952-11-01,29.04911,25.075958635501607,17.89535928544701
1952-12-01,29.68558,28.71984241066987,20.536138817887828
1953-01-01,30.47945,30.87562139617868,22.891493884344438
1953-02-01,30.88661,27.80553215741357,22.80020769786164
1953-03-01,31.63933,29.040773711647304,25.57492226811211
1953-04-01,32.11735,23.290698835521194,25.713508467378144
1953-05-01,32.43182,21.56381094179869,24.039000293347446
1953-06-01,32.50158,11.354759049920094,21.44480153708015
1953-07-01,32.7923,8.674761545425792,20.514777735840852
1953-08-01,33.06061,7.983690475036465,20.357038062848076
1953-09-01,33.25574,9.60959397602046,19.325277307137267
1953-10-01,33.48228,8.685743796506173,17.495866167705863
1953-11-01,33.55831,6.159014088250725,15.522678663821377
1953-12-01,33.69692,5.413046043626535,13.512756024979122
1954-01-01,34.0649,7.1441287750815485,11.763499669449429
1954-02-01,33.70135,1.715904631478704,9.113139965829852
1954-03-01,33.50766,-2.227758302064331,5.905087117837193
1954-04-01,33.7065,-4.142485999028911,4.947948694397253
1954-05-01,33.7048,0.040954202722454,3.92509578555873
1954-06-01,33.81539,3.724464712503428,4.042295789927763
1954-07-01,34.0572,4.227212696962246,3.857307965589496
1954-08-01,34.00956,3.666165639914576,2.870334213434056
1954-09-01,34.13728,3.8623285019265374,2.6507905101495144
1954-10-01,34.36337,3.644732333300582,2.631511354662819
1954-11-01,34.60856,7.233397179355205,3.129627207091179
1954-12-01,35.02827,10.855972749011777,3.9509545679545788
1955-01-01,35.37251,12.27434210571332,3.838584584132043
1955-02-01,35.92541,16.11085287426226,6.599320205273673
1955-03-01,36.53032,18.287581372894746,9.020803004447341
1955-04-01,37.23521,22.786810405251437,10.468930325011506
1955-05-01,37.73678,21.745362449063,11.962628468348747
1955-06-01,38.53667,23.84624112920408,13.96192680315087
1955-07-01,39.02943,20.712878123957942,14.599644128113876
1955-08-01,39.73277,22.895509158074656,16.828238883419843
1955-09-01,40.39419,20.71990347681547,18.328671762952432
1955-10-01,40.83366,19.81312573200058,18.829032193291862
1955-11-01,41.36682,17.49331928770861,19.52771221917353
1955-12-01,41.86903,15.423963244448167,19.529254513568617
1956-01-01,42.12013,13.21020541774387,19.075886896349758
1956-02-01,42.56107,12.057674301222953,18.47065906833074
1956-03-01,43.20525,13.389931207504713,18.272300927010754
1956-04-01,43.38397,12.553331086937035,16.51329480886503
1956-05-01,43.79961,12.158146330765708,16.06610314923531
1956-06-01,44.05363,8.088803597081217,14.316130584194209
1956-07-01,44.17342,7.479820831211037,13.179772289782354
1956-08-01,44.49886,6.540459724569514,11.995363021505923
1956-09-01,44.77898,6.750517103263731,10.85500167227018
1956-10-01,44.93415,7.068575526181675,10.041935991042683
1956-11-01,45.40079,8.35728110974121,9.751704385302041
1956-12-01,45.44824,6.113708244989091,8.548585911830276
1957-01-01,45.7005,6.998498553054033,8.500377373004287
1957-02-01,46.04224,5.7723461739079385,8.179235155507136
1957-03-01,46.2453,7.201811913795186,7.0362976721578985
1957-04-01,46.51742,7.344221613139679,7.222598577308625
1957-05-01,46.83804,7.094970443029047,6.937116563366663
1957-06-01,47.00029,6.691972898560583,6.688801808159739
1957-07-01,47.36847,7.521410111974758,7.232969509718745
1957-08-01,47.64621,7.082521632637207,7.0728778220386035
1957-09-01,47.74148,6.4587498876074845,6.615827336844227
1957-10-01,47.879,4.381337065009139,6.553701360769026
1957-11-01,47.95967,2.6576462298442127,5.636201484599712
1957-12-01,48.07827,2.851780829326489,5.786868754433616
1958-01-01,48.29247,3.4992946622596666,5.671644730364012
1958-02-01,48.09752,1.1546824320292304,4.463900974409585
1958-03-01,47.77344,-2.5120967977159903,3.3044222872378404
1958-04-01,47.6625,-5.116739872995346,2.4616154550273883
1958-05-01,47.61828,-3.926396158615597,1.6658254700666397
1958-06-01,47.50736,-2.2093053795555484,1.0788656835947208
1958-07-01,47.55228,-0.9218002566540706,0.3880429323556367
1958-08-01,47.59298,-0.2123541125880979,-0.11171927420881023
1958-09-01,47.71292,1.742029122677291,-0.0598221923576836
1958-10-01,47.82317,2.298216303402767,-0.11660644541447995
1958-11-01,47.98748,3.3570682022691534,0.05798622050567914
1958-12-01,48.39435,5.836302929160331,0.6574279814976602
1959-01-01,48.96116,9.86348049202732,1.3846672162347362
1959-02-01,49.51371,13.34179812281404,2.9444137660320058
1959-03-01,50.00773,14.01708144629188,4.676845544302455
1959-04-01,50.46343,12.849663925703902,5.8765906110674
1959-05-01,51.00724,12.622567337746736,7.116930724923298
1959-06-01,51.67544,14.021872408318735,8.77354582532055
1959-07-01,52.35685,15.874260160688314,10.103763689143808
1959-08-01,53.03853,16.906488834181445,11.44191853504446
1959-09-01,53.68375,16.47551734943782,12.5140737561231
1959-10-01,54.36595,16.2556012231869,13.681192610192916
1959-11-01,54.79481,13.91785169838502,14.185637587137311
1959-12-01,56.01068,18.49826732781439,15.738056198709138
1960-01-01,56.01558,12.700910072824945,14.408196211037483
1960-02-01,56.36463,11.961559843479774,13.836410157913836
1960-03-01,56.86288,6.2262933273382615,13.70818071526141
1960-04-01,57.7114,12.67072549904682,14.362816796242338
1960-05-01,57.95103,11.742400175276169,13.613341949103685
1960-06-01,58.38706,11.160635640264772,12.988026807318898
1960-07-01,58.74671,7.371188350217905,12.204439342703012
1960-08-01,58.94715,7.054915388929728,11.140240877716634
1960-09-01,59.36465,6.867393384050735,10.582159405779201
1960-10-01,59.62899,6.144040147161012,9.680765258401625
1960-11-01,59.87401,6.439330008536981,9.269491033913614
1960-12-01,60.02531,4.5264016581078925,7.167615176248532
1961-01-01,60.67185,7.181328864954439,8.312455213353132
1961-02-01,60.31013,2.945573233353138,6.99995724268927
1961-03-01,60.45546,2.8974171357559757,6.3179705284009735
1961-04-01,60.07587,-3.871686077144642,4.097058813336707
1961-05-01,60.17969,-0.8623256645970745,3.845764259927731
1961-06-01,60.33475,-0.7962817767315888,3.3358247529504004
1961-07-01,60.39598,2.1484674347092447,2.8074253009232386
1961-08-01,60.61948,2.955378956309662,2.8369989049513045
1961-09-01,60.88309,3.68517716658856,2.557818499730069
1961-10-01,61.15822,5.144659009111097,2.564574714413248
1961-11-01,61.74829,7.659141938131286,3.1303732621215774
1961-12-01,62.24853,9.277224454120136,3.7038042785618286
1962-01-01,62.2828,7.560587798641993,2.6551852300531475
1962-02-01,62.64035,5.905121311938544,3.8637290286059667
1962-03-01,63.12857,5.776065028093869,4.421618824834028
1962-04-01,63.86691,10.568420201481588,6.3104204733114955
1962-05-01,64.60104,13.120505212766709,7.346913884069517
1962-06-01,65.13742,13.349185637680572,7.960039612329561
1962-07-01,65.51218,10.709422847800498,8.471093605898927
1962-08-01,66.05512,9.312016214001329,8.966820566590151
1962-09-01,66.43833,8.231236134567531,9.124438329263484
1962-10-01,67.02888,9.587153270073069,9.599134834205447
1962-11-01,67.6421,9.96193792683675,9.544895899141492
1962-12-01,68.12672,10.559251685870464,9.443098495659253
1963-01-01,68.65646,10.07223300871698,10.233419178328518
1963-02-01,69.37675,10.659187243726477,10.75409061411694
1963-03-01,70.07341,11.929119772070852,11.001104571194942
1963-04-01,70.80161,13.095911723321985,10.858048400963828
1963-05-01,71.33514,11.778497328659563,10.424135586671657
1963-06-01,71.87559,10.691094556264758,10.344545424120266
1963-07-01,72.71645,11.264889351135988,10.996840587506007
1963-08-01,73.57616,13.17080366237584,11.386006111259817
1963-09-01,74.16977,13.391901557646444,11.63701736633056
1963-10-01,75.11295,13.84883770185068,12.060577470487344
1963-11-01,75.60692,11.505865919442826,11.774944893786564
1963-12-01,76.58145,13.65449357365991,12.410299512437994
1964-01-01,77.46136,13.104841436164415,12.82457615787358
1964-02-01,78.33623,15.240326853690366,12.914240001153132
1964-03-01,79.24041,14.62847525653379,13.081995010660963
1964-04-01,79.90816,13.246307766762875,12.862066272221773
1964-05-01,80.83452,13.380087425659704,13.316550580821751
1964-06-01,81.42818,11.509548173750892,13.290450902733442
1964-07-01,82.2945,12.491244530109991,13.171778875343886
1964-08-01,82.97305,11.009657611137502,12.771650491137354
1964-09-01,83.92197,12.824591066497735,13.14848353985727
1964-10-01,84.53018,11.317624865467993,12.5374253041586
1964-11-01,84.94403,9.845742089621435,12.349544195160966
1964-12-01,85.95957,10.071340935050175,12.245942065604654
1965-01-01,87.18259,13.154516193929954,12.549779657883619
1965-02-01,88.15204,15.98398412844464,12.53035791995607
1965-03-01,88.91607,14.483816523709002,12.210512287859189
1965-04-01,90.04741,13.806177443589917,12.688629046144984
1965-05-01,90.88588,12.994212042325092,12.43448962151319
1965-06-01,91.83009,13.767706632755882,12.774336845057821
1965-07-01,92.69463,12.288013173075708,12.6376975375025
1965-08-01,93.2871,10.994306828699752,12.430602466704554
1965-09-01,94.12648,10.38428064826944,12.15952151742863
1965-10-01,94.80453,9.42033927967383,12.15465292987663
1965-11-01,95.40527,9.396414972739665,12.315450538431016
1965-12-01,95.95472,7.998593192265524,11.627733828822073
1966-01-01,97.03072,9.728807114986449,11.29598237446261
1966-02-01,97.75836,10.236691159541069,10.897444914490917
1966-03-01,98.44639,10.798482245637974,10.718332467910452
1966-04-01,98.80509,7.517772016703028,9.725632308580568
1966-05-01,99.30544,6.482081280596752,9.26388125416182
1966-06-01,99.78867,5.566410791647258,8.666636393365179
1966-07-01,100.06144,5.184009593971073,7.94739673700624
1966-08-01,100.5867,5.261627604498975,7.824876108272205
1966-09-01,100.67245,3.589947810779681,6.954440450763699
1966-10-01,100.95307,3.612255407219367,6.485491779770447
1966-11-01,101.43735,3.4259071548679243,6.322585743953124
1966-12-01,101.78822,4.507516573462223,6.079429964466576
1967-01-01,102.19855,5.026964676583212,5.325973052657962
1967-02-01,102.36259,3.698741082033163,4.70980691574614
1967-03-01,102.73216,3.7613464666542473,4.35340493440135
1967-04-01,102.88594,2.7176755555679,4.130202199097233
1967-05-01,103.1514,3.1182283754943807,3.8728593317747695
1967-06-01,103.74104,3.986440386330248,3.960740232332993
1967-07-01,104.09425,4.7810732689957725,4.030333762936045
1967-08-01,104.67752,6.050615296968132,4.066959150663063
1967-09-01,105.17229,5.633806833395005,4.469782944589107
1967-10-01,105.44072,5.275300454946086,4.445283338089667
1967-11-01,106.29661,6.33199388227188,4.790405112120943
1967-12-01,106.84264,6.505766248218925,4.965623723452484
1968-01-01,106.7724,5.1483755975947565,4.475454886590868
1968-02-01,107.92842,6.283444344798306,5.437367303816765
1968-03-01,108.68905,7.093898658102593,5.798466614544084
1968-04-01,109.59758,11.01146644168609,6.523379190587164
1968-05-01,110.37701,9.388388371531864,7.004858877339526
1968-06-01,111.06785,9.046137989463876,7.062595478125155
1968-07-01,112.1237,9.54330105464203,7.713634518717405
1968-08-01,112.84495,9.24813017769488,7.80246799885973
1968-09-01,113.75424,10.031469376261914,8.159896489845364
1968-10-01,115.22826,11.544030381285353,9.282504899435452
1968-11-01,116.19605,12.41828234061506,9.313034536096687
1968-12-01,117.39909,13.445833246429295,9.880371731735572
1969-01-01,118.22598,10.819369539775604,10.727098014093528
1969-02-01,119.44904,11.677374622941697,10.674315439807236
1969-03-01,120.43148,10.739146444001848,10.803691816240924
1969-04-01,121.52369,11.632873020021115,10.881727497997673
1969-05-01,122.56481,10.849191632931944,11.041973323973897
1969-06-01,123.38066,10.161099619447466,11.085845273857364
1969-07-01,124.00398,8.417329303371268,10.595690295628835
1969-08-01,124.60868,6.839044845785058,10.424684489647085
1969-09-01,125.31914,6.434216421886374,10.16656609898674
1969-10-01,126.01972,6.662447227292168,9.365289383003784
1969-11-01,126.56923,6.443554864584855,8.927308630542964
1969-12-01,127.15618,5.99375213656328,8.311043978279553
1970-01-01,127.80299,5.781571922181672,8.100596840051555
1970-02-01,128.19115,5.225166667907333,7.318694231447975
1970-03-01,128.28,3.5823870804113644,6.517000372327897
1970-04-01,128.37472,1.801453715737677,5.637608601252975
1970-05-01,128.53404,1.0742339560457337,4.870264148412584
1970-06-01,129.18543,2.853324881116559,4.7047649121021
1970-07-01,129.85691,4.69892445711162,4.719953343433003
1970-08-01,130.1846,5.236360309974741,4.474744456004176
1970-09-01,130.85083,5.257193604176114,4.41408231815188
1970-10-01,131.11307,3.925874620248937,4.041708710351033
1970-11-01,130.80743,1.927459603393955,3.348523175814533
1970-12-01,131.55155,2.159310004688364,3.4566703718214686
1971-01-01,134.16406,9.637928866840962,4.977246619973452
1971-02-01,134.93292,13.224920065288329,5.2591540055612285
1971-03-01,135.73629,13.34438772169515,5.812511693171185
1971-04-01,136.99253,8.703312065105816,6.713011720687678
1971-05-01,137.84093,8.903315882482477,7.240797846235902
1971-06-01,138.76893,9.240847207526404,7.418406239774877
1971-07-01,139.90802,8.788476857056992,7.7401425923348866
1971-08-01,141.25209,10.272380879270248,8.501381883878745
1971-09-01,142.76657,12.030724369921542,9.106354159159702
1971-10-01,143.92676,11.994257262743456,9.773007374474574
1971-11-01,145.63484,13.000821872006927,11.335296473602451
1971-12-01,146.93018,12.185813129638,11.690192931972309
1972-01-01,147.66048,10.787537109093858,10.05963892267423
1972-02-01,148.92454,9.346260980910582,10.369315360551013
1972-03-01,150.77106,10.873538997246746,11.07645567740212
1972-04-01,152.32195,13.238174611358676,11.189967803353952
1972-05-01,154.19949,14.938805665122846,11.86770866969631
1972-06-01,156.15301,15.061355955988542,12.527357528807048
1972-07-01,157.27992,13.66929200505771,12.416657744137915
1972-08-01,158.93936,12.87404537914969,12.521775783990163
1972-09-01,160.55329,11.757170390551376,12.458602878811199
1972-10-01,162.22503,13.182252871342826,12.713598221762235
1972-11-01,164.10159,13.638453909376612,12.680173233273017
1972-12-01,166.1891,14.797731472478826,13.10753175419781
1973-01-01,169.29467,18.60464232671919,14.651306835789768
1973-02-01,171.60183,19.57393013143485,15.22736951210324
1973-03-01,173.90894,19.916098013694292,15.346366869079509
1973-04-01,175.76268,16.18057547041982,15.388937707270678
1973-05-01,178.12795,16.102245524671854,15.517859365163922
1973-06-01,180.42927,15.861817258442802,15.546456645312201
1973-07-01,182.3182,15.774638558959664,15.91956557455012
1973-08-01,184.32651,14.662900123764013,15.972852791152569
1973-09-01,185.34551,11.352586874323167,15.44173900142438
1973-10-01,187.47609,11.805572903082062,15.56545250754462
1973-11-01,189.3088,11.258194769236972,15.360734774111574
1973-12-01,190.08631,10.630552617855905,14.379529102690846
1974-01-01,191.31247,8.44001429431318,13.00560732360918
1974-02-01,192.51536,6.949395167355377,12.187241826034123
1974-03-01,193.35799,7.0644106660350925,11.183467623918597
1974-04-01,194.60355,7.060660560492393,10.719494035935284
1974-05-01,195.8699,7.154216044790185,9.960228027100747
1974-06-01,196.8878,7.5045222852703874,9.121873629483733
1974-07-01,198.29354,7.803095127056592,8.76233968961959
1974-08-01,199.3168,7.22716350974808,8.132465590543635
1974-09-01,199.61712,5.661292003920049,7.7000030915235
1974-10-01,199.53477,2.5274308737148754,6.4321162234608265
1974-11-01,199.25468,-0.1246075897702203,5.253786406125882
1974-12-01,198.91784,-1.3938966669141628,4.646063148892732
1975-01-01,199.0636,-0.9411968346318632,4.051555029319331
1975-02-01,199.50775,0.5090019230697518,3.632120574690778
1975-03-01,199.10994,0.3868500743005265,2.9747671663322484
1975-04-01,198.74286,-0.6429415459465626,2.127047528166881
1975-05-01,198.73721,-1.5359553834213835,1.4638849562898626
1975-06-01,196.04336,-6.019709470828138,-0.42889401984277375
1975-07-01,197.57936,-2.321235799531385,-0.3601630189263849
1975-08-01,198.21159,-1.053730069539538,-0.5544991691618595
1975-09-01,199.42896,7.088873131792606,-0.09426045220971568
1975-10-01,200.43428,5.906277681597039,0.4508036368799262
1975-11-01,201.49288,6.788045121525621,1.1232860377482723
1975-12-01,204.002,9.49260865408126,2.5559095152048794
1976-01-01,205.52079,10.543965862505477,3.243782389145977
1976-02-01,206.70929,10.764645898188776,3.609654261551265
1976-03-01,208.33857,8.777986297629091,4.634941881856824
1976-04-01,210.50006,10.048937344526344,5.915784848824246
1976-05-01,211.40742,9.405945446087792,6.375358696038846
1976-06-01,213.2401,9.74804544252985,8.77190637826244
1976-07-01,215.2727,9.382270916736758,8.95505481949126
1976-08-01,216.50986,10.009404091502304,9.231685190558236
1976-09-01,218.70878,10.659667761975957,9.667512682210244
1976-10-01,220.8671,10.807277390704684,10.194274153103944
1976-11-01,222.80491,12.1471683097375,10.577063566712619
1976-12-01,225.72159,13.456016502025946,10.646753463201343
1977-01-01,225.73315,9.108165151530455,9.834703340717986
1977-02-01,228.52821,10.677729887720222,10.55536497658136
1977-03-01,232.34827,12.270425736351289,11.52436632352809
1977-04-01,235.59405,18.652229759802008,11.92113199397664
1977-05-01,239.01809,19.66408234511381,13.060407245876227
1977-06-01,242.40858,18.477035087456507,13.678703020679507
1977-07-01,245.48106,17.873095179584773,14.032601439941072
1977-08-01,248.47453,16.789668220913214,14.763609380191722
1977-09-01,251.2618,15.428729781362538,14.884185262246907
1977-10-01,255.41564,17.19740317088505,15.642230101269039
1977-11-01,258.77291,17.638025774806465,16.143270810324605
1977-12-01,260.5627,15.649328812812136,15.435435307716915
1978-01-01,262.76532,12.016561144270144,16.405286507542183
1978-02-01,265.73802,11.208898830738834,16.282370565979587
1978-03-01,270.26281,15.74338206513206,16.317978179910696
1978-04-01,274.13698,18.46725131305913,16.359891092325963
1978-05-01,279.25657,21.954777638889155,16.834909859751622
1978-06-01,285.10077,23.836425933766,17.611666220725365
1978-07-01,288.80554,23.18322864873119,17.64880761065639
1978-08-01,292.81311,20.878335592033025,17.844315874146144
1978-09-01,296.17942,16.473185188470364,17.876820113523028
1978-10-01,298.81249,14.59690982388302,16.990678409513226
1978-11-01,302.7302,14.251239928852089,16.986820606531026
1978-12-01,306.10039,14.086962759322509,17.476672601258734
1979-01-01,309.90309,15.693414880768389,17.939113883064948
1979-02-01,313.52378,15.042670648062284,17.982281948213497
1979-03-01,317.20074,15.31378715542051,17.367513495475006
1979-04-01,320.94487,15.031855977836784,17.074635461439748
1979-05-01,325.17739,15.717599906714463,16.443953315046443
1979-06-01,328.17274,14.570615217700134,15.107630189844802
1979-07-01,331.98999,14.492807233358596,14.952777567909514
1979-08-01,335.78546,13.701497038397424,14.675691945623615
1979-09-01,339.44975,14.4700731144058,14.609499201531296
1979-10-01,343.2513,14.274362142024088,14.871804722754378
1979-11-01,346.38941,13.242872681861062,14.42182180700835
1979-12-01,348.58911,11.212419570120646,13.880648763629466
1980-01-01,350.4757,8.688322133821313,13.092031447637398
1980-02-01,353.05623,7.923766442267777,12.609075458327279
1980-03-01,353.04211,5.208487739159473,11.299270613303115
1980-04-01,351.28721,0.9294029493550182,9.45406605190482
1980-05-01,348.64454,-4.905378241061853,7.216722540272569
1980-06-01,346.69696,-6.99761326562669,5.644655311711766
1980-07-01,347.07137,-4.714721232514096,4.542721303133268
1980-08-01,347.54601,-1.2543995977206346,3.5024000145807532
1980-09-01,348.16314,1.7023592628582884,2.5669160162881344
1980-10-01,349.59772,2.94356546285639,1.8489136093585046
1980-11-01,350.00449,2.8596956438306176,1.0436462246348643
1980-12-01,351.92005,4.386630859355378,0.9555490703653913
1981-01-01,353.02932,3.984531219083154,0.7286154218395069
1981-02-01,354.74499,5.528707760361606,0.47832607287512374
1981-03-01,357.12713,6.051137692480957,1.1570914302545976
1981-04-01,359.13287,7.097052903026335,2.233403259970679
1981-05-01,361.2328,7.5186064727757795,3.6106287509908963
1981-06-01,362.74346,6.440520618261281,4.628393626526184
1981-07-01,364.67773,6.32033747010452,5.072835595745051
1981-08-01,365.15446,4.4137582994184354,5.0665090357388864
1981-09-01,369.59574,7.772873581248696,6.155907256580928
1981-10-01,370.45671,6.49099642412696,5.966569232774166
1981-11-01,371.75991,7.434503071098297,6.215754546463104
1981-12-01,371.30144,1.8588354807565155,5.507327587615429
1982-01-01,375.16736,5.184156121259331,6.2708785774507225
1982-02-01,376.37707,5.061213051306024,6.097924032697422
1982-03-01,376.88541,6.152632131921965,5.532562031901622
1982-04-01,378.63428,3.7479523110460544,5.430137876268448
1982-05-01,380.4388,4.387040329914216,5.3167929379613454
1982-06-01,381.98562,5.5238808113001525,5.304619413400302
1982-07-01,382.4471,4.089222815968441,4.872622740083421
1982-08-01,382.86264,2.572926407296383,4.849503960597934
1982-09-01,384.35525,2.504566706449607,3.993419945803489
1982-10-01,384.96719,2.661919366742893,3.9169165001762263
1982-11-01,386.76665,4.141569027113135,4.036675175653026
1982-12-01,389.84874,5.840837899040574,4.995213592492398
1983-01-01,391.82773,7.321270308261552,4.440783441288709
1983-02-01,392.36096,5.912465662540067,4.246775713515172
1983-03-01,395.58305,6.014717108486356,4.961094142646716
1983-04-01,398.42671,6.908714720521725,5.227321202929658
1983-05-01,399.95372,7.968186894779539,5.129581945900363
1983-06-01,404.8326,9.686003384903664,5.981109969532361
1983-07-01,409.47521,11.562098861163772,7.067149940475437
1983-08-01,413.99357,14.798290601773068,8.131096311721597
1983-09-01,417.82094,13.464210685828682,8.706968358048961
1983-10-01,423.773,14.715651080226325,10.080290219018417
1983-11-01,429.97738,16.36116287940319,11.172299886766336
1983-12-01,437.06886,19.739834583845607,12.11242083275681
1984-01-01,441.99113,18.337144102144485,12.80241191709428
1984-02-01,451.90703,22.01520482956676,15.17634934933385
1984-03-01,456.55016,19.05689068380141,15.411962165719695
1984-04-01,462.14122,19.52110796386002,15.991525768942537
1984-05-01,472.44428,19.45545625317553,18.124737032074623
1984-06-01,480.99454,23.198831525178143,18.81319340389087
1984-07-01,487.1488,23.46609781398947,18.969057980335368
1984-08-01,494.11763,19.651739774257248,19.353938274935057
1984-09-01,498.4964,15.368572551078374,19.308620577992098
1984-10-01,504.65866,15.171327439253693,19.087025364994936
1984-11-01,510.15408,13.627658791712085,18.646725090515236
1984-12-01,517.27898,15.9447846785141,18.351826757916378
1985-01-01,523.97936,16.215966827695016,18.549745557111088
1985-02-01,532.44843,18.66010982020629,17.822559653475633
1985-03-01,541.75718,20.31489035802303,18.663232973130484
1985-04-01,549.34871,20.819133241151565,18.870311979528687
1985-05-01,555.84205,18.76689177501443,17.652403369133808
1985-06-01,561.2066,15.152236201736136,16.676293248567852
1985-07-01,567.653,14.009046499364208,16.52558725383293
1985-08-01,573.29931,13.167072760095325,16.024864362763157
1985-09-01,582.14837,15.782697555110348,16.780857394356307
1985-10-01,588.30745,15.368074082903773,16.57532043540084
1985-11-01,594.47775,15.615681095510482,16.529059220696606
1985-12-01,599.71123,12.624786927330266,15.935743223124966
1986-01-01,605.70302,12.362544075787897,15.596732665195056
1986-02-01,610.67829,11.354431496197371,14.692476415039835
1986-03-01,613.37662,9.430944228323511,13.21984140570136
1986-04-01,619.65773,9.538939190960228,12.798613834917361
1986-05-01,625.81996,10.29294129273588,12.589531504498463
1986-06-01,630.05583,11.328732865684676,12.26807204334377
1986-07-01,635.15095,10.38252417882559,11.890706117998139
1986-08-01,638.90439,8.62901636190192,11.443425599099367
1986-09-01,646.02316,10.528992940419911,10.97225265785764
1986-10-01,653.78729,12.263372720885137,11.130207513095392
1986-11-01,653.7673,9.635017024770054,9.973384201511326
1986-12-01,654.75024,5.514055086883496,9.177585352203588
1987-01-01,653.26748,-0.3176509574189579,7.852769167305773
1987-02-01,652.5323,-0.753482125772098,6.853692146154411
1987-03-01,651.19767,-2.152735938269301,6.166040368477033
1987-04-01,656.40142,1.9327850399426303,5.9296750804674
1987-05-01,658.47003,3.6897903747981298,5.2171666113046244
1987-06-01,662.8975,7.382663705037706,5.212501565139083
1987-07-01,667.65979,7.039196033024742,5.118285661070021
1987-08-01,672.22514,8.621288197967903,5.21529520246371
1987-09-01,676.21116,8.278894037474815,4.672897485594785
1987-10-01,681.18446,8.352276653426415,4.19053267309617
1987-11-01,684.71004,7.638536206254987,4.732989857400338
1987-12-01,686.31877,6.114362692545394,4.821461386558634
1988-01-01,692.27095,6.67078796100391,5.970520681666258
1988-02-01,696.38729,6.998221772417446,6.720738574933383
1988-03-01,700.7012,8.649551786380405,7.601920627265146
1988-04-01,705.86805,8.091033311793083,7.536033362024108
1988-05-01,710.04585,8.07922691812799,7.832675391467703
1988-06-01,713.18919,7.321704682238472,7.586646502664451
1988-07-01,716.11302,5.933221804893507,7.257173597349631
1988-08-01,721.53558,6.631478969095972,7.335405516074567
1988-09-01,722.94769,5.58652337315253,6.911528937203593
1988-10-01,726.10533,5.699326294929152,6.594523603782743
1988-11-01,729.66007,4.580644857215055,6.564827061685841
1988-12-01,731.91776,5.056189463517913,6.643995763076682
1989-01-01,749.02308,13.235421551061632,8.19796497310772
1989-02-01,752.893,13.3576189774536,8.114121382083251
1989-03-01,760.01834,16.2645051967252,8.465397233514093
1989-04-01,764.71245,8.645525090636141,8.336458917498813
1989-05-01,769.2757,8.992099669484777,8.341693708934429
1989-06-01,773.22711,7.135154430873913,8.418231914031104
1989-07-01,776.26008,6.1784466262703175,8.399101583155133
1989-08-01,778.8765,5.0863592981716055,7.947067558331633
1989-09-01,781.82209,4.520976556946232,8.143659743902077
1989-10-01,785.54565,4.871312024869456,8.186184227569292
1989-11-01,790.29725,5.995512803548841,8.310332782771024
1989-12-01,794.61218,6.706069431793682,8.565773837760116
1990-01-01,797.71486,6.342047244148041,6.500704891496811
1990-02-01,798.77319,4.359511199952393,6.093852645727882
1990-03-01,798.74809,2.098287971648727,5.0958967648070175
1990-04-01,798.74701,0.5185586995903657,4.450635006661652
1990-05-01,799.75103,0.4905708165457989,3.96156150519249
1990-06-01,802.89274,2.091784008537312,3.836599831581178
1990-07-01,806.8875,4.139375401502665,3.9455101182067853
1990-08-01,808.75857,4.581857329858008,3.836560738448269
1990-09-01,810.43623,3.811452320765074,3.6599298441414074
1990-10-01,812.65511,2.8899916254637725,3.451035595448837
1990-11-01,813.66266,2.447640795645456,2.956534392597221
1990-12-01,808.23057,-1.0841924155356342,1.7138410840870755
1991-01-01,806.6005,-2.947022142389044,1.113886733913927
1991-02-01,807.03043,-3.2207843900928346,1.0337402536006568
1991-03-01,808.35183,0.0600260848579781,1.2023490409848625
1991-04-01,807.81895,0.6056101704261296,1.1357713877389042
1991-05-01,807.83216,0.3979654090630502,1.0104557164496653
1991-06-01,805.99466,-1.161315956675335,0.38634301264199866
1991-07-01,804.02756,-1.8641710973136385,-0.35444098464780804
1991-08-01,802.02192,-2.8460643607503555,-0.8329618071311384
1991-09-01,800.88934,-2.509702702989347,-1.1779939798594707
1991-10-01,798.61698,-2.664689802505482,-1.7274400698717107
1991-11-01,798.27498,-1.8556918627189225,-1.8911621187089889
1991-12-01,798.02897,-1.420961737102211,-1.2622140733924425
1992-01-01,798.98271,0.183307551559797,-0.9444315990381869
1992-02-01,799.64038,0.6859326317590231,-0.9157089652740869
1992-03-01,799.44211,0.7101987737777815,-1.1022081808115702
1992-04-01,797.65814,-0.661481042431844,-1.2578078293409622
1992-05-01,797.6679,-0.9830387473196532,-1.2582143300657878
1992-06-01,797.27631,-1.0792599875906197,-1.0816883079597606
1992-07-01,798.06816,0.2057704831086138,-0.7411934983920121
1992-08-01,799.8238,1.085492375870234,-0.27407230964460183
1992-09-01,800.1989,1.474369353203553,-0.08620916342824136
1992-10-01,799.55599,0.7478036923515008,0.11757951853215154
1992-11-01,802.69798,1.4451731836070405,0.554069726699935
1992-12-01,806.11869,2.992158868719952,1.0137125723644003
1993-01-01,809.32543,4.977740717912482,1.2944860846863637
1993-02-01,814.05892,5.782707213679195,1.8031280511371817
1993-03-01,813.65629,3.7929803503955473,1.7780124191856705
1993-04-01,819.75694,5.256193856920066,2.7704600369276022
1993-05-01,819.75905,2.830399238822223,2.7694670927587817
1993-06-01,823.81181,5.086786084750905,3.328268966125436
1993-07-01,829.51873,4.849020587453201,3.9408375845992882
1993-08-01,834.23553,7.253099136674779,4.302413856651932
1993-09-01,840.60298,8.40558230757642,5.049254629067845
1993-10-01,847.61663,9.016714470385969,6.010916133590594
1993-11-01,856.52342,11.122560481689248,6.7055656474929615
1993-12-01,865.65058,12.462257306748858,7.385003069461149
1994-01-01,872.02182,12.024117943343128,7.746746571400842
1994-02-01,880.35286,11.601529891917584,8.143629210524473
1994-03-01,891.33316,12.406068333651298,9.54664407498158
1994-04-01,900.98953,13.964494523779258,9.909350691193897
1994-05-01,912.8637,15.610327911674338,11.357562932669051
1994-06-01,924.21602,15.593579802960832,12.187760454660147
1994-07-01,931.13474,14.069921759060922,12.24999585000328
1994-08-01,944.80317,14.747072974949926,13.253767793850724
1994-09-01,957.3756,15.142445798535476,13.891530577253008
1994-10-01,968.46871,17.028665948446964,14.257870329891942
1994-11-01,981.42611,16.4300447333138,14.582518946183631
1994-12-01,997.30174,17.754330664021435,15.208348846713648
1995-01-01,1010.39504,18.473835149125573,15.868091465876377
1995-02-01,1018.55911,16.015099950597843,15.698960755349866
1995-03-01,1033.63209,15.387198342371368,15.96472973136105
1995-04-01,1043.69517,13.849170874911977,15.838767848944935
1995-05-01,1057.47083,16.179267910680338,15.841042863244525
1995-06-01,1069.37791,14.567358278163468,15.706489268601942
1995-07-01,1077.737,13.698956078314705,15.744473243474966
1995-08-01,1089.60205,12.71924243470508,15.325824954630484
1995-09-01,1106.61268,14.672091620979357,15.588143253285324
1995-10-01,1113.52851,13.960459498040478,14.978263985420881
1995-11-01,1132.16017,16.562765252931722,15.358676365355727
1995-12-01,1140.74436,12.919969471096705,14.383071265873859
1996-01-01,1153.2703,15.058595368987348,14.140534577446061
1996-02-01,1163.09378,11.385188567927894,14.19011116595874
1996-03-01,1171.68426,11.2984361828657,13.356025933753646
1996-04-01,1180.9031,9.934149104123469,13.14636054126801
1996-05-01,1191.11369,9.990184871230332,12.637971299879736
1996-06-01,1200.95002,10.37160339334664,12.303612106593832
1996-07-01,1211.89736,10.919092307380708,12.448339437172496
1996-08-01,1220.503,10.240846700037952,12.013647551415673
1996-09-01,1225.27176,8.350260855453161,10.722729112411766
1996-10-01,1231.3361,6.571993875015103,10.579665355851553
1996-11-01,1242.42191,7.379406967900648,9.739058387825095
1996-12-01,1253.43709,9.516730588970225,9.878876806368787
1997-01-01,1258.36528,9.07380390818111,9.112779545263594
1997-02-01,1261.85081,6.403432249647367,8.490891422358038
1997-03-01,1264.14634,3.461611841201706,7.891381932535313
1997-04-01,1274.08738,5.092070361790624,7.890933642226861
1997-05-01,1278.67842,5.441918591337736,7.351500594372329
1997-06-01,1282.85852,6.053656098402582,6.820308808521447
1997-07-01,1288.78203,4.693816467929635,6.34415690120822
1997-08-01,1294.21924,4.950875123015441,6.03982456413461
1997-09-01,1301.63497,5.98435967056099,6.232348813784783
1997-10-01,1309.38939,6.550963780875807,6.338910229302952
1997-11-01,1312.45718,5.757010335451018,5.636995728769789
1997-12-01,1324.75733,7.297225724816125,5.689973638804635
1998-01-01,1320.04402,3.2947826341202413,4.901497282251777
1998-02-01,1324.34272,3.671881816633116,4.952400830966708
1998-03-01,1332.90344,2.482433751935198,5.439014283741872
1998-04-01,1360.45629,12.819641559191265,6.7788843493607365
1998-05-01,1363.08086,12.223788120608267,6.600755802229008
1998-06-01,1373.94233,12.896183511896652,7.100066654271431
1998-07-01,1380.72085,6.092616597830136,7.13377575570322
1998-08-01,1386.66645,7.102979784321395,7.143087287127647
1998-09-01,1397.28973,6.97242772450255,7.348816081669951
1998-10-01,1405.39666,7.342606321434153,7.332216889278453
1998-11-01,1408.44269,6.431133681080459,7.313420312882135
1998-12-01,1420.99644,6.961156861772744,7.264659558441533
1999-01-01,1431.23693,7.5599190384611825,8.423424394589496
1999-02-01,1441.31459,9.667618140375575,8.832447087412532
1999-03-01,1450.87882,8.680744295685816,8.851007241754871
1999-04-01,1457.67057,7.594830899122806,7.14571138481781
1999-05-01,1468.14661,7.657074758261939,7.707961653866957
1999-06-01,1479.31532,8.073310746256123,7.669389587843889
1999-07-01,1492.3776,9.869549813226786,8.086844636263745
1999-08-01,1503.22661,9.905673871333589,8.405782082634229
1999-09-01,1511.05926,8.863668955290382,8.142157460786613
1999-10-01,1517.28183,6.844000516400062,7.961109712613079
1999-11-01,1525.33442,6.013814648436933,8.299360054188632
1999-12-01,1531.10596,5.4132010534774455,7.74875410666056
2000-01-01,1538.52018,5.717713161923754,7.495841376871115
2000-02-01,1549.18529,6.402829357664586,7.484188444939011
2000-03-01,1561.45069,8.166333216402876,7.621027233687228
2000-04-01,1570.52774,8.584955711605335,7.742295983927283
2000-05-01,1583.50792,9.160998910168816,7.8576151192420784
2000-06-01,1609.54804,12.90227119427816,8.803580834950054
2000-07-01,1629.75144,15.958622343877993,9.205032292095506
2000-08-01,1651.6154,18.34631379675775,9.871351997953258
2000-09-01,1669.00081,15.613996931186612,10.452372992969195
2000-10-01,1684.59932,14.156590801345947,11.027449659764276
2000-11-01,1700.94454,12.492849880133928,11.512893021846327
2000-12-01,1716.96972,12.001632981917588,12.13918336520614
2001-01-01,1729.85168,11.185713288328625,12.436073474187381
2001-02-01,1748.70202,11.71272171332285,12.878816451968778
2001-03-01,1760.54184,10.543919310567553,12.750396235695426
2001-04-01,1773.09833,10.381378209324566,12.898249731010814
2001-05-01,1781.17746,7.637974297450323,12.483015557004617
2001-06-01,1792.36809,7.429464504414418,11.35847116436488
2001-07-01,1797.35057,5.584432954029439,10.283723387905086
2001-08-01,1806.35904,5.776098615765535,9.369229664484857
2001-09-01,1814.25238,4.974059445408119,8.702905902124748
2001-10-01,1829.84026,7.429001646411937,8.621690527573044
2001-11-01,1857.84279,11.897282102951625,9.224183758513371
2001-12-01,1867.85287,12.351752290977135,8.787758353711661
2002-01-01,1867.41869,8.471111343223846,7.952532092231168
2002-02-01,1881.90537,5.282279783588395,7.617269750737754
2002-03-01,1894.69033,5.872287883742455,7.6197274584510755
2002-04-01,1903.95799,8.05942246731146,7.3802821753264025
2002-05-01,1914.61399,7.135594970665715,7.49147869859077
2002-06-01,1927.18098,7.037769095017032,7.521495765972941
2002-07-01,1939.2114,7.614595037471261,7.892774641065148
2002-08-01,1947.50009,7.04959629433306,7.813565679611512
2002-09-01,1950.65139,4.961165111634291,7.518193802782824
2002-10-01,1957.1513,3.752120160775063,6.957494748749271
2002-11-01,1965.17913,3.68086877646967,5.777471623419772
2002-12-01,1972.11221,4.47390830436587,5.581774757237712
2003-01-01,1982.56131,5.295280021340987,6.165870600770318
2003-02-01,1993.40569,5.870313969897145,5.924863267699809
2003-03-01,2001.20815,6.03336979652167,5.621911840337512
2003-04-01,2014.09978,6.5166309874538975,5.784885516302807
2003-05-01,2027.50251,7.019477869517865,5.8961503775494695
2003-06-01,2033.26841,6.56382519420442,5.504798516639564
2003-07-01,2040.06439,5.2571417381771735,5.200721798562036
2003-08-01,2049.12434,4.334429557021213,5.2181897460143345
2003-09-01,2057.09079,4.7695276778994655,5.456608010311892
2003-10-01,2065.4951,5.080268901794782,5.535790717866318
2003-11-01,2066.40009,3.4152057389554624,5.150724351525149
2003-12-01,2077.36069,4.000109766953597,5.336840341351579
2004-01-01,2088.24304,4.478636036763062,5.330565539988252
2004-02-01,2095.34036,5.720854599564218,5.113593811403239
2004-03-01,2109.72032,6.378020996041167,5.422333004190483
2004-04-01,2112.71615,4.770842975807921,4.8963001227277925
2004-05-01,2120.83915,4.95729116425172,4.603527716471234
2004-06-01,2127.98941,3.509046023907048,4.658558581549999
2004-07-01,2137.09298,4.695752394494579,4.756153309455091
2004-08-01,2143.43512,4.330296666789102,4.602491813649534
2004-09-01,2160.1483,6.183349603526067,5.009866871262392
2004-10-01,2176.71934,7.625720760695898,5.384870678221421
2004-11-01,2183.74635,7.737625379236301,5.678777336870899
2004-12-01,2192.24617,6.0774349119115945,5.530357850374079
2005-01-01,2196.77763,3.737229699249012,5.197411791684958
2005-02-01,2211.55871,5.192584065003358,5.54651417109151
2005-03-01,2220.19919,5.198725780368707,5.236659520822173
2005-04-01,2232.53538,6.671649429077209,5.671335924610577
2005-05-01,2232.67152,3.8736609027741897,5.273024595005249
2005-06-01,2247.83343,5.072422121960063,5.631795883796253
2005-07-01,2257.23094,4.498625443343185,5.621559806911169
2005-08-01,2267.04488,6.301927913989291,5.766900003019448
2005-09-01,2271.63328,4.302900858956038,5.160987326657174
2005-10-01,2276.84314,3.5210022282731623,4.599756990260384
2005-11-01,2283.66127,2.964205980554957,4.575390360698273
2005-12-01,2290.92813,3.4410616719949383,4.501408708128785
2006-01-01,2367.47108,16.89778553477126,7.770174262016671
2006-02-01,2374.97732,16.9798663010279,7.38929557967738
2006-03-01,2385.80789,17.624021151844495,7.459182074559734
2006-04-01,2397.6806,5.202627609134125,7.397205055715639
2006-05-01,2407.16145,5.531718932137508,7.815297881347094
2006-06-01,2395.81318,1.6880494878079633,6.583216888984511
2006-07-01,2403.09925,0.90705101383175,6.462267879422212
2006-08-01,2415.73203,1.4318044911244998,6.558632840122702
2006-09-01,2426.81323,5.277028073271484,6.831206047483174
2006-10-01,2429.39986,4.450176191887589,6.700361448703052
2006-11-01,2440.74907,4.2071454783902285,6.8787697222714606
2006-12-01,2456.7157,5.020526100394074,7.236698865799873
2007-01-01,2457.94558,4.783534621354235,3.821567273379345
2007-02-01,2470.04992,4.889107965725126,4.003095069556273
2007-03-01,2484.43318,4.5898831220891445,4.133831999356818
2007-04-01,2493.72977,5.951840881691051,4.005920137986685
2007-05-01,2510.01606,6.630901051672566,4.272858806375446
2007-06-01,2519.12104,5.702889182709092,5.146806146212124
2007-07-01,2533.66767,6.561675295277514,5.433334474221141
2007-08-01,2552.76707,6.988907966015789,5.672609308409093
2007-09-01,2566.99536,7.821208147623215,5.776387250039816
2007-10-01,2582.32603,7.906024570834114,6.294812662086846
2007-11-01,2597.6493,7.220373659664214,6.428363813736904
2007-12-01,2609.47653,6.78573611931601,6.218091495080191
2008-01-01,2619.42765,5.872053826793899,6.569798424910611
2008-02-01,2634.49642,5.79578828385956,6.657618482463712
2008-03-01,2645.60364,5.653901107267112,6.487212507764029
2008-04-01,2654.24323,5.423454548665463,6.436682191110066
2008-05-01,2660.19315,3.959033267328027,5.983112713629413
2008-06-01,2662.40952,2.5652663900179062,5.688034744055015
2008-07-01,2665.32126,1.6799632689960653,5.196166472771879
2008-08-01,2662.23778,0.3077954649143288,4.288315658976294
2008-09-01,2657.38913,-0.7521318877371952,3.521384238107861
2008-10-01,2660.7295,-0.6873329392902416,3.036156902310272
2008-11-01,2651.48139,-1.606374309366576,2.0723386332404337
2008-12-01,2643.78896,-2.0314856832355237,1.3149162142493065
2009-01-01,2647.02886,-2.0438277099642743,1.0537114854078933
2009-02-01,2638.53274,-1.9391582918721677,0.1532103049887601
2009-03-01,2622.82785,-3.133857067851087,-0.8608919966559991
2009-04-01,2615.97301,-4.610992479441844,-1.4418505270144322
2009-05-01,2610.01078,-4.254305311900208,-1.886418285078284
2009-06-01,2591.47541,-4.696418197513063,-2.6642824654563357
2009-07-01,2590.85498,-3.785753587061425,-2.7938950969085052
2009-08-01,2582.12601,-4.205510968146109,-3.0091891341125776
2009-09-01,2576.59439,-2.277209821534576,-3.040380465468373
2009-10-01,2563.42273,-4.168451579340548,-3.657146282626633
2009-11-01,2551.56929,-4.650211018381222,-3.76816146539124
2009-12-01,2555.01664,-3.307964212096015,-3.35776876835131
2010-01-01,2543.50802,-3.0714933393079518,-3.9108315577639607
2010-02-01,2530.02428,-3.334992226389544,-4.112454560635848
2010-03-01,2536.55195,-2.8595493837441754,-3.289422902841299
2010-04-01,2532.76479,-1.678839735139337,-3.1807751716826815
2010-05-01,2521.68794,-1.3114859934430734,-3.384002881398074
2010-06-01,2518.41641,-2.8293479858553017,-2.8192048328176234
2010-07-01,2521.1048,-1.8287870900724037,-2.6921684362279485
2010-08-01,2520.42213,-0.2006365977572977,-2.3896540974776115
2010-09-01,2522.09423,0.5854288908430316,-2.115201376340803
2010-10-01,2530.106,1.4358024074551556,-1.2996970655713702
2010-11-01,2531.23226,1.7266752530907148,-0.797040083516587
2010-12-01,2646.81126,21.296050439957547,3.5927210243139607
2011-01-01,2657.3601,21.687725368039533,4.4761832518223965
2011-02-01,2663.77992,22.64938528990905,5.286733453799108
2011-03-01,2672.03136,3.866215868410472,5.341085563021886
2011-04-01,2679.97392,3.4476505509360544,5.812191111516496
2011-05-01,2683.971,3.0665912692534825,6.435493362434053
2011-06-01,2693.0883,3.1896570325247176,6.935782712756389
2011-07-01,2717.49471,5.718881192332503,7.789835234140208
2011-08-01,2709.1147,3.800225074200192,7.486546311192721
2011-09-01,2720.06046,4.066717718607626,7.849279683733301
2011-10-01,2727.95336,1.5483647259343147,7.819726130051463
2011-11-01,2746.76076,5.675367444552526,8.514765847682426
2011-12-01,2756.22486,5.42518034851216,4.133789275174826
2012-01-01,2768.93869,6.146479604318444,4.19885095738437
2012-02-01,2775.55026,4.2588778127155225,4.1959299700705
2012-03-01,2789.26339,4.881653174982348,4.387374779912778
2012-04-01,2802.46831,4.932370171984801,4.5707306733790976
2012-05-01,2818.68308,6.362517969786841,5.019133217162164
2012-06-01,2830.18157,5.998345786825787,5.0905597859528084
2012-07-01,2839.9813,5.462747258877676,4.507334993119461
2012-08-01,2857.58489,5.635907883481295,5.480395126865623
2012-09-01,2867.81996,5.426633381094037,5.4322138118944485
2012-10-01,2884.88214,6.475669235625969,5.75261961223561
2012-11-01,2902.46174,6.431320683098751,5.6685308115439925
2012-12-01,2912.90502,6.438259311701189,5.684592802054622
2013-01-01,2929.74576,6.3671290805057845,5.807534510632295
2013-02-01,2948.63979,6.517477371996439,6.236223947895647
2013-03-01,2959.31867,6.527476757511486,6.096780985606376
2013-04-01,2971.53502,5.828751779044272,6.032778654328452
2013-05-01,2986.37157,5.217622176405157,5.949178578813474
2013-06-01,2999.85686,5.593015884471275,5.99520863956442
2013-07-01,3014.41701,5.8985261340553485,6.142142907771975
2013-08-01,3029.77491,5.9414930658861165,6.025718452059703
2013-09-01,3047.11429,6.451759756990927,6.25193814468048
2013-10-01,3064.17636,6.768146540184916,6.214958230494627
2013-11-01,3076.04248,6.249735056959427,5.980466085316927
2013-12-01,3090.46778,5.813701090277568,6.09572776252072
2014-01-01,3109.31153,6.023446695250412,6.129056399760779
2014-02-01,3125.68715,6.613626009292428,6.0043739693277365
2014-03-01,3144.11023,7.125823617493454,6.244395437142947
2014-04-01,3168.27326,7.803678082138754,6.620761279131759
2014-05-01,3186.24512,7.977857010858513,6.692856040013817
2014-06-01,3204.1427,7.858988677692213,6.8098529207823555
2014-07-01,3226.22583,7.519819844194564,7.026526830805002
2014-08-01,3242.36063,7.233019781264738,7.016551602508314
2014-09-01,3259.29886,7.065448461145096,6.963459516315029
2014-10-01,3269.04838,5.415952182905115,6.686038789229487
2014-11-01,3282.70768,5.0711716830005305,6.718541806353717
2014-12-01,3309.53985,6.309902574467241,7.088637888986504
2015-01-01,3315.66497,5.827167495882457,6.636628012632739
2015-02-01,3331.14863,6.034501140910109,6.573321965379675
2015-03-01,3356.75041,5.829256117225268,6.763127385645129
2015-04-01,3378.00607,7.735576156797497,6.6197828529474645
2015-05-01,3393.91449,7.752546306816344,6.5176834229251135
2015-06-01,3419.25662,7.659059906623655,6.713618591331794
2015-07-01,3437.64995,7.251877148488273,6.55329574371426
2015-08-01,3451.62258,6.976804645687795,6.453999843934688
2015-09-01,3479.4342,7.227881552954241,6.754070413782198
2015-10-01,3494.95435,6.836444279152332,6.91045049630008
2015-11-01,3511.84617,7.1639544331619565,6.980167359891154
2015-12-01,3400.22322,-8.799923291915078,2.740059769940517
2016-01-01,3417.71367,-8.551481961965413,3.0777747728836458
2016-02-01,3434.49839,-8.5231225079762,3.102526229818814
2016-03-01,3464.14452,7.734374032993996,3.19934749036046
2016-04-01,3482.64439,7.818633465193958,3.097635641607943
2016-05-01,3499.475,7.78499667417496,3.1102878493559194
2016-06-01,3520.05887,6.614358742667648,2.948075011696538
2016-07-01,3537.75815,6.481959736059428,2.9121115138555753
2016-08-01,3558.194,6.882575658175405,3.0875745400877452
2016-09-01,3578.87638,6.853089277630753,2.8579985791942875
2016-10-01,3593.67807,6.474134162347767,2.8247499141154764
2016-11-01,3618.56696,6.961617497938377,3.038879974631703
2016-12-01,3636.43566,6.59009321437336,6.946968616960403
2017-01-01,3651.7513,6.622311261729674,6.847783418907638
2017-02-01,3668.05269,5.583440130105433,6.800244853222948
2017-03-01,3684.33071,5.373351287689476,6.3561490789073805
2017-04-01,3696.81924,5.028724904677762,6.1497766069650295
2017-05-01,3710.53368,4.713638394504227,6.03115267290093
2017-06-01,3727.88081,4.812637392639774,5.903933646427917
2017-07-01,3742.93615,5.08405217254233,5.799661573813353
2017-08-01,3752.64889,4.617952802223546,5.464988418281869
2017-09-01,3767.90026,4.363712264740904,5.281654349849307
2017-10-01,3790.05875,5.131798422132405,5.464615254198324
2017-11-01,3815.95157,6.92018159240213,5.45477290269627
2017-12-01,3830.75163,6.8411091455675255,5.3435833373166375
2018-01-01,3843.96448,5.811700873570791,5.2635890072798786
2018-02-01,3858.81219,4.569047041669672,5.200565971150217
2018-03-01,3870.25112,4.188695335230586,5.0462465135221235
2018-04-01,3875.33614,3.304692663804598,4.828932344552506
2018-05-01,3896.35755,3.949078916391557,5.008009252189294
2018-06-01,3904.85381,3.6245213692239098,4.747281606355869
2018-07-01,3925.80361,5.311734671474055,4.885668701561996
2018-08-01,3941.40495,4.705385021581421,5.029941929899029
2018-09-01,3954.64327,5.1986430898544045,4.956155872342549
2018-10-01,3970.64713,4.647990340806207,4.764791047104477
2018-11-01,3992.09561,5.244523301770099,4.615992545209369
2018-12-01,4007.04194,5.406233885993528,4.601977027677973
2019-01-01,4022.41098,5.317512586104956,4.642251532979835
2019-02-01,4037.64476,4.642640218791594,4.634394243478335
2019-03-01,4050.13167,4.371281862502574,4.647774638458091
2019-04-01,4066.99119,4.507428219718812,4.945507772133539
2019-05-01,4083.05545,4.575195904561302,4.791600811891605
2019-06-01,4099.58058,4.973853288717733,4.986787712803009
2019-07-01,4120.9973,5.418393457440374,4.972069654803746
2019-08-01,4131.04004,4.784369833035895,4.811357686045414
2019-09-01,4144.8893,4.494645174372791,4.810700157033376
2019-10-01,4158.31154,3.671354793939608,4.726292814642541
2019-11-01,4165.73286,3.4017875803165065,4.349526338122955
2019-12-01,4192.57845,4.682249493743051,4.630261244532918
2020-01-01,4201.31416,4.201156075879653,4.447660392971575
2020-02-01,4217.39223,5.0534477177692105,4.4517901074585975
2020-03-01,4203.90032,1.0845654108586178,3.7966333573545175
2020-04-01,4140.21363,-5.691601095822618,1.8004081292342322
2020-05-01,4125.51877,-8.433145572594425,1.0399888152388348
2020-06-01,4145.39546,-5.451589830062198,1.1175504202432407
2020-07-01,4158.5626,1.7845757122505024,0.9115584715379432
2020-08-01,4147.61072,2.1592471196963947,0.40112610479563493
2020-09-01,4164.60325,1.8663312280127853,0.47562066374124967
2020-10-01,4164.42852,0.5654206635357317,0.1471024943936916
2020-11-01,4175.14483,2.681978330750212,0.22593791575968858
2020-12-01,4186.09762,2.0805197779909967,-0.15457862213646978
2021-01-01,4184.32232,1.9245671557907684,-0.4044410713622937
2021-02-01,4204.49192,2.8413829664739154,-0.30588357203854555
2021-03-01,4225.31109,3.799999309727364,0.5093072711105595
2021-04-01,4244.26704,5.854732668449825,2.513237704596416
2021-05-01,4280.95721,7.475496169213036,3.767730767105437
2021-06-01,4318.64697,9.132990817318245,4.179372310114893
