DATE,USALOLITONOSTSAM,3m growth rate,12m growth rate
1960-01-01,100.695062469842,,
1960-02-01,100.421905268291,,
1960-03-01,100.119603579853,,
1960-04-01,99.8339513836246,-3.377039533586612,
1960-05-01,99.5843165765106,-3.2947701060357715,
1960-06-01,99.366134265715,-2.9764654017206515,
1960-07-01,99.1608878152252,-2.669583159777089,
1960-08-01,98.966421902462,-2.458891655992268,
1960-09-01,98.7742105605784,-2.3615915100254625,
1960-10-01,98.6095318370461,-2.2056055550319864,
1960-11-01,98.5017749323553,-1.8648140159777336,
1960-12-01,98.4824687525403,-1.1762252779903393,
1961-01-01,98.5684809566258,-0.1664149609653997,-2.111902471735494
1961-02-01,98.7779061387752,1.1260487478756076,-1.6370921514819226
1961-03-01,99.098425738218,2.525362598563907,-1.0199579354312371
1961-04-01,99.4837333968364,3.766231637305784,-0.3508004861416669
1961-05-01,99.8768685500783,4.525055320993054,0.2937731398125587
1961-06-01,100.242649521145,4.699142895777975,0.8821066270789046
1961-07-01,100.557512440026,4.387809793449993,1.4084430419816885
1961-08-01,100.814729365382,3.80930531248187,1.8676106778333645
1961-09-01,101.002168840803,3.0653423732503127,2.255607276008731
1961-10-01,101.117742807376,2.247189836871621,2.5435786212582023
1961-11-01,101.166885110821,1.404577367649984,2.705646857933197
1961-12-01,101.138008753652,0.5390545612206088,2.6964596183959966
1962-01-01,101.024428029232,-0.3686224952758721,2.4916150160484873
1962-02-01,100.842680384454,-1.27571233436925,2.0903199170652087
1962-03-01,100.594988708176,-2.130405341287456,1.510178349261948
1962-04-01,100.304439099515,-2.8204209095390564,0.8249647200159194
1962-05-01,100.010934286963,-3.258589522720867,0.13423101748277766
1962-06-01,99.7552661882698,-3.2974464151241167,-0.4862035622595795
1962-07-01,99.5788591458548,-2.862265454167912,-0.9732274301782029
1962-08-01,99.4896048553828,-2.068842822845063,-1.314415580283479
1962-09-01,99.4856287791768,-1.076819891399272,-1.501492570933327
1962-10-01,99.5545601665922,-0.0975712590214894,-1.545903416536487
1962-11-01,99.6801805048283,0.7684176867745585,-1.46955656919171
1962-12-01,99.8317065953678,1.398746124720751,-1.291603596295865
1963-01-01,99.9816126359882,1.7269251451814016,-1.0322408288637397
1963-02-01,100.111705944039,1.7429170292389884,-0.7248661356761055
1963-03-01,100.214383358469,1.542126164441071,-0.37835418502917273
1963-04-01,100.286222115501,1.2242425822291958,-0.018161692720219946
1963-05-01,100.313440707247,0.8084783031026221,0.30247334698023653
1963-06-01,100.295857791413,0.3255973536502532,0.5419178593768947
1963-07-01,100.252787745007,-0.133289113915469,0.6767787911338363
1963-08-01,100.208197338772,-0.4189981329628223,0.7222789601323054
1963-09-01,100.18367033496,-0.4466759276815391,0.7016506447706128
1963-10-01,100.175460526486,-0.3081721713016905,0.6236784722415623
1963-11-01,100.179133200402,-0.1159645500059203,0.5005535634533986
1963-12-01,100.206903550298,0.092794757469905,0.3758294511090776
1964-01-01,100.269148973218,0.374622529188473,0.28758921730605014
1964-02-01,100.345721167765,0.6668213301020964,0.23375410649462136
1964-03-01,100.430634149413,0.8960699811422446,0.21578817700296238
1964-04-01,100.514749166139,0.9833693931678322,0.2278748225003291
1964-05-01,100.59177411175,0.9844343073573736,0.2774637202558772
1964-06-01,100.660963147881,0.9205261806201293,0.36402835023090496
1964-07-01,100.71856065544,0.813541197987866,0.46459846245641145
1964-08-01,100.75703194903,0.6587637102146049,0.5476943252482158
1964-09-01,100.795300491461,0.5348905834913875,0.6105088328826946
1964-10-01,100.838642847608,0.4777555000508471,0.6620207360530594
1964-11-01,100.901881886065,0.5762876957229102,0.721456317871283
1964-12-01,100.977360171376,0.7244525736450846,0.768865810419217
1965-01-01,101.044075645831,0.8173907152608129,0.77284656402139
1965-02-01,101.083651534161,0.7225292853182186,0.7353879745029435
1965-03-01,101.084968100965,0.4269474364342329,0.6515282484212293
1965-04-01,101.045011808818,0.0037060104366437,0.5275470983890473
1965-05-01,100.980452657815,-0.4077452477144416,0.3863919783671399
1965-06-01,100.920609331755,-0.648794172800693,0.25794128702361085
1965-07-01,100.899093945234,-0.5763850698403572,0.17924530356585588
1965-08-01,100.933569975786,-0.1855806395270387,0.1752116188231012
1965-09-01,101.030121860048,0.4347611925582084,0.2329685684174132
1965-10-01,101.178284266393,1.1114123594084813,0.3368167293745561
1965-11-01,101.353970751875,1.6764872526781494,0.44804800203872563
1965-12-01,101.522351513271,1.963131931573248,0.5397163690653572
1966-01-01,101.641674922078,1.8446007207360893,0.5914243585557921
1966-02-01,101.6701957074,1.2538550558397477,0.5802562178323756
1966-03-01,101.585025388812,0.2471650240279732,0.4946900585134806
1966-04-01,101.388589259908,-0.992277875953318,0.34002415848104484
1966-05-01,101.103254362305,-2.211923803927629,0.12160938207133043
1966-06-01,100.783965412224,-3.117130371190935,-0.13539743808106408
1966-07-01,100.457337932405,-3.6236797135648415,-0.43781960328481695
1966-08-01,100.141024975168,-3.752914240303218,-0.7852144740428169
1966-09-01,99.8391792298166,-3.6973494655800576,-1.1787995582952515
1966-10-01,99.5469325676723,-3.5760613101979977,-1.6123535900505193
1966-11-01,99.2759613553249,-3.410865091457571,-2.0502496164035655
1966-12-01,99.0446277161662,-3.145525862491738,-2.44056974663448
1967-01-01,98.8752389711726,-2.671808055203784,-2.7217536045389235
1967-02-01,98.7838051817364,-1.9682851064786069,-2.838974102076519
1967-03-01,98.7978282214272,-0.9930011108597036,-2.7437086880836348
1967-04-01,98.9208071044762,0.1844734620791488,-2.4339841134446427
1967-05-01,99.1407557272394,1.4532339397189231,-1.9410835461665332
1967-06-01,99.4157571263262,2.5253605714621985,-1.3575654423812367
1967-07-01,99.7105413256315,3.231845529555577,-0.7433967713498468
1967-08-01,99.9947361268535,3.490302007470114,-0.14608283503266817
1967-09-01,100.239467756877,3.3556233661190538,0.4009333110992497
1967-10-01,100.434042815484,2.9341501962136807,0.8911477480319618
1967-11-01,100.574575562091,2.3397328909575243,1.3080852494776085
1967-12-01,100.662405303475,1.6984200970697971,1.6333824707230882
1968-01-01,100.694520020369,1.0414488079266926,1.8399763865317276
1968-02-01,100.69825804564,0.4928117048266012,1.938022999196587
1968-03-01,100.692041232206,0.1178156585527556,1.9172617909509748
1968-04-01,100.686186631615,-0.033099534368497,1.7846392268860978
1968-05-01,100.687465879433,-0.0428624351285433,1.5601153540214963
1968-06-01,100.708713067734,0.0662454604270834,1.300554337442561
1968-07-01,100.762388221014,0.3030729129491982,1.0549003960849346
1968-08-01,100.85904304302,0.6833669965951694,0.8643524145811377
1968-09-01,100.998656151426,1.1565935486296253,0.7573747262808128
1968-10-01,101.137734573518,1.4983719865437006,0.7006506342942087
1968-11-01,101.224981866849,1.4592056172416434,0.6466905787302801
1968-12-01,101.242284270915,0.9683734966058788,0.5760630949477097
1969-01-01,101.19391554965,0.2223811147948895,0.49595104994788475
1969-02-01,101.087317833818,-0.5428836019006678,0.38636198453567694
1969-03-01,100.931169119473,-1.2235362528616789,0.23748439731750004
1969-04-01,100.726626649641,-1.834347887428656,0.040164415178378654
1969-05-01,100.478526645355,-2.387297027091728,-0.20751265537678476
1969-06-01,100.227274332998,-2.7605565899137874,-0.47805072676502247
1969-07-01,100.004761307009,-2.8359627128926035,-0.7518945584568781
1969-08-01,99.8193477580005,-2.5984477338135914,-1.0308399263475265
1969-09-01,99.6504752386571,-2.2821693278909705,-1.3348503476596774
1969-10-01,99.4670255084938,-2.133554954750938,-1.651914660803222
1969-11-01,99.2515185362097,-2.2560851370298507,-1.9495813130746664
1969-12-01,99.0001484091931,-2.584988597375515,-2.2146239368939447
1970-01-01,98.7204086179757,-2.9688332137777773,-2.444323770099288
1970-02-01,98.4430710002222,-3.2185837889064928,-2.615804722351811
1970-03-01,98.1951523194006,-3.213048740359181,-2.7107749012931226
1970-04-01,98.0002461774183,-2.8862131342174524,-2.7067127758640397
1970-05-01,97.8844359946884,-2.2506321009283403,-2.5817363542984695
1970-06-01,97.8402563964434,-1.4378573864305189,-2.3816051593141263
1970-07-01,97.8416217211605,-0.6458748848993778,-2.163036597035406
1970-08-01,97.8806240193891,-0.0155765422280351,-1.9422324250320644
1970-09-01,97.9734399951449,0.5456068566624728,-1.6829174567364547
1970-10-01,98.1490060558075,1.2625952326883016,-1.3250818006754872
1970-11-01,98.4412625180997,2.310870995096481,-0.8163663690590184
1970-12-01,98.8425713611557,3.5959342905647285,-0.15916849678455636
1971-01-01,99.2795536463014,4.687695592948238,0.5663925384359336
1971-02-01,99.6696575988524,5.08558965751984,1.245985711505715
1971-03-01,99.9609412089616,4.603256958144963,1.7982444630437522
1971-04-01,100.150278601192,3.5545971028199563,2.193905125382334
1971-05-01,100.247191814937,2.338017079661303,2.4138217646539895
1971-06-01,100.280601211244,1.2852884600294212,2.494213429809977
1971-07-01,100.287495969674,0.5491732359677037,2.4998300370409066
1971-08-01,100.307625707503,0.2413576367808811,2.479552733167223
1971-09-01,100.382290156698,0.4062350022574268,2.4586767206219218
1971-10-01,100.541766636563,1.0180305068865805,2.4378856973803487
1971-11-01,100.798085328719,1.9702133374457589,2.394141186665455
1971-12-01,101.134216379676,3.030084643437636,2.3184797673332147
1972-01-01,101.486214013495,3.8107089566324026,2.2226735376502216
1972-02-01,101.800539051274,4.03780475892408,2.137943987926505
1972-03-01,102.046680110277,3.658057565530215,2.086553884036868
1972-04-01,102.22798234649,2.9558318954429508,2.074586086346919
1972-05-01,102.366903107524,2.2440275414432387,2.1144844600735846
1972-06-01,102.489456699438,1.7469131553398132,2.2026747561484816
1972-07-01,102.62808897522,1.5747614306101054,2.3338831854509356
1972-08-01,102.803974876671,1.7188327603196107,2.4886933087693297
1972-09-01,102.998293318742,2.0007465319184847,2.606040525634934
1972-10-01,103.180024348748,2.168622017792421,2.6240415306424403
1972-11-01,103.324794635099,2.041909236407613,2.5067036721382108
1972-12-01,103.400988443739,1.573085980587785,2.2413503018138936
1973-01-01,103.387323250063,0.8060648013271221,1.8732684582313919
1973-02-01,103.274736681848,-0.1936479532235968,1.448123599651563
1973-03-01,103.060445177093,-1.3108757761551848,0.9934326777906621
1973-04-01,102.760311226401,-2.403896651969684,0.5207271704793515
1973-05-01,102.408530464582,-3.312985266562918,0.04066485924096863
1973-06-01,102.047608614462,-3.873468689478144,-0.43111564760437426
1973-07-01,101.711750438264,-4.019530441936925,-0.8928730390538986
1973-08-01,101.421402232572,-3.800258241597909,-1.3448630228136693
1973-09-01,101.190065776753,-3.319211165410429,-1.7555898100109268
1973-10-01,101.002952206515,-2.758475756077905,-2.1099744412489296
1973-11-01,100.81931692268,-2.353527322401172,-2.424856222814009
1973-12-01,100.623572429366,-2.220589401777062,-2.6860633115554755
1974-01-01,100.424180773017,-2.272470841240426,-2.8660597681584687
1974-02-01,100.197541690267,-2.444162185485965,-2.979620273504757
1974-03-01,99.9248176354938,-2.748898402730171,-3.0425130962816294
1974-04-01,99.5908122903263,-3.278302911654285,-3.084360973850764
1974-05-01,99.2021500906358,-3.914893754104931,-3.130970007479139
1974-06-01,98.7704426109219,-4.541513922879226,-3.211408917891745
1974-07-01,98.3078976259865,-5.054029999277643,-3.3465679212192345
1974-08-01,97.8175758944352,-5.467042848355852,-3.553319377179176
1974-09-01,97.3093542847522,-5.787101960134367,-3.835071617170882
1974-10-01,96.8314215329276,-5.873568088304337,-4.130107667603722
1974-11-01,96.4268215495917,-5.566992197470578,-4.3567993784930925
1974-12-01,96.1557247581293,-4.658447462800042,-4.44016005729967
1975-01-01,96.072211343227,-3.099522185897996,-4.333587186164367
1975-02-01,96.1672194017974,-1.0725466840899256,-4.022376418104379
1975-03-01,96.4123760240883,1.071930542654309,-3.51508433492288
1975-04-01,96.7772142765856,2.967772680497971,-2.825158213930945
1975-05-01,97.2046741482084,4.385544084430282,-2.0135409772897184
1975-06-01,97.6542897180104,5.25292130450632,-1.130047475142204
1975-07-01,98.098748441307,5.575075137292562,-0.21274911754822767
1975-08-01,98.5155273257125,5.504297563460625,0.7135235410357543
1975-09-01,98.902466509976,5.211494060555322,1.6371624669935914
1975-10-01,99.2697135541887,4.86081006120398,2.518079341045243
1975-11-01,99.6286442314074,4.596736923706568,3.3204689632635453
1975-12-01,99.9859343162469,4.45449813275034,3.9833401159963477
1976-01-01,100.327208333348,4.329670738329217,4.428957063265271
1976-02-01,100.614451967037,4.017061915107845,4.624478687127853
1976-03-01,100.818723193699,3.3734796797921573,4.570312807672927
1976-04-01,100.941151276222,2.470322570070804,4.302600597425776
1976-05-01,100.993709615622,1.5163126339247102,3.8979971905841015
1976-06-01,101.000633691869,0.7236887174276285,3.4267250148678707
1976-07-01,100.983179954585,0.1666512981932211,2.940334672061362
1976-08-01,100.956084390946,-0.1489368164193094,2.4773323875783904
1976-09-01,100.945009818249,-0.2201092726756726,2.0652096761075045
1976-10-01,100.971166590671,-0.0475771127528723,1.7139699265411146
1976-11-01,101.055968488859,0.3963403753465044,1.4326444653169679
1976-12-01,101.19370897371,0.9891316075102186,1.2079445631252739
1977-01-01,101.357311222667,1.5385199589537324,1.026743299680355
1977-02-01,101.525387685633,1.8710428360654283,0.9053726386090588
1977-03-01,101.673266050014,1.90911785339154,0.8476033312514897
1977-04-01,101.771886086605,1.6461579833370488,0.8229892366788283
1977-05-01,101.814735489122,1.144884548782099,0.8129475356681182
1977-06-01,101.802332112377,0.5087356154315215,0.7937558322196336
1977-07-01,101.745418009912,-0.1039884552369252,0.7548168473896277
1977-08-01,101.663140630174,-0.5942425654387407,0.7003602046311119
1977-09-01,101.579997621246,-0.8707352161822612,0.6290432822189773
1977-10-01,101.510412667378,-0.920699521108992,0.5340594695642853
1977-11-01,101.455555707861,-0.8142577055754052,0.3954117950450975
1977-12-01,101.42065761062,-0.62597161379081,0.22427148803187968
1978-01-01,101.416060767257,-0.3712739681825394,0.05796280888010763
1978-02-01,101.450828384739,-0.0186367033120915,-0.07343907035831654
1978-03-01,101.554779318749,0.5300221700751617,-0.11653676120400025
1978-04-01,101.701934415017,1.1323045218597505,-0.0687337871762117
1978-05-01,101.850726977917,1.586066069563019,0.03534998015966018
1978-06-01,101.962784384891,1.616744989534591,0.15761158824620924
1978-07-01,102.016429952794,1.242679732208507,0.26636279862313206
1978-08-01,102.003054904841,0.5995833500140657,0.3343535056658631
1978-09-01,101.924725854195,-0.149220042161835,0.33936625420525335
1978-10-01,101.78788102997,-0.8931190282124968,0.27333980357382437
1978-11-01,101.611887310001,-1.5251434651616602,0.15408875447899817
1978-12-01,101.429746259915,-1.928425421280322,0.008961339345581187
1979-01-01,101.268642832753,-2.024911397902052,-0.14535955487593455
1979-02-01,101.112424792398,-1.9517086059732456,-0.33356414898618736
1979-03-01,100.933081134385,-1.944317326904488,-0.6121801342432898
1979-04-01,100.718394708477,-2.1557695729687354,-0.967080628502548
1979-05-01,100.484949551345,-2.459276265888133,-1.3409599195773336
1979-06-01,100.242996637763,-2.7069003697580363,-1.6866818197472044
1979-07-01,100.004371001567,-2.8057104370998287,-1.9722891226031325
1979-08-01,99.77963983016,-2.778201101145028,-2.1797534169493593
1979-09-01,99.5600570746026,-2.6974136556653594,-2.320014853878638
1979-10-01,99.3274869598,-2.6800537340568864,-2.417177806703308
1979-11-01,99.0798171769471,-2.7760954812490857,-2.491903457445843
1979-12-01,98.8230491073594,-2.928341290755354,-2.5699533407841924
1980-01-01,98.5585437489339,-3.060824646326521,-2.6761483199640335
1980-02-01,98.2710640179644,-3.2252969907553664,-2.810100519562675
1980-03-01,97.9969907736056,-3.301895462554616,-2.908947520258709
1980-04-01,97.846347834131,-2.8592687722930554,-2.8515614080813823
1980-05-01,97.9012779169469,-1.49669334627468,-2.571202598930422
1980-06-01,98.1915843201718,0.7966527218894459,-2.0464395383192335
1980-07-01,98.6529469943372,3.338409410650756,-1.3513649390471283
1980-08-01,99.1707850977498,5.2886513038566285,-0.610199368775588
1980-09-01,99.622129884427,5.956162452802682,0.062347101486581735
1980-10-01,99.9179835306588,5.228744962953846,0.5944946247334215
1980-11-01,100.03543479793,3.5333939350091104,0.9644927172970608
1980-12-01,100.015442878048,1.5885962641266849,1.2065947989453596
1981-01-01,99.927098066629,0.0364930630834425,1.3885699459818879
1981-02-01,99.8166681904917,-0.8718911470465662,1.572796822719602
1981-03-01,99.7068034703538,-1.228665022480624,1.7447604087132085
1981-04-01,99.5697657981242,-1.4227177534182012,1.7613513453917928
1981-05-01,99.378824120992,-1.7430819913067386,1.509220548988699
1981-06-01,99.1474048112166,-2.225358822442458,0.9734240440893327
1981-07-01,98.9057831864093,-2.6408434953242965,0.2562885344789656
1981-08-01,98.657864152675,-2.8704399217746923,-0.5172097251919805
1981-09-01,98.3842025910734,-3.043690592049209,-1.2426227935396827
1981-10-01,98.0963468043626,-3.2335983698420723,-1.8231319947897617
1981-11-01,97.8133614678362,-3.380252084035662,-2.2212862218096485
1981-12-01,97.5573521628426,-3.319577886794089,-2.4577111738660506
1982-01-01,97.3164510365874,-3.142397765039451,-2.612551630690696
1982-02-01,97.0734907444506,-2.991486123003362,-2.748215799796061
1982-03-01,96.8547795289006,-2.8496857746861397,-2.8604105659662538
1982-04-01,96.7026341902733,-2.499202589845506,-2.879520288984061
1982-05-01,96.6320105363678,-1.8067862443713945,-2.7639827789469495
1982-06-01,96.6484482817186,-0.8494071559720151,-2.5204457285152193
1982-07-01,96.7411188126986,0.1592825360207328,-2.188612540108914
1982-08-01,96.8975085714754,1.1035441755690378,-1.7843033561677601
1982-09-01,97.1209713644573,1.9700252307408128,-1.2839777051064094
1982-10-01,97.4061699373068,2.77830358826745,-0.7035704076037042
1982-11-01,97.76330414793,3.62225576571884,-0.05117636195609565
1982-12-01,98.2004596136045,4.520628422875572,0.659209620294332
1983-01-01,98.7064949520474,5.447686032436527,1.4283750595645905
1983-02-01,99.257586855899,6.2554867409430726,2.249940838326414
1983-03-01,99.8259710559814,6.787419537887462,3.0676767233714264
1983-04-01,100.381143256453,6.961042859141919,3.803938845080279
1983-05-01,100.89091212723,6.746426129414562,4.407340349458355
1983-06-01,101.325662924617,6.146002052264521,4.839409970933928
1983-07-01,101.671125232163,5.240273930445505,5.096081666172836
1983-08-01,101.928235334798,4.17651575371667,5.191801974569588
1983-09-01,102.115857169927,3.156104541545401,5.142952891941155
1983-10-01,102.241710156116,2.2637938068164054,4.964305877052233
1983-11-01,102.311108762612,1.511008671235459,4.651852404456891
1983-12-01,102.325781694653,0.8248385558697002,4.200919320826668
1984-01-01,102.288845496585,0.1845350427976511,3.6292956671979404
1984-02-01,102.19003943212,-0.4724984462480042,2.9543863286524363
1984-03-01,102.022869811063,-1.17886022436563,2.2007286599291964
1984-04-01,101.794765875805,-1.9181420911081992,1.4082551498148188
1984-05-01,101.532219228766,-2.5501335256757685,0.6356440714177181
1984-06-01,101.256728345435,-2.970136298006232,-0.06803269496820086
1984-07-01,100.996914761933,-3.0984692781080403,-0.6631287582295031
1984-08-01,100.76955869456,-2.9709205191296606,-1.1367572846053497
1984-09-01,100.589411238552,-2.610194009107492,-1.4948177233971571
1984-10-01,100.462047095885,-2.101584014011604,-1.7406428917450367
1984-11-01,100.37549263531,-1.5550749746755632,-1.8918924354471844
1984-12-01,100.310884505385,-1.1029869851180818,-1.969100216874553
1985-01-01,100.260812234201,-0.7988331362191459,-1.9826533895640708
1985-02-01,100.213717601775,-0.6431225410756025,-1.9339671863594643
1985-03-01,100.174910759883,-0.5411078670133351,-1.8113184373290458
1985-04-01,100.143214640406,-0.4683419358758267,-1.6224323728137202
1985-05-01,100.115050756623,-0.3932444673476531,-1.3957820314652203
1985-06-01,100.090696829416,-0.335843756829135,-1.1515595408545076
1985-07-01,100.060893588383,-0.3284080782572696,-0.926781947504407
1985-08-01,100.033873148479,-0.3239430132618182,-0.7300672500818561
1985-09-01,100.014483911114,-0.3042277362740986,-0.5715584974193111
1985-10-01,100.008631222038,-0.2087586202232816,-0.4513305143127644
1985-11-01,100.022234280613,-0.0465315853386938,-0.35193685771532923
1985-12-01,100.051349407155,0.1475221693001183,-0.2587307444348874
1986-01-01,100.075842319586,0.2690923021892555,-0.1844887453962829
1986-02-01,100.084817854497,0.250513643633532,-0.1286248533261869
1986-03-01,100.078793938436,0.1097669376566301,-0.09594899632843212
1986-04-01,100.06587125959,-0.0398480578870819,-0.07723277217904778
1986-05-01,100.050385011344,-0.1375436503841087,-0.06459143234737175
1986-06-01,100.022141097209,-0.2262407524669107,-0.06849361067376991
1986-07-01,99.9776386019839,-0.3522320924129851,-0.08320432030277658
1986-08-01,99.9303883002368,-0.4788827319930133,-0.10344980653563818
1986-09-01,99.8889320110534,-0.5316551311512985,-0.12553371786848677
1986-10-01,99.8631753752332,-0.4571694508098689,-0.14544329327123018
1986-11-01,99.8732523914886,-0.228506769973058,-0.14894877143658558
1986-12-01,99.9432184300692,0.2175644021408018,-0.10807548096705144
1987-01-01,100.082492402881,0.8813682245897292,0.00664504353984352
1987-02-01,100.270305014477,1.599734295175148,0.18532996707818494
1987-03-01,100.46640733084,2.1104442993733485,0.38730821700594387
1987-04-01,100.645651206072,2.2698473713988365,0.5793982895306415
1987-05-01,100.793921284482,2.105237800240589,0.7431618309651444
1987-06-01,100.897139056545,1.725988579549398,0.8748042680726265
1987-07-01,100.938313913406,1.168224201339796,0.9608901798997316
1987-08-01,100.898537514907,0.4158156248077693,0.9688236292662467
1987-09-01,100.782357916563,-0.4542662996043778,0.8944193190600247
1987-10-01,100.616796026553,-1.2680416068957423,0.7546532027327357
1987-11-01,100.449528984998,-1.7681929746407477,0.5770079372708015
1987-12-01,100.333455776111,-1.769801038896457,0.39045905482306686
1988-01-01,100.275011185471,-1.3518509171233315,0.19236010012122495
1988-02-01,100.265984450477,-0.7288917385534055,-0.004308916781869954
1988-03-01,100.295770655719,-0.1501548758208293,-0.16984450788519734
1988-04-01,100.350915251407,0.3031275406686351,-0.2928451961243028
1988-05-01,100.419755899177,0.614866767955613,-0.3712182049639079
1988-06-01,100.483054153322,0.7490195241460995,-0.41040301746408936
1988-07-01,100.521456011147,0.6815124257311123,-0.4129828269339164
1988-08-01,100.538772864686,0.4749213701744859,-0.35656081751220814
1988-09-01,100.543074806468,0.2391426195327062,-0.23742559217864168
1988-10-01,100.541973762434,0.0816702617357334,-0.0743635924356667
1988-11-01,100.536161125698,-0.0103905673242143,0.08624444691318622
1988-12-01,100.518919914347,-0.0960630613372037,0.18484775272751275
1989-01-01,100.470266178995,-0.2849791120413614,0.19471949313758508
1989-02-01,100.373431873939,-0.6458754036510306,0.10716238817269907
1989-03-01,100.234910561001,-1.1253918990005718,-0.06068061925253998
1989-04-01,100.078945358253,-1.5488782413079938,-0.2710188466867991
1989-05-01,99.929590458318,-1.7570631665249858,-0.4881165428754275
1989-06-01,99.814309486162,-1.6679263163548952,-0.665529797829989
1989-07-01,99.7440038992101,-1.3320034381708925,-0.7734190716961797
1989-08-01,99.7169640599972,-0.8483922805162081,-0.8174048491668584
1989-09-01,99.7198387569836,-0.3780487765435936,-0.8187894104780602
1989-10-01,99.7330891644948,-0.0437638067915968,-0.8045242873891412
1989-11-01,99.7544883981035,0.1506083738663566,-0.7775040531109889
1989-12-01,99.7817634761394,0.2486262532155558,-0.7333509341681421
1990-01-01,99.812640085419,0.3194372158450642,-0.6545479758204187
1990-02-01,99.8398419524206,0.342694010390554,-0.5316047399759549
1990-03-01,99.838791317808,0.2288063374538573,-0.3951908980373897
1990-04-01,99.7703123736819,-0.1695207915063612,-0.30838952535547914
1990-05-01,99.6147191409749,-0.8988897711384447,-0.31509317300209005
1990-06-01,99.354417152698,-1.9265481420796091,-0.4607478986044189
1990-07-01,98.9947259149639,-3.073417055055372,-0.7512010295910532
1990-08-01,98.5640980041676,-4.152464996697525,-1.156138342856028
1990-09-01,98.1289091394704,-4.843345659611664,-1.5953993080457085
1990-10-01,97.7520528965667,-4.927411809756044,-1.9863380193314573
1990-11-01,97.4931213641482,-4.275987929351432,-2.266932616536077
1990-12-01,97.3925966376717,-2.9677960572576767,-2.3943922769404824
1991-01-01,97.4498872073366,-1.230736373365482,-2.3671880395713107
1991-02-01,97.6489885403437,0.641035435745918,-2.194367868812308
1991-03-01,97.9420838624858,2.275963697339312,-1.8997700495838155
1991-04-01,98.2733455388161,3.4231119107033248,-1.5004130980957875
1991-05-01,98.6042546297024,3.97085643377928,-1.014372695105925
1991-06-01,98.9055208515475,3.9931605062331066,-0.4518131292145844
1991-07-01,99.1349495763629,3.5533601859929265,0.14164760809525223
1991-08-01,99.2579943878363,2.678464217586396,0.7040052085084403
1991-09-01,99.2806940657042,1.5259544750073184,1.1737467952454006
1991-10-01,99.2325263862129,0.3942947247743467,1.5145190773770523
1991-11-01,99.1629219089638,-0.3825826684211164,1.7127367771708757
1991-12-01,99.129838343969,-0.6064108893040321,1.7837512976066616
1992-01-01,99.1735370768509,-0.2375702104221666,1.7687551201029272
1992-02-01,99.286559508719,0.4996586185329832,1.6769973686913797
1992-03-01,99.4399926825428,1.2573932697157897,1.5293822236415844
1992-04-01,99.5796124947689,1.647924703786674,1.3292179571080531
1992-05-01,99.6687087935515,1.5484926272777422,1.0795215357050747
1992-06-01,99.6963624820472,1.035249226836199,0.7995930092585368
1992-07-01,99.6877988823872,0.4352811513028687,0.5576734626756785
1992-08-01,99.6800688621194,0.0455991095088315,0.4252297025405305
1992-09-01,99.712005936216,0.0627791670992472,0.43443680019639164
1992-10-01,99.8052406966944,0.4720718695800707,0.577143736371788
1992-11-01,99.9395347332579,1.0452669726544794,0.7831685566981106
1992-12-01,100.05970340911,1.4021194002405537,0.9380274200735395
1993-01-01,100.118191068034,1.2601558164975213,0.9525262676182145
1993-02-01,100.102757304137,0.6548874687709594,0.822062723752981
1993-03-01,100.019470415249,-0.1607389711373308,0.5827411256516868
1993-04-01,99.8968729773654,-0.8812996363966707,0.31859983650084356
1993-05-01,99.7541688087246,-1.385663652720781,0.08574407776278381
1993-06-01,99.6338917873101,-1.533120389331044,-0.06266095691138673
1993-07-01,99.5676511247262,-1.3117445294891006,-0.12052403504541065
1993-08-01,99.5789018633791,-0.7009454349135913,-0.1014917022983175
1993-09-01,99.6731021077141,0.1575105508903274,-0.03901619282113966
1993-10-01,99.8411834719996,1.1034169530398596,0.036012913805238966
1993-11-01,100.055001467593,1.926211003122158,0.11553659384475612
1993-12-01,100.291813994486,2.506179296016509,0.23197209013001707
1994-01-01,100.513474440453,2.7207686858998548,0.3948167343039488
1994-02-01,100.694128371727,2.5796887497888887,0.5907640144149795
1994-03-01,100.829480806571,2.1617156216844347,0.809852709636516
1994-04-01,100.915442381249,1.6092794333300686,1.0196209085687524
1994-05-01,100.953911475023,1.0359696970289043,1.2026992762566913
1994-06-01,100.950410278456,0.4806022976681756,1.3213560842893601
1994-07-01,100.918345286281,0.0115067831923942,1.3565592301286733
1994-08-01,100.871526901451,-0.3260251373638057,1.2980912762478258
1994-09-01,100.811061140325,-0.5510066681834291,1.1416911970705268
1994-10-01,100.730193050154,-0.7436772870463293,0.8904237181881269
1994-11-01,100.608221973067,-1.040038838039381,0.5529163933430947
1994-12-01,100.435076580356,-1.4835133162367065,0.1428457420042939
1995-01-01,100.205704574674,-2.066535365978384,-0.30619761926677924
1995-02-01,99.9218353506049,-2.701148379294227,-0.7669692698178743
1995-03-01,99.6116122364277,-3.2394747843763394,-1.2078496888024537
1995-04-01,99.3228741421742,-3.47777390754348,-1.5781214465257154
1995-05-01,99.094715993014,-3.2701800862717345,-1.8416279813674996
1995-06-01,98.9425346203518,-2.659796712967233,-1.988972261297206
1995-07-01,98.8541464351604,-1.8743721845888128,-2.0454148799853633
1995-08-01,98.7984016636521,-1.190731147861357,-2.055213499270514
1995-09-01,98.7497452277197,-0.7771244194087812,-2.0447318868472397
1995-10-01,98.7088177424492,-0.5867574938329789,-2.0067223604925966
1995-11-01,98.6889484480561,-0.4424017491050591,-1.9076706529260634
1995-12-01,98.7034721627413,-0.1873039791350006,-1.724103248160791
1996-01-01,98.7627223602666,0.2186179142959377,-1.440020027334954
1996-02-01,98.8731641382742,0.7487449361435639,-1.0494915437162633
1996-03-01,99.0238631191802,1.3047334971332258,-0.5900407633725235
1996-04-01,99.1830085299909,1.71310218877605,-0.14081913495886944
1996-05-01,99.332037056779,1.8693738766794032,0.2394891204710925
1996-06-01,99.4534316138061,1.746535815398187,0.5163572930637406
1996-07-01,99.5387342384944,1.442360100161677,0.6925231040086244
1996-08-01,99.606467550966,1.1096918034520398,0.8178936842165418
1996-09-01,99.670792824186,0.8770932439867263,0.9327088331644084
1996-10-01,99.736301585573,0.7962983791139244,1.0409240700306244
1996-11-01,99.8105143146156,0.8219330292372984,1.1364655153356162
1996-12-01,99.8901354617587,0.8831784947509025,1.2022508155142164
1997-01-01,99.9834618710598,0.9949458568431212,1.2360326665968202
1997-02-01,100.097980189496,1.1570330672885376,1.2387750123065588
1997-03-01,100.221464746636,1.3333906464682244,1.209407096160664
1997-04-01,100.349560761311,1.4727018038670048,1.1761613693814787
1997-05-01,100.477533203302,1.5253745083863235,1.1531990890997434
1997-06-01,100.600012337473,1.5194258908236558,1.152882012276124
1997-07-01,100.70707383249,1.432704500856108,1.1737537180212199
1997-08-01,100.783949185946,1.2254301735770134,1.1821337147384536
1997-09-01,100.835299185697,0.9388212835472752,1.168352662314165
1997-10-01,100.862350326077,0.6181730022797094,1.1290259640697187
1997-11-01,100.860293745478,0.3033473138811526,1.0517723889823527
1997-12-01,100.828252897064,-0.0279487446992354,0.939149227267233
1998-01-01,100.782197394464,-0.3174918628973455,0.7988676411647688
1998-02-01,100.721887257272,-0.547774943773105,0.6232963608205466
1998-03-01,100.630731210325,-0.7812970026965793,0.4083620856306869
1998-04-01,100.506196466097,-1.0909435385650368,0.15609007513104345
1998-05-01,100.349716138185,-1.4698430565480036,-0.1272095970532794
1998-06-01,100.171636129469,-1.812420166933504,-0.4258212280998319
1998-07-01,99.9996358565086,-2.000846952167868,-0.7024709874483115
1998-08-01,99.8554215721068,-1.9557779671053652,-0.9213050503965259
1998-09-01,99.7680681957976,-1.601793372264737,-1.0583902646373877
1998-10-01,99.7688343375928,-0.9200181687988862,-1.0841666736388533
1998-11-01,99.8607961369168,0.0215311243295657,-0.990972335539142
1998-12-01,100.010962138128,0.9773965020533072,-0.810577130370782
1999-01-01,100.196551890266,1.725893332482098,-0.5811001539347105
1999-02-01,100.385526051868,2.118470199725797,-0.3339504595906151
1999-03-01,100.555403288476,2.195371588445028,-0.07485578306248852
1999-04-01,100.70406219835,2.0415044520829984,0.19686918738364145
1999-05-01,100.831382762097,1.7884486114351228,0.4799880283156144
1999-06-01,100.928026981334,1.490521741361461,0.7550948363141297
1999-07-01,100.997123461878,1.1691405789211906,0.9974912376688128
1999-08-01,101.047387526541,0.8596524239496528,1.193691775236716
1999-09-01,101.091721099633,0.650335866726337,1.3267300126907466
1999-10-01,101.137582771264,0.5574518834096542,1.3719198412599276
1999-11-01,101.185679031165,0.5485571146503165,1.3267297533174904
1999-12-01,101.219732126176,0.5074772823072449,1.20863749553628
2000-01-01,101.216121089667,0.3109817218564625,1.0175691480058369
2000-02-01,101.159730442481,-0.1025386558632046,0.7712310938261968
2000-03-01,101.075195173605,-0.5699586684776659,0.516920889509831
2000-04-01,100.970527032001,-0.967046055923404,0.26460187189485396
2000-05-01,100.840777924278,-1.2552315771616973,0.009317696458821523
2000-06-01,100.69391438826,-1.5003830609993996,-0.23195994222426908
2000-07-01,100.530533931473,-1.731695229126495,-0.4619829896255645
2000-08-01,100.337727748863,-1.980541783147871,-0.7023039338761694
2000-09-01,100.112789764444,-2.288572356866314,-0.9683595496649988
2000-10-01,99.8408089187606,-2.716226586159043,-1.282187903814369
2000-11-01,99.5306994464324,-3.1786403228411086,-1.6355867753013453
2000-12-01,99.1961796295211,-3.612319206400383,-1.9991680022749203
2001-01-01,98.8905664332889,-3.753023879588646,-2.2976129013261626
2001-02-01,98.6558656938798,-3.469751763121032,-2.4751595695728823
2001-03-01,98.503848983607,-2.7626718169330267,-2.5439932968533974
2001-04-01,98.4270449619605,-1.861745650742808,-2.5190341625476287
2001-05-01,98.4027398453084,-1.022355142450726,-2.4177105027891943
2001-06-01,98.3815540620327,-0.4956856533193887,-2.2964251020286985
2001-07-01,98.3411848682728,-0.3484725668491117,-2.1777951211246704
2001-08-01,98.2842158250323,-0.4809217826471812,-2.0465999877637975
2001-09-01,98.2472419436854,-0.5449693174616188,-1.863446044354633
2001-10-01,98.2932770149152,-0.1947214959154619,-1.549999364593091
2001-11-01,98.4456282543502,0.6585411323142276,-1.0901874478096873
2001-12-01,98.6851727014042,1.7949309601886343,-0.5151477909990265
2002-01-01,98.9624882978515,2.751263056662201,0.07272874163493093
2002-02-01,99.2252619248937,3.205603191294881,0.5771539553265814
2002-03-01,99.4229675462914,3.024203316994134,0.9330788310996541
2002-04-01,99.5054402184819,2.212703447351916,1.0956290082041686
2002-05-01,99.4549463419619,0.9291309351292076,1.0692857722331528
2002-06-01,99.2791161216081,-0.5774904100182443,0.9123275883703208
2002-07-01,99.0253124172772,-1.9161321766400063,0.6956673848508066
2002-08-01,98.75402255093,-2.7893986970424,0.4780083169550364
2002-09-01,98.5020703528878,-3.0941875431330867,0.2593746187282031
2002-10-01,98.3035239480896,-2.883849117269499,0.010424856598123533
2002-11-01,98.1722605571426,-2.335667472586833,-0.2776839378802243
2002-12-01,98.0841832575256,-1.686199401059485,-0.6089966987209317
2003-01-01,98.0201218652979,-1.1481944209457584,-0.9522460972457791
2003-02-01,97.990020414663,-0.7404671026225329,-1.2448861169705894
2003-03-01,98.0228961224631,-0.2497027136186602,-1.4081971785608105
2003-04-01,98.1430347217304,0.5025263722166828,-1.3691768950120586
2003-05-01,98.3447118538757,1.4557477893692106,-1.1163190257715505
2003-06-01,98.6034321350291,2.3901097579251296,-0.6805902519834595
2003-07-01,98.9062466249205,3.147083666881389,-0.12023773462584986
2003-08-01,99.2433961001136,3.705650668210758,0.49554796507778054
2003-09-01,99.6044879584585,4.123198694757724,1.119182167056243
2003-10-01,99.9704426315906,4.373819176078797,1.6956855833380136
2003-11-01,100.311442652908,4.374747046185701,2.1790086971871903
2003-12-01,100.597304483945,4.047044106480024,2.5622084447816107
2004-01-01,100.812574089436,3.412337668449928,2.8488561032147697
2004-02-01,100.94131275036,2.5354137971607797,3.0118294936648304
2004-03-01,101.001053173355,1.6150964610646357,3.03822593363412
2004-04-01,101.002896778355,0.7572957271367864,2.913973533357006
2004-05-01,100.964998507114,0.0938925566304815,2.664389984823612
2004-06-01,100.895888960115,-0.415837559954002,2.324925994408167
2004-07-01,100.800894996557,-0.7975874058370302,1.9156003147319245
2004-08-01,100.694634660315,-1.0668244187556186,1.4623023971664928
2004-09-01,100.601379062302,-1.1624771613358398,1.0008495844677778
2004-10-01,100.537994235042,-1.0391734472275038,0.5677194063678836
2004-11-01,100.512337691921,-0.7221934801079688,0.20027130873605525
2004-12-01,100.500397822121,-0.4009062262848806,-0.0963312708239239
2005-01-01,100.469647099913,-0.2716484338940006,-0.34016291382339414
2005-02-01,100.413917147742,-0.3911005647817545,-0.5224774557096468
2005-03-01,100.343341867109,-0.6236320868929224,-0.6511925228315452
2005-04-01,100.290525913144,-0.7112306839091143,-0.7052974597097528
2005-05-01,100.278612698486,-0.5378984158248223,-0.6798255026762012
2005-06-01,100.305514740821,-0.1507055317395589,-0.5851320855375874
2005-07-01,100.348319460797,0.2307038380638504,-0.44897967996758714
2005-08-01,100.40999220536,0.5250887230687562,-0.282678869549724
2005-09-01,100.503382138377,0.7913967732800842,-0.09741111388175128
2005-10-01,100.639325163383,1.1650379748343598,0.10078869099388044
2005-11-01,100.804512759753,1.5809255880412154,0.29068577504141047
2005-12-01,100.96245953718,1.8396691758360677,0.45976108062459886
2006-01-01,101.084204998482,1.7799739770890666,0.611685137062179
2006-02-01,101.160548334217,1.4202787350040325,0.7435534910728236
2006-03-01,101.186567678922,0.8908476784608821,0.8403405708071077
2006-04-01,101.159655300837,0.2988986053184206,0.866611656265226
2006-05-01,101.102361501544,-0.2298787418452019,0.8214601108760933
2006-06-01,101.0505783843,-0.5364957023398675,0.7427942974064461
2006-07-01,101.021765989873,-0.5441206148048994,0.6711089260833081
2006-08-01,101.035027997918,-0.2661313424767941,0.6224836580802195
2006-09-01,101.095983373722,0.179852909334488,0.5896331274992228
2006-10-01,101.185767676747,0.6509547140254979,0.5429711620948074
2006-11-01,101.291349859608,1.0186523829282423,0.48295169187047016
2006-12-01,101.403529334997,1.2224113607538722,0.4368651475398888
2007-01-01,101.511370359827,1.293374298206773,0.42258368787826406
2007-02-01,101.615466915332,1.286096260266234,0.449699599899378
2007-03-01,101.722264414863,1.2632342176093658,0.5294148702037482
2007-04-01,101.823281875058,1.234746671697251,0.656019014939746
2007-05-01,101.899695985037,1.123544795871867,0.7886408108091825
2007-06-01,101.938773718608,0.8540963006174129,0.8789611583717605
2007-07-01,101.925839552116,0.403494074395172,0.8949294772115035
2007-08-01,101.857922547429,-0.1638778483238789,0.8144646127360433
2007-09-01,101.760051205193,-0.6994514157133036,0.6568686601683416
2007-10-01,101.65082134541,-1.07492710344409,0.45960383494709767
2007-11-01,101.53523023994,-1.2612159028260297,0.24077118201113468
2007-12-01,101.423955468665,-1.314599579381004,0.020143414930373638
2008-01-01,101.307555115371,-1.343939439394748,-0.20078070440141538
2008-02-01,101.173703238597,-1.416653891398334,-0.4347405863942777
2008-03-01,101.022414127855,-1.574235791022094,-0.6880010890769617
2008-04-01,100.834441295735,-1.8549846963297312,-0.9711340678808078
2008-05-01,100.581994179768,-2.318936169050956,-1.2931361497511173
2008-06-01,100.231479748433,-3.0951312532050856,-1.6748229431205686
2008-07-01,99.7524231679366,-4.223661080521857,-2.1323507304230827
2008-08-01,99.1311417038728,-5.646185008534332,-2.6770434496997564
2008-09-01,98.3796372411536,-7.187964124802715,-3.3219460131982403
2008-10-01,97.5533292898497,-8.530866494183575,-4.030948300591685
2008-11-01,96.762555276563,-9.220270954800467,-4.7005112925814885
2008-12-01,96.0978471088608,-8.959682096062815,-5.251331734394549
2009-01-01,95.6163361558111,-7.708859886475727,-5.617763604183946
2009-02-01,95.3514554049042,-5.70688325543971,-5.754704678509437
2009-03-01,95.3191924436013,-3.201910831403354,-5.645501281562771
2009-04-01,95.5101319105443,-0.4435536170415033,-5.280248808614074
2009-05-01,95.8622769128311,2.160181334132361,-4.692407727074343
2009-06-01,96.3115583037428,4.229876151956247,-3.910868575949056
2009-07-01,96.8019537958122,5.520954813147627,-2.95779218030342
2009-08-01,97.2971968312304,6.123203802988586,-1.850018915469387
2009-09-01,97.7697741672254,6.195180943869616,-0.6199078295371918
2009-10-01,98.2033306449774,5.91766015567865,0.6663036104041398
2009-11-01,98.6000449366987,5.464704083181848,1.898967689395814
2009-12-01,98.9644683096735,4.978106435171847,2.9830233320059296
2010-01-01,99.2788256520029,4.45317739072677,3.8304014182509727
2010-02-01,99.5117420611444,3.750181450603729,4.363107661622778
2010-03-01,99.6665806626631,2.8681791214600016,4.560873951627387
2010-04-01,99.7283330608757,1.8234281138966637,4.41649599466809
2010-05-01,99.7061860126872,0.7838857993749393,4.0098245354128315
2010-06-01,99.6354621091272,-0.1248321445528,3.451199278597117
2010-07-01,99.5741231296491,-0.6170868913055294,2.8637534937407727
2010-08-01,99.5677499226737,-0.5542205431449343,2.3336264202778123
2010-09-01,99.6275581932041,-0.031727560845296,1.9001619281651783
2010-10-01,99.7427399547764,0.6790744505247748,1.5675734210728987
2010-11-01,99.9048002358506,1.360945167192695,1.323280633380608
2010-12-01,100.077679446217,1.81950038025398,1.1248594122287514
2011-01-01,100.224123956053,1.944523085881844,0.9521650743166798
2011-02-01,100.31212172754,1.6408392863358046,0.8043067579942553
2011-03-01,100.309545267625,0.9299690739401624,0.6451155449368917
2011-04-01,100.214469383808,-0.0385263623913778,0.487460592202571
2011-05-01,100.037142330215,-1.091994792035178,0.33193157893502967
2011-06-01,99.7972553372032,-2.027240008521547,0.16238518359936727
2011-07-01,99.5395232689234,-2.6669123665269745,-0.03474784375518958
2011-08-01,99.3216950915319,-2.8301833908860208,-0.2471230205893904
2011-09-01,99.2069981905606,-2.344918577115229,-0.42213219943413316
2011-10-01,99.2231942126293,-1.265122972103072,-0.5208857731226035
2011-11-01,99.352219320946,0.1229874445648926,-0.55310747191335
2011-12-01,99.5471290789006,1.3784676591762413,-0.5301385586198859
2012-01-01,99.742805598684,2.1112293553759542,-0.48024201995525706
2012-02-01,99.8818179294447,2.1493157629430604,-0.4289649054219691
2012-03-01,99.9385321261752,1.5820345878299502,-0.3698682318416746
2012-04-01,99.9178162615204,0.7036971397876624,-0.29601825376278645
2012-05-01,99.8394114900208,-0.1697183388817857,-0.19765742562048993
2012-06-01,99.7384405366246,-0.7984566831432338,-0.05893428669944134
2012-07-01,99.6610059942162,-1.0241291728936286,0.12204471279673168
2012-08-01,99.6289460867429,-0.8405531679871348,0.30934932687953776
2012-09-01,99.6536160946491,-0.3397538282529644,0.4501879022996036
2012-10-01,99.7137560865766,0.2118862324137715,0.49440242056313366
2012-11-01,99.7948342025942,0.6676890716743378,0.4455007494280405
2012-12-01,99.9012173050886,0.997557505469704,0.3556990839056251
2013-01-01,100.026480319193,1.2604016980596766,0.2844061973255041
2013-02-01,100.157335123933,1.4609207694107562,0.2758431916837223
2013-03-01,100.270929374491,1.4885483086667373,0.3326016915038643
2013-04-01,100.378075069692,1.413437279411056,0.46063737718902154
2013-05-01,100.483229988537,1.307897925761492,0.6448540600427766
2013-06-01,100.565952627903,1.182108769839485,0.8296822035978701
2013-07-01,100.614329905377,0.944788936355323,0.9565666146457819
2013-08-01,100.638732412332,0.6204568348674444,1.0135471318846623
2013-09-01,100.647102472104,0.3231635299531854,0.9969396158302057
2013-10-01,100.647294772957,0.1311187854116546,0.9362185550104707
2013-11-01,100.646971625427,0.0327517040783709,0.853889311648004
2013-12-01,100.63758867591,-0.0378051512252786,0.7370994975692824
2014-01-01,100.62338578409,-0.0949870369382988,0.5967474442689857
2014-02-01,100.633175373745,-0.0548189976217639,0.47509276202608586
2014-03-01,100.669462638324,0.1267483004124603,0.39745643759274696
2014-04-01,100.716666676639,0.3713279304842665,0.33731629811779573
2014-05-01,100.760883724623,0.5085863910026855,0.276318482315574
2014-06-01,100.797327655782,0.5090275899071406,0.2300729241188515
2014-07-01,100.818214622111,0.4039118100828576,0.20263983959913912
2014-08-01,100.826289939135,0.2599021552032621,0.18636713947721706
2014-09-01,100.821894930231,0.0975274171704843,0.17366864403816074
2014-10-01,100.797358653016,-0.0827211568689145,0.1490987715045078
2014-11-01,100.753793281875,-0.28730008563147,0.10613499315763608
2014-12-01,100.686372770079,-0.5365864507843487,0.048475022912275456
2015-01-01,100.600045113713,-0.7807146052780767,-0.023196069378039752
2015-02-01,100.505386481178,-0.9825521696893436,-0.12698485573212626
2015-03-01,100.410877254552,-1.089986115410646,-0.25686576345502754
2015-04-01,100.319469883495,-1.1109482794416592,-0.39437047139301296
2015-05-01,100.223563419777,-1.1169148748026658,-0.5332627950291546
2015-06-01,100.11871467055,-1.1587984023569642,-0.6732450165240711
2015-07-01,99.9792425971606,-1.3496897737217073,-0.8321631444229038
2015-08-01,99.8156760860137,-1.6179990195020144,-1.0023316872329269
2015-09-01,99.6544232548293,-1.8421000581690272,-1.1579545060223184
2015-10-01,99.5195154739625,-1.8266429185683888,-1.2677347860397203
2015-11-01,99.4058443226419,-1.6322669853624403,-1.337864228557628
2015-12-01,99.3036569803211,-1.400514499525496,-1.373289901817587
2016-01-01,99.2178179397041,-1.2071135617524709,-1.373982658205064
2016-02-01,99.1597325587472,-0.9866593968089644,-1.338887366681396
2016-03-01,99.1384143858903,-0.6639457519128533,-1.2672560019925672
2016-04-01,99.139746138837,-0.3143778081528436,-1.1759668846217597
2016-05-01,99.1501778945094,-0.0385369468107854,-1.070991180758385
2016-06-01,99.1585577791127,0.0812985901298191,-0.9590183959080956
2016-07-01,99.1743660112366,0.1397542842414889,-0.8050436920862047
2016-08-01,99.2106486421,0.244179454522353,-0.6061447135741749
2016-09-01,99.2789429647635,0.4865121053266863,-0.3767823622897737
2016-10-01,99.3806989122615,0.8348032593592292,-0.13948677406626642
2016-11-01,99.5017060611854,1.1786668327696814,0.09643471085298838
2016-12-01,99.6245647057766,1.3998165280385777,0.323158013726621
2017-01-01,99.72477760863,1.3921002643396685,0.5109562772626086
2017-02-01,99.7933140623984,1.1774367911532302,0.6389503957928033
2017-03-01,99.8338305692081,0.8428690107351144,0.701459860565179
2017-04-01,99.8568982335156,0.5309950869090141,0.7233749556653901
2017-05-01,99.8783652028707,0.3413452423803198,0.7344286453384363
2017-06-01,99.9090384040629,0.3016727360217519,0.7568490725954113
2017-07-01,99.9494070140122,0.3710806709441572,0.7814932768895
2017-08-01,100.018387421265,0.5619513090171502,0.8141654048436919
2017-09-01,100.107853667959,0.7983642209880459,0.8349310321421388
2017-10-01,100.205074143845,1.0271187912961333,0.8295124109675589
2017-11-01,100.296617831399,1.1173686792171678,0.7988926036351485
2017-12-01,100.382773851078,1.1030293548361492,0.7610664573949544
2018-01-01,100.472597345571,1.072186992595947,0.7498835844746754
2018-02-01,100.55966335467,1.0532046413616492,0.767936509045497
2018-03-01,100.619933697113,0.9483763649107856,0.7874115652208191
2018-04-01,100.644682962209,0.6868668222557606,0.7889136781028094
2018-05-01,100.640031597407,0.3200672635410351,0.7625939741697119
2018-06-01,100.610474823007,-0.0375970846180906,0.7020750376029783
2018-07-01,100.556395399849,-0.3504266940738798,0.6072956348322389
2018-08-01,100.480012244897,-0.634491480788224,0.46153995833555506
2018-09-01,100.369222471154,-0.9557096137508548,0.26108721106130606
2018-10-01,100.226433496404,-1.306098395877875,0.02131563969338668
2018-11-01,100.071400856636,-1.6167420557878345,-0.22455091670349203
2018-12-01,99.9296055801363,-1.7405217409242502,-0.4514402756134239
2019-01-01,99.8139076058756,-1.6362389062045013,-0.6555914319900324
2019-02-01,99.7258490627862,-1.3740832840141604,-0.8291737104796804
2019-03-01,99.6600837818031,-1.0744898210964693,-0.9539361437061245
2019-04-01,99.5923025011455,-0.8851199038318325,-1.045639401992715
2019-05-01,99.5173821161348,-0.8335419152572743,-1.1155098656597917
2019-06-01,99.4398995950736,-0.8808162950742382,-1.1634725211193575
2019-07-01,99.3654697500542,-0.9079375233368658,-1.1843360584468443
2019-08-01,99.3046342444613,-0.8523802438624828,-1.169762994824275
2019-09-01,99.2835824793034,-0.6273092086580556,-1.0816463106134044
2019-10-01,99.2951573040242,-0.282745506055182,-0.9291722352000154
2019-11-01,99.3115396231897,0.0278178318129818,-0.7593190731234878
2019-12-01,99.307635626193,0.0969420668765597,-0.622408094510607
2020-01-01,99.2567058640505,-0.1548075924610259,-0.5582405850948713
2020-02-01,99.1538192595896,-0.6337432263848086,-0.5736023393859035
2020-03-01,97.5537015564293,-6.879683594759278,-2.1135665809648874
2020-04-01,93.4397309246839,-21.46072540439654,-6.177758141891365
2020-05-01,94.7901813357859,-16.47516481603826,-4.750125736660104
2020-06-01,96.4864408480993,-4.3048042348106,-2.970094256934075
2020-07-01,97.860835074851,20.312112664895054,-1.514243005128435
2020-08-01,98.4975506398166,16.586511464436327,-0.8127350861168114
2020-09-01,98.7623186351036,9.774119578037222,-0.525025216841335
2020-10-01,99.0872536888634,5.107933333672654,-0.20937941064359533
2020-11-01,99.4448021550784,3.902651031951177,0.13418635175159732
2020-12-01,99.8207263589832,4.356088852379392,0.5166679576598998
2021-01-01,100.158359940766,4.394507908250467,0.9084062067810983
2021-02-01,100.501110478659,4.31700017843728,1.358789030145302
2021-03-01,100.804211992246,3.999634507391625,3.332021629068027
2021-04-01,101.058664198025,3.644293527507747,8.153847617008081
2021-05-01,101.13869856862,2.56188678212863,6.697441806071702
2021-06-01,101.15321881301,1.3920986474172503,4.836718946092855
2021-07-01,101.116376197603,0.2286254448924385,3.3267048255432696
2021-08-01,101.056459936794,-0.3248544094113681,2.597942060848557
2021-09-01,101.002401405636,-0.5950594384246055,2.2681553060826865
2021-10-01,100.955011949208,-0.6368044468211931,1.884963192349054
2021-11-01,100.90514214813,-0.5975996481353052,1.4684930347332426
2021-12-01,100.832577928956,-0.6708579098079648,1.0136688109580572
2022-01-01,100.72249347228,-0.918097691908082,0.5632415824776027
2022-02-01,100.574126370221,-1.3057432028523164,0.07265182565072692
2022-03-01,100.384383659681,-1.7661546776501225,-0.41647895883287767
2022-04-01,100.156196103813,-2.230045503850808,-0.8930140739280001
2022-05-01,99.894968316037,-2.6738870412921,-1.2297273646834306
2022-06-01,99.6360232522309,-2.9487990526558483,-1.499898449681325
2022-07-01,99.418916758849,-2.912164221181313,-1.6787186236152385
2022-08-01,99.2529109285476,-2.5462495756834347,-1.784694426634803
2022-09-01,99.1210548717951,-2.051425516780969,-1.8626750529279201
2022-10-01,99.0120587655678,-1.6269229208060176,-1.9245732788558567
2022-11-01,98.9238871282285,-1.319422623058808,-1.9634827103191532
2022-12-01,98.8603482908921,-1.0479300257428603,-1.9559448727508255
2023-01-01,98.8104676186503,-0.8119266173657658,-1.8983106828624141
2023-02-01,98.7554032937108,-0.6795280449606422,-1.8083409144568074
2023-03-01,98.688551253464,-0.693300163653221,-1.6893388636684215
2023-04-01,98.6166271799908,-0.7823899315212324,-1.537167927410521
